timestamp,city,aqi,temperature,humidity
2025-11-04 18:25:17.554219,New York,108,18.504,70.168
2025-11-04 19:25:17.554219,New York,90,5.838,80.088
2025-11-04 20:25:17.554219,New York,84,31.833,62.783
2025-11-04 21:25:17.554219,New York,158,23.14,89.153
2025-11-04 22:25:17.554219,New York,97,13.632,76.499
2025-11-04 23:25:17.554219,New York,92,15.159,42.505
2025-11-05 00:25:17.554219,New York,155,36.729,47.651
2025-11-05 01:25:17.554219,New York,115,37.891,53.314
2025-11-05 02:25:17.554219,New York,121,24.092,48.148
2025-11-05 03:25:17.554219,New York,76,11.49,29.403
2025-11-05 04:25:17.554219,New York,96,27.913,34.736
2025-11-05 05:25:17.554219,New York,99,18.665,29.091
2025-11-05 06:25:17.554219,New York,114,14.584,46.654
2025-11-05 07:25:17.554219,New York,124,27.299,76.014
2025-11-05 08:25:17.554219,New York,121,34.481,81.79
2025-11-05 09:25:17.554219,New York,91,8.423,62.661
2025-11-05 10:25:17.554219,New York,130,7.884,74.873
2025-11-05 11:25:17.554219,New York,127,36.193,62.906
2025-11-05 12:25:17.554219,New York,87,14.656,83.829
2025-11-05 13:25:17.554219,New York,151,11.743,58.646
2025-11-05 14:25:17.554219,New York,102,12.79,65.872
2025-11-05 15:25:17.554219,New York,102,12.955,50.346
2025-11-05 16:25:17.554219,New York,49,32.209,25.117
2025-11-05 17:25:17.554219,New York,115,20.478,87.347
2025-11-05 18:25:17.554219,New York,76,14.901,30.594
2025-11-05 19:25:17.554219,New York,113,31.289,43.279
2025-11-05 20:25:17.554219,New York,113,22.738,35.424
2025-11-05 21:25:17.554219,New York,109,19.498,29.831
2025-11-05 22:25:17.554219,New York,106,25.706,34.213
2025-11-05 23:25:17.554219,New York,121,31.469,73.541
2025-11-06 00:25:17.554219,New York,101,11.524,72.022
2025-11-06 01:25:17.554219,New York,129,30.286,66.425
2025-11-06 02:25:17.554219,New York,109,13.762,34.12
2025-11-06 03:25:17.554219,New York,121,5.175,81.239
2025-11-06 04:25:17.554219,New York,86,36.287,34.515
2025-11-06 05:25:17.554219,New York,108,34.857,55.495
2025-11-06 06:25:17.554219,New York,69,27.052,61.843
2025-11-06 07:25:17.554219,New York,121,11.774,68.507
2025-11-06 08:25:17.554219,New York,111,31.041,40.447
2025-11-06 09:25:17.554219,New York,85,11.439,47.593
2025-11-06 10:25:17.554219,New York,69,30.752,28.463
2025-11-06 11:25:17.554219,New York,98,13.661,50.039
2025-11-06 12:25:17.554219,New York,125,25.63,48.823
2025-11-06 13:25:17.554219,New York,49,35.366,26.694
2025-11-06 14:25:17.554219,New York,156,31.779,49.093
2025-11-06 15:25:17.554219,New York,53,24.324,86.619
2025-11-06 16:25:17.554219,New York,146,20.197,50.635
2025-11-06 17:25:17.554219,New York,119,11.177,77.287
2025-11-06 18:25:17.554219,New York,66,30.605,53.889
2025-11-06 19:25:17.554219,New York,76,24.089,29.574
2025-11-06 20:25:17.554219,New York,147,22.676,26.321
2025-11-06 21:25:17.554219,New York,103,32.228,55.503
2025-11-06 22:25:17.554219,New York,150,5.06,65.591
2025-11-06 23:25:17.554219,New York,153,28.228,50.499
2025-11-07 00:25:17.554219,New York,70,28.686,75.572
2025-11-07 01:25:17.554219,New York,122,8.942,56.382
2025-11-07 02:25:17.554219,New York,114,19.859,66.015
2025-11-07 03:25:17.554219,New York,110,14.847,33.324
2025-11-07 04:25:17.554219,New York,109,28.252,86.323
2025-11-07 05:25:17.554219,New York,121,25.987,49.813
2025-11-07 06:25:17.554219,New York,124,14.528,79.084
2025-11-07 07:25:17.554219,New York,103,31.494,89.275
2025-11-07 08:25:17.554219,New York,104,20.146,86.324
2025-11-07 09:25:17.554219,New York,126,24.958,55.9
2025-11-07 10:25:17.554219,New York,111,7.049,56.853
2025-11-07 11:25:17.554219,New York,139,27.463,25.437
2025-11-07 12:25:17.554219,New York,115,23.919,65.441
2025-11-07 13:25:17.554219,New York,160,15.396,41.138
2025-11-07 14:25:17.554219,New York,137,17.032,41.934
2025-11-07 15:25:17.554219,New York,95,6.228,44.644
2025-11-07 16:25:17.554219,New York,80,33.885,83.952
2025-11-07 17:25:17.554219,New York,116,25.301,77.452
2025-11-07 18:25:17.554219,New York,112,30.385,63.297
2025-11-07 19:25:17.554219,New York,103,16.477,75.633
2025-11-07 20:25:17.554219,New York,83,13.435,47.124
2025-11-07 21:25:17.554219,New York,118,32.176,45.352
2025-11-07 22:25:17.554219,New York,78,33.29,55.734
2025-11-07 23:25:17.554219,New York,114,9.45,72.691
2025-11-08 00:25:17.554219,New York,71,34.539,51.105
2025-11-08 01:25:17.554219,New York,91,31.841,38.068
2025-11-08 02:25:17.554219,New York,74,27.732,60.889
2025-11-08 03:25:17.554219,New York,167,19.683,37.565
2025-11-08 04:25:17.554219,New York,122,36.859,86.703
2025-11-08 05:25:17.554219,New York,147,22.646,29.746
2025-11-08 06:25:17.554219,New York,126,30.073,67.635
2025-11-08 07:25:17.554219,New York,145,28.571,39.585
2025-11-08 08:25:17.554219,New York,99,29.834,54.072
2025-11-08 09:25:17.554219,New York,134,15.349,37.076
2025-11-08 10:25:17.554219,New York,83,17.854,43.96
2025-11-08 11:25:17.554219,New York,96,16.909,71.99
2025-11-08 12:25:17.554219,New York,118,16.298,50.689
2025-11-08 13:25:17.554219,New York,97,19.288,89.311
2025-11-08 14:25:17.554219,New York,66,8.441,47.916
2025-11-08 15:25:17.554219,New York,61,10.074,41.771
2025-11-08 16:25:17.554219,New York,83,16.82,58.183
2025-11-08 17:25:17.554219,New York,127,11.806,35.216
2025-11-08 18:25:17.554219,New York,93,26.346,47.456
2025-11-08 19:25:17.554219,New York,88,26.588,68.878
2025-11-08 20:25:17.554219,New York,113,34.315,26.72
2025-11-08 21:25:17.554219,New York,57,28.134,27.374
2025-11-08 22:25:17.554219,New York,89,14.668,35.436
2025-11-08 23:25:17.554219,New York,71,24.042,42.649
2025-11-09 00:25:17.554219,New York,83,32.179,87.158
2025-11-09 01:25:17.554219,New York,126,6.048,65.936
2025-11-09 02:25:17.554219,New York,99,13.787,42.523
2025-11-09 03:25:17.554219,New York,127,36.977,86.546
2025-11-09 04:25:17.554219,New York,98,16.481,58.928
2025-11-09 05:25:17.554219,New York,101,26.9,59.257
2025-11-09 06:25:17.554219,New York,72,16.934,60.882
2025-11-09 07:25:17.554219,New York,112,7.386,56.542
2025-11-09 08:25:17.554219,New York,124,20.527,67.073
2025-11-09 09:25:17.554219,New York,77,26.748,35.379
2025-11-09 10:25:17.554219,New York,192,32.786,32.631
2025-11-09 11:25:17.554219,New York,121,21.713,52.872
2025-11-09 12:25:17.554219,New York,117,15.49,30.634
2025-11-09 13:25:17.554219,New York,108,33.885,75.688
2025-11-09 14:25:17.554219,New York,72,14.241,61.652
2025-11-09 15:25:17.554219,New York,126,30.801,65.202
2025-11-09 16:25:17.554219,New York,97,5.572,45.18
2025-11-09 17:25:17.554219,New York,91,8.981,63.107
2025-11-09 18:25:17.554219,New York,109,37.709,64.992
2025-11-09 19:25:17.554219,New York,107,29.252,31.022
2025-11-09 20:25:17.554219,New York,111,30.123,45.506
2025-11-09 21:25:17.554219,New York,114,5.117,63.234
2025-11-09 22:25:17.554219,New York,111,22.43,30.602
2025-11-09 23:25:17.554219,New York,61,31.423,89.537
2025-11-10 00:25:17.554219,New York,117,22.602,55.352
2025-11-10 01:25:17.554219,New York,108,30.819,40.784
2025-11-10 02:25:17.554219,New York,109,9.352,66.089
2025-11-10 03:25:17.554219,New York,64,34.853,75.484
2025-11-10 04:25:17.554219,New York,120,15.677,61.765
2025-11-10 05:25:17.554219,New York,95,30.831,78.143
2025-11-10 06:25:17.554219,New York,74,12.461,69.176
2025-11-10 07:25:17.554219,New York,90,32.788,80.887
2025-11-10 08:25:17.554219,New York,96,26.823,29.928
2025-11-10 09:25:17.554219,New York,99,8.947,82.517
2025-11-10 10:25:17.554219,New York,134,14.03,76.309
2025-11-10 11:25:17.554219,New York,99,26.014,80.769
2025-11-10 12:25:17.554219,New York,120,9.072,61.87
2025-11-10 13:25:17.554219,New York,139,8.366,59.187
2025-11-10 14:25:17.554219,New York,114,29.717,54.148
2025-11-10 15:25:17.554219,New York,100,24.029,37.602
2025-11-10 16:25:17.554219,New York,101,8.464,80.52
2025-11-10 17:25:17.554219,New York,107,27.769,39.224
2025-11-10 18:25:17.554219,New York,99,6.724,35.66
2025-11-10 19:25:17.554219,New York,89,24.193,80.678
2025-11-10 20:25:17.554219,New York,102,21.233,70.602
2025-11-10 21:25:17.554219,New York,103,32.188,51.827
2025-11-10 22:25:17.554219,New York,131,22.47,62.204
2025-11-10 23:25:17.554219,New York,75,11.74,31.935
2025-11-11 00:25:17.554219,New York,111,11.197,53.127
2025-11-11 01:25:17.554219,New York,86,36.028,63.101
2025-11-11 02:25:17.554219,New York,90,6.43,40.777
2025-11-11 03:25:17.554219,New York,89,21.73,33.685
2025-11-11 04:25:17.554219,New York,121,5.376,74.886
2025-11-11 05:25:17.554219,New York,100,26.107,48.701
2025-11-11 06:25:17.554219,New York,67,24.279,82.38
2025-11-11 07:25:17.554219,New York,92,24.745,48.619
2025-11-11 08:25:17.554219,New York,124,17.821,49.029
2025-11-11 09:25:17.554219,New York,145,11.283,83.318
2025-11-11 10:25:17.554219,New York,121,33.661,35.009
2025-11-11 11:25:17.554219,New York,98,30.36,72.204
2025-11-11 12:25:17.554219,New York,105,10.329,45.745
2025-11-11 13:25:17.554219,New York,151,29.64,50.877
2025-11-11 14:25:17.554219,New York,79,10.119,25.297
2025-11-11 15:25:17.554219,New York,76,34.021,39.811
2025-11-11 16:25:17.554219,New York,102,17.592,41.192
2025-11-11 17:25:17.554219,New York,128,12.824,66.167
2025-11-11 18:25:17.554219,New York,85,5.229,88.293
2025-11-11 19:25:17.554219,New York,88,25.624,44.308
2025-11-11 20:25:17.554219,New York,129,24.451,30.025
2025-11-11 21:25:17.554219,New York,69,11.909,64.245
2025-11-11 22:25:17.554219,New York,75,14.939,70.749
2025-11-11 23:25:17.554219,New York,88,26.699,43.706
2025-11-12 00:25:17.554219,New York,145,11.303,63.487
2025-11-12 01:25:17.554219,New York,80,10.603,48.53
2025-11-12 02:25:17.554219,New York,117,32.68,45.042
2025-11-12 03:25:17.554219,New York,105,24.303,73.134
2025-11-12 04:25:17.554219,New York,103,28.428,50.674
2025-11-12 05:25:17.554219,New York,83,28.941,53.91
2025-11-12 06:25:17.554219,New York,52,20.28,86.385
2025-11-12 07:25:17.554219,New York,57,29.851,81.078
2025-11-12 08:25:17.554219,New York,133,37.694,51.221
2025-11-12 09:25:17.554219,New York,82,16.451,39.317
2025-11-12 10:25:17.554219,New York,127,8.73,61.083
2025-11-12 11:25:17.554219,New York,108,11.664,37.035
2025-11-12 12:25:17.554219,New York,127,23.631,79.799
2025-11-12 13:25:17.554219,New York,111,20.967,49.493
2025-11-12 14:25:17.554219,New York,88,13.877,39.579
2025-11-12 15:25:17.554219,New York,168,21.036,60.274
2025-11-12 16:25:17.554219,New York,112,22.127,68.683
2025-11-12 17:25:17.554219,New York,121,18.696,37.451
2025-11-12 18:25:17.554219,New York,124,36.606,31.569
2025-11-12 19:25:17.554219,New York,112,15.583,88.651
2025-11-12 20:25:17.554219,New York,179,22.125,44.262
2025-11-12 21:25:17.554219,New York,67,32.277,43.529
2025-11-12 22:25:17.554219,New York,139,19.135,75.293
2025-11-12 23:25:17.554219,New York,164,19.835,85.392
2025-11-13 00:25:17.554219,New York,80,31.363,32.61
2025-11-13 01:25:17.554219,New York,59,22.315,86.956
2025-11-13 02:25:17.554219,New York,89,18.294,81.436
2025-11-13 03:25:17.554219,New York,90,37.441,71.066
2025-11-13 04:25:17.554219,New York,86,30.295,57.823
2025-11-13 05:25:17.554219,New York,124,22.328,45.705
2025-11-13 06:25:17.554219,New York,109,26.806,30.624
2025-11-13 07:25:17.554219,New York,115,33.846,62.602
2025-11-13 08:25:17.554219,New York,103,13.596,79.207
2025-11-13 09:25:17.554219,New York,173,27.29,65.419
2025-11-13 10:25:17.554219,New York,133,20.82,25.825
2025-11-13 11:25:17.554219,New York,167,13.877,53.443
2025-11-13 12:25:17.554219,New York,90,9.153,81.884
2025-11-13 13:25:17.554219,New York,82,16.659,79.677
2025-11-13 14:25:17.554219,New York,101,29.257,86.383
2025-11-13 15:25:17.554219,New York,115,13.532,56.212
2025-11-13 16:25:17.554219,New York,116,19.884,64.982
2025-11-13 17:25:17.554219,New York,129,31.882,81.144
2025-11-13 18:25:17.554219,New York,68,6.524,84.728
2025-11-13 19:25:17.554219,New York,120,12.017,87.657
2025-11-13 20:25:17.554219,New York,105,33.109,84.023
2025-11-13 21:25:17.554219,New York,167,28.192,60.503
2025-11-13 22:25:17.554219,New York,134,24.77,67.805
2025-11-13 23:25:17.554219,New York,111,10.261,83.363
2025-11-14 00:25:17.554219,New York,123,26.934,43.302
2025-11-14 01:25:17.554219,New York,73,17.892,30.792
2025-11-14 02:25:17.554219,New York,99,21.46,47.344
2025-11-14 03:25:17.554219,New York,117,29.839,25.87
2025-11-14 04:25:17.554219,New York,88,17.197,32.595
2025-11-14 05:25:17.554219,New York,175,5.156,66.872
2025-11-14 06:25:17.554219,New York,73,13.848,75.246
2025-11-14 07:25:17.554219,New York,143,34.49,40.955
2025-11-14 08:25:17.554219,New York,118,20.777,79.201
2025-11-14 09:25:17.554219,New York,113,36.186,54.369
2025-11-14 10:25:17.554219,New York,92,8.57,87.145
2025-11-14 11:25:17.554219,New York,94,37.17,42.843
2025-11-14 12:25:17.554219,New York,100,13.526,60.643
2025-11-14 13:25:17.554219,New York,142,18.79,67.006
2025-11-14 14:25:17.554219,New York,110,8.474,89.281
2025-11-14 15:25:17.554219,New York,95,16.883,47.441
2025-11-14 16:25:17.554219,New York,72,23.654,34.157
2025-11-14 17:25:17.554219,New York,117,25.997,37.562
2025-11-14 18:25:17.554219,New York,114,35.021,29.741
2025-11-14 19:25:17.554219,New York,100,23.108,71.441
2025-11-14 20:25:17.554219,New York,128,12.02,38.884
2025-11-14 21:25:17.554219,New York,63,22.833,49.941
2025-11-14 22:25:17.554219,New York,85,27.366,72.74
2025-11-14 23:25:17.554219,New York,59,21.345,32.355
2025-11-15 00:25:17.554219,New York,119,11.87,83.959
2025-11-15 01:25:17.554219,New York,107,32.762,28.195
2025-11-15 02:25:17.554219,New York,117,20.94,52.265
2025-11-15 03:25:17.554219,New York,80,5.408,68.437
2025-11-15 04:25:17.554219,New York,117,34.039,32.435
2025-11-15 05:25:17.554219,New York,92,27.347,40.015
2025-11-15 06:25:17.554219,New York,43,16.356,75.507
2025-11-15 07:25:17.554219,New York,86,30.366,53.571
2025-11-15 08:25:17.554219,New York,84,9.312,53.559
2025-11-15 09:25:17.554219,New York,110,5.715,67.392
2025-11-15 10:25:17.554219,New York,83,13.58,80.338
2025-11-15 11:25:17.554219,New York,85,35.612,64.46
2025-11-15 12:25:17.554219,New York,131,36.303,36.072
2025-11-15 13:25:17.554219,New York,77,13.799,51.569
2025-11-15 14:25:17.554219,New York,99,16.574,54.994
2025-11-15 15:25:17.554219,New York,88,18.703,39.866
2025-11-15 16:25:17.554219,New York,77,15.412,84.238
2025-11-15 17:25:17.554219,New York,57,11.73,26.17
2025-11-15 18:25:17.554219,New York,86,31.295,70.447
2025-11-15 19:25:17.554219,New York,94,31.306,60.151
2025-11-15 20:25:17.554219,New York,90,7.629,80.321
2025-11-15 21:25:17.554219,New York,74,13.942,59.45
2025-11-15 22:25:17.554219,New York,120,32.465,61.898
2025-11-15 23:25:17.554219,New York,77,10.353,39.315
2025-11-16 00:25:17.554219,New York,84,23.668,36.174
2025-11-16 01:25:17.554219,New York,88,19.711,76.397
2025-11-16 02:25:17.554219,New York,107,21.051,76.581
2025-11-16 03:25:17.554219,New York,120,23.521,68.26
2025-11-16 04:25:17.554219,New York,89,22.177,82.253
2025-11-16 05:25:17.554219,New York,77,13.981,58.202
2025-11-16 06:25:17.554219,New York,94,31.392,30.168
2025-11-16 07:25:17.554219,New York,77,26.664,27.277
2025-11-16 08:25:17.554219,New York,138,14.79,76.621
2025-11-16 09:25:17.554219,New York,93,18.5,56.931
2025-11-16 10:25:17.554219,New York,100,15.552,54.957
2025-11-16 11:25:17.554219,New York,76,30.935,51.832
2025-11-16 12:25:17.554219,New York,111,18.289,33.792
2025-11-16 13:25:17.554219,New York,113,9.653,77.108
2025-11-16 14:25:17.554219,New York,151,30.502,28.579
2025-11-16 15:25:17.554219,New York,79,25.843,30.809
2025-11-16 16:25:17.554219,New York,99,28.68,61.114
2025-11-16 17:25:17.554219,New York,101,11.672,73.113
2025-11-16 18:25:17.554219,New York,87,8.5,78.697
2025-11-16 19:25:17.554219,New York,80,29.47,34.611
2025-11-16 20:25:17.554219,New York,80,9.062,37.105
2025-11-16 21:25:17.554219,New York,117,13.09,29.622
2025-11-16 22:25:17.554219,New York,88,26.248,28.197
2025-11-16 23:25:17.554219,New York,138,13.754,57.344
2025-11-17 00:25:17.554219,New York,97,20.934,48.617
2025-11-17 01:25:17.554219,New York,131,24.275,69.063
2025-11-17 02:25:17.554219,New York,107,16.399,49.755
2025-11-17 03:25:17.554219,New York,131,24.396,38.864
2025-11-17 04:25:17.554219,New York,94,37.581,74.701
2025-11-17 05:25:17.554219,New York,162,8.027,26.935
2025-11-17 06:25:17.554219,New York,95,23.039,85.284
2025-11-17 07:25:17.554219,New York,96,22.38,30.542
2025-11-17 08:25:17.554219,New York,91,31.724,68.871
2025-11-17 09:25:17.554219,New York,124,30.261,38.714
2025-11-17 10:25:17.554219,New York,67,27.336,88.989
2025-11-17 11:25:17.554219,New York,100,28.791,86.072
2025-11-17 12:25:17.554219,New York,73,15.566,43.913
2025-11-17 13:25:17.554219,New York,92,31.822,38.041
2025-11-17 14:25:17.554219,New York,124,23.025,26.364
2025-11-17 15:25:17.554219,New York,103,27.982,71.859
2025-11-17 16:25:17.554219,New York,85,8.859,34.473
2025-11-17 17:25:17.554219,New York,67,21.874,30.528
2025-11-17 18:25:17.554219,New York,93,23.3,28.07
2025-11-17 19:25:17.554219,New York,68,20.432,89.11
2025-11-17 20:25:17.554219,New York,52,16.062,82.519
2025-11-17 21:25:17.554219,New York,114,26.009,70.488
2025-11-17 22:25:17.554219,New York,55,16.837,89.399
2025-11-17 23:25:17.554219,New York,102,13.421,65.47
2025-11-18 00:25:17.554219,New York,108,30.404,46.43
2025-11-18 01:25:17.554219,New York,131,30.243,49.352
2025-11-18 02:25:17.554219,New York,176,16.407,66.046
2025-11-18 03:25:17.554219,New York,67,16.161,58.871
2025-11-18 04:25:17.554219,New York,101,9.983,46.007
2025-11-18 05:25:17.554219,New York,118,16.573,89.107
2025-11-18 06:25:17.554219,New York,103,16.812,65.068
2025-11-18 07:25:17.554219,New York,129,14.082,86.055
2025-11-18 08:25:17.554219,New York,99,35.68,52.453
2025-11-18 09:25:17.554219,New York,109,30.288,46.123
2025-11-18 10:25:17.554219,New York,87,5.721,82.796
2025-11-18 11:25:17.554219,New York,167,33.786,64.254
2025-11-18 12:25:17.554219,New York,139,6,75.278
2025-11-18 13:25:17.554219,New York,141,18.251,51.275
2025-11-18 14:25:17.554219,New York,127,32.604,72.915
2025-11-18 15:25:17.554219,New York,77,12.365,82.563
2025-11-18 16:25:17.554219,New York,129,23.095,75.412
2025-11-18 17:25:17.554219,New York,122,17.674,78.201
2025-11-18 18:25:17.554219,New York,173,8.436,75.818
2025-11-18 19:25:17.554219,New York,124,23.205,74.606
2025-11-18 20:25:17.554219,New York,119,8.108,55.102
2025-11-18 21:25:17.554219,New York,156,9.947,87.495
2025-11-18 22:25:17.554219,New York,90,8.359,80.399
2025-11-18 23:25:17.554219,New York,90,11.385,42.946
2025-11-19 00:25:17.554219,New York,117,9.818,78.627
2025-11-19 01:25:17.554219,New York,121,28.786,56.263
2025-11-19 02:25:17.554219,New York,117,12.635,37.549
2025-11-19 03:25:17.554219,New York,86,29.129,71.951
2025-11-19 04:25:17.554219,New York,63,9.723,79.409
2025-11-19 05:25:17.554219,New York,119,23.457,31.391
2025-11-19 06:25:17.554219,New York,93,14.331,84.708
2025-11-19 07:25:17.554219,New York,91,24.414,66.633
2025-11-19 08:25:17.554219,New York,126,9.845,70.312
2025-11-19 09:25:17.554219,New York,87,8.876,81.102
2025-11-19 10:25:17.554219,New York,135,14.151,61.128
2025-11-19 11:25:17.554219,New York,115,16.341,39.807
2025-11-19 12:25:17.554219,New York,113,37.593,36.21
2025-11-19 13:25:17.554219,New York,135,35.176,52.584
2025-11-19 14:25:17.554219,New York,137,33.195,44.607
2025-11-19 15:25:17.554219,New York,80,8.26,60.976
2025-11-19 16:25:17.554219,New York,169,32.219,71.595
2025-11-19 17:25:17.554219,New York,128,28.478,73.411
2025-11-04 18:25:17.554219,Los Angeles,112,10.374,33.796
2025-11-04 19:25:17.554219,Los Angeles,97,19.552,72.558
2025-11-04 20:25:17.554219,Los Angeles,97,37.414,69.167
2025-11-04 21:25:17.554219,Los Angeles,72,20.611,88.384
2025-11-04 22:25:17.554219,Los Angeles,82,8.025,37.556
2025-11-04 23:25:17.554219,Los Angeles,54,31.948,67.028
2025-11-05 00:25:17.554219,Los Angeles,120,5.882,63.485
2025-11-05 01:25:17.554219,Los Angeles,101,11.92,31.307
2025-11-05 02:25:17.554219,Los Angeles,107,34.602,88.112
2025-11-05 03:25:17.554219,Los Angeles,120,16.924,38.857
2025-11-05 04:25:17.554219,Los Angeles,177,14.949,36.819
2025-11-05 05:25:17.554219,Los Angeles,118,19.084,52.202
2025-11-05 06:25:17.554219,Los Angeles,96,7.791,54.861
2025-11-05 07:25:17.554219,Los Angeles,79,8.406,40.535
2025-11-05 08:25:17.554219,Los Angeles,72,24.853,81.395
2025-11-05 09:25:17.554219,Los Angeles,68,15.806,46.032
2025-11-05 10:25:17.554219,Los Angeles,82,28.021,66.954
2025-11-05 11:25:17.554219,Los Angeles,104,24.218,39.551
2025-11-05 12:25:17.554219,Los Angeles,117,16.533,44.649
2025-11-05 13:25:17.554219,Los Angeles,81,31.394,52.454
2025-11-05 14:25:17.554219,Los Angeles,106,7.026,28.468
2025-11-05 15:25:17.554219,Los Angeles,104,22.77,39.303
2025-11-05 16:25:17.554219,Los Angeles,102,36.737,81.193
2025-11-05 17:25:17.554219,Los Angeles,103,15.072,25.737
2025-11-05 18:25:17.554219,Los Angeles,90,18.545,45.573
2025-11-05 19:25:17.554219,Los Angeles,102,32.374,60.403
2025-11-05 20:25:17.554219,Los Angeles,137,24.067,55.398
2025-11-05 21:25:17.554219,Los Angeles,139,33.137,25.824
2025-11-05 22:25:17.554219,Los Angeles,112,30.009,36.85
2025-11-05 23:25:17.554219,Los Angeles,130,20.597,68.215
2025-11-06 00:25:17.554219,Los Angeles,104,33.753,74.803
2025-11-06 01:25:17.554219,Los Angeles,101,36.88,50.834
2025-11-06 02:25:17.554219,Los Angeles,80,31.887,86.908
2025-11-06 03:25:17.554219,Los Angeles,153,30.893,47.355
2025-11-06 04:25:17.554219,Los Angeles,98,19.3,59.488
2025-11-06 05:25:17.554219,Los Angeles,105,5.053,86.519
2025-11-06 06:25:17.554219,Los Angeles,115,6.869,29.167
2025-11-06 07:25:17.554219,Los Angeles,108,31.568,25.604
2025-11-06 08:25:17.554219,Los Angeles,113,34.808,62.451
2025-11-06 09:25:17.554219,Los Angeles,129,25.681,41.631
2025-11-06 10:25:17.554219,Los Angeles,119,17.182,58.763
2025-11-06 11:25:17.554219,Los Angeles,93,35.551,79.379
2025-11-06 12:25:17.554219,Los Angeles,105,32.763,30.897
2025-11-06 13:25:17.554219,Los Angeles,89,28.396,45.788
2025-11-06 14:25:17.554219,Los Angeles,94,34.099,65.263
2025-11-06 15:25:17.554219,Los Angeles,133,17.982,55.348
2025-11-06 16:25:17.554219,Los Angeles,110,37.06,40.633
2025-11-06 17:25:17.554219,Los Angeles,136,34.886,79.878
2025-11-06 18:25:17.554219,Los Angeles,113,26.863,37.13
2025-11-06 19:25:17.554219,Los Angeles,66,29.292,73.24
2025-11-06 20:25:17.554219,Los Angeles,91,27.611,87.515
2025-11-06 21:25:17.554219,Los Angeles,113,30.535,33.375
2025-11-06 22:25:17.554219,Los Angeles,158,14.741,87.292
2025-11-06 23:25:17.554219,Los Angeles,127,10.168,64.641
2025-11-07 00:25:17.554219,Los Angeles,136,30.052,47.868
2025-11-07 01:25:17.554219,Los Angeles,80,27.602,57.824
2025-11-07 02:25:17.554219,Los Angeles,60,30.394,56.291
2025-11-07 03:25:17.554219,Los Angeles,122,28.942,42.178
2025-11-07 04:25:17.554219,Los Angeles,78,36.129,53.33
2025-11-07 05:25:17.554219,Los Angeles,136,28.087,82.745
2025-11-07 06:25:17.554219,Los Angeles,107,30.876,53.892
2025-11-07 07:25:17.554219,Los Angeles,115,34.665,74.09
2025-11-07 08:25:17.554219,Los Angeles,118,8.865,45.886
2025-11-07 09:25:17.554219,Los Angeles,111,35.606,49.501
2025-11-07 10:25:17.554219,Los Angeles,103,12.041,56.932
2025-11-07 11:25:17.554219,Los Angeles,101,19.615,34.083
2025-11-07 12:25:17.554219,Los Angeles,112,10.742,75.558
2025-11-07 13:25:17.554219,Los Angeles,73,32.742,82.691
2025-11-07 14:25:17.554219,Los Angeles,78,5.19,86.878
2025-11-07 15:25:17.554219,Los Angeles,99,17.486,33.448
2025-11-07 16:25:17.554219,Los Angeles,97,36.006,73.511
2025-11-07 17:25:17.554219,Los Angeles,139,5.457,42.056
2025-11-07 18:25:17.554219,Los Angeles,72,20.861,59.727
2025-11-07 19:25:17.554219,Los Angeles,58,23.397,40.849
2025-11-07 20:25:17.554219,Los Angeles,93,28.823,34.993
2025-11-07 21:25:17.554219,Los Angeles,90,27.482,66.301
2025-11-07 22:25:17.554219,Los Angeles,69,26.447,56.413
2025-11-07 23:25:17.554219,Los Angeles,149,29.587,27.12
2025-11-08 00:25:17.554219,Los Angeles,109,32.213,63.901
2025-11-08 01:25:17.554219,Los Angeles,84,25.682,60.233
2025-11-08 02:25:17.554219,Los Angeles,105,22.878,74.567
2025-11-08 03:25:17.554219,Los Angeles,68,36.896,25.626
2025-11-08 04:25:17.554219,Los Angeles,97,30.642,28.777
2025-11-08 05:25:17.554219,Los Angeles,154,30.862,58.168
2025-11-08 06:25:17.554219,Los Angeles,140,19.332,76.222
2025-11-08 07:25:17.554219,Los Angeles,88,28.459,30.976
2025-11-08 08:25:17.554219,Los Angeles,92,28.686,50.221
2025-11-08 09:25:17.554219,Los Angeles,117,34.692,69.737
2025-11-08 10:25:17.554219,Los Angeles,104,8.138,30.352
2025-11-08 11:25:17.554219,Los Angeles,85,7.943,55.008
2025-11-08 12:25:17.554219,Los Angeles,92,26.988,64.577
2025-11-08 13:25:17.554219,Los Angeles,101,29.372,34.427
2025-11-08 14:25:17.554219,Los Angeles,117,33.07,77.792
2025-11-08 15:25:17.554219,Los Angeles,112,5.375,85.998
2025-11-08 16:25:17.554219,Los Angeles,108,19.681,39.449
2025-11-08 17:25:17.554219,Los Angeles,84,37.364,54.455
2025-11-08 18:25:17.554219,Los Angeles,80,7.16,63.955
2025-11-08 19:25:17.554219,Los Angeles,162,23.064,77.289
2025-11-08 20:25:17.554219,Los Angeles,169,29.159,79.433
2025-11-08 21:25:17.554219,Los Angeles,107,37.914,50.761
2025-11-08 22:25:17.554219,Los Angeles,90,23.385,38.564
2025-11-08 23:25:17.554219,Los Angeles,128,28.737,64.224
2025-11-09 00:25:17.554219,Los Angeles,103,31.932,58.209
2025-11-09 01:25:17.554219,Los Angeles,102,18.291,84.496
2025-11-09 02:25:17.554219,Los Angeles,131,33.322,28.435
2025-11-09 03:25:17.554219,Los Angeles,116,7.851,71.47
2025-11-09 04:25:17.554219,Los Angeles,150,36.554,83.613
2025-11-09 05:25:17.554219,Los Angeles,128,21.515,80.699
2025-11-09 06:25:17.554219,Los Angeles,122,13.571,43.443
2025-11-09 07:25:17.554219,Los Angeles,134,15.37,51.366
2025-11-09 08:25:17.554219,Los Angeles,126,36.532,58
2025-11-09 09:25:17.554219,Los Angeles,89,37.763,40.66
2025-11-09 10:25:17.554219,Los Angeles,100,27.573,71.791
2025-11-09 11:25:17.554219,Los Angeles,85,35.743,72.814
2025-11-09 12:25:17.554219,Los Angeles,82,7.894,81.057
2025-11-09 13:25:17.554219,Los Angeles,121,10.018,66.026
2025-11-09 14:25:17.554219,Los Angeles,102,21.274,69.772
2025-11-09 15:25:17.554219,Los Angeles,82,25.28,57.831
2025-11-09 16:25:17.554219,Los Angeles,76,13.158,46.423
2025-11-09 17:25:17.554219,Los Angeles,107,31.838,39.318
2025-11-09 18:25:17.554219,Los Angeles,77,34.867,58.975
2025-11-09 19:25:17.554219,Los Angeles,76,36.257,38.305
2025-11-09 20:25:17.554219,Los Angeles,82,10.196,45.396
2025-11-09 21:25:17.554219,Los Angeles,87,7.96,25.253
2025-11-09 22:25:17.554219,Los Angeles,80,11.521,68.236
2025-11-09 23:25:17.554219,Los Angeles,121,24.443,69.992
2025-11-10 00:25:17.554219,Los Angeles,98,10.326,45.998
2025-11-10 01:25:17.554219,Los Angeles,75,31.41,58.414
2025-11-10 02:25:17.554219,Los Angeles,94,15.633,61.494
2025-11-10 03:25:17.554219,Los Angeles,100,36.471,37.928
2025-11-10 04:25:17.554219,Los Angeles,97,35.474,71.3
2025-11-10 05:25:17.554219,Los Angeles,119,14.456,43.081
2025-11-10 06:25:17.554219,Los Angeles,149,22.962,57.98
2025-11-10 07:25:17.554219,Los Angeles,110,30.678,35.572
2025-11-10 08:25:17.554219,Los Angeles,71,36.661,78.756
2025-11-10 09:25:17.554219,Los Angeles,97,17.255,49.169
2025-11-10 10:25:17.554219,Los Angeles,79,8.367,80.562
2025-11-10 11:25:17.554219,Los Angeles,116,28.764,73.277
2025-11-10 12:25:17.554219,Los Angeles,111,21.341,73.909
2025-11-10 13:25:17.554219,Los Angeles,124,26.704,33.945
2025-11-10 14:25:17.554219,Los Angeles,130,17.469,66.34
2025-11-10 15:25:17.554219,Los Angeles,80,6.413,66.21
2025-11-10 16:25:17.554219,Los Angeles,91,25.545,82.887
2025-11-10 17:25:17.554219,Los Angeles,106,12.549,82.373
2025-11-10 18:25:17.554219,Los Angeles,129,17.257,68.437
2025-11-10 19:25:17.554219,Los Angeles,58,23.376,61.715
2025-11-10 20:25:17.554219,Los Angeles,119,7.178,42.758
2025-11-10 21:25:17.554219,Los Angeles,108,23.452,69.234
2025-11-10 22:25:17.554219,Los Angeles,70,28.651,44.244
2025-11-10 23:25:17.554219,Los Angeles,114,8.591,81.555
2025-11-11 00:25:17.554219,Los Angeles,56,29.688,69.064
2025-11-11 01:25:17.554219,Los Angeles,59,28.118,28.886
2025-11-11 02:25:17.554219,Los Angeles,102,28.414,40.788
2025-11-11 03:25:17.554219,Los Angeles,121,13.479,65.275
2025-11-11 04:25:17.554219,Los Angeles,90,12.404,60.118
2025-11-11 05:25:17.554219,Los Angeles,90,11.331,68.95
2025-11-11 06:25:17.554219,Los Angeles,99,27.323,75.951
2025-11-11 07:25:17.554219,Los Angeles,102,20.27,71.121
2025-11-11 08:25:17.554219,Los Angeles,70,33.371,87.567
2025-11-11 09:25:17.554219,Los Angeles,109,6.574,48.123
2025-11-11 10:25:17.554219,Los Angeles,93,34.775,76.352
2025-11-11 11:25:17.554219,Los Angeles,109,33.493,61.306
2025-11-11 12:25:17.554219,Los Angeles,90,24.863,61.719
2025-11-11 13:25:17.554219,Los Angeles,136,31.096,56.331
2025-11-11 14:25:17.554219,Los Angeles,100,17.456,66.712
2025-11-11 15:25:17.554219,Los Angeles,86,9.12,89.668
2025-11-11 16:25:17.554219,Los Angeles,75,36.473,80.107
2025-11-11 17:25:17.554219,Los Angeles,76,12.461,78.467
2025-11-11 18:25:17.554219,Los Angeles,88,9.545,47.716
2025-11-11 19:25:17.554219,Los Angeles,61,14.182,36.625
2025-11-11 20:25:17.554219,Los Angeles,119,27.231,84.798
2025-11-11 21:25:17.554219,Los Angeles,103,25.879,64.553
2025-11-11 22:25:17.554219,Los Angeles,146,14.292,57.378
2025-11-11 23:25:17.554219,Los Angeles,27,23.191,74.563
2025-11-12 00:25:17.554219,Los Angeles,149,19.099,37.401
2025-11-12 01:25:17.554219,Los Angeles,118,6.051,34.29
2025-11-12 02:25:17.554219,Los Angeles,110,13.948,69.99
2025-11-12 03:25:17.554219,Los Angeles,122,30.889,74.741
2025-11-12 04:25:17.554219,Los Angeles,74,35.662,75.817
2025-11-12 05:25:17.554219,Los Angeles,115,13.002,74.03
2025-11-12 06:25:17.554219,Los Angeles,100,34.379,29.742
2025-11-12 07:25:17.554219,Los Angeles,89,10.138,78.806
2025-11-12 08:25:17.554219,Los Angeles,105,28.354,82.98
2025-11-12 09:25:17.554219,Los Angeles,103,19.262,39.209
2025-11-12 10:25:17.554219,Los Angeles,122,28.247,41.175
2025-11-12 11:25:17.554219,Los Angeles,115,33.36,56.051
2025-11-12 12:25:17.554219,Los Angeles,152,22.857,26.563
2025-11-12 13:25:17.554219,Los Angeles,132,29.233,31.82
2025-11-12 14:25:17.554219,Los Angeles,117,16.735,48.402
2025-11-12 15:25:17.554219,Los Angeles,100,21.719,60.997
2025-11-12 16:25:17.554219,Los Angeles,115,19.725,41.288
2025-11-12 17:25:17.554219,Los Angeles,112,11.502,69.342
2025-11-12 18:25:17.554219,Los Angeles,85,13.519,63.676
2025-11-12 19:25:17.554219,Los Angeles,94,21.602,72.072
2025-11-12 20:25:17.554219,Los Angeles,106,6.415,36.684
2025-11-12 21:25:17.554219,Los Angeles,84,21.191,67.55
2025-11-12 22:25:17.554219,Los Angeles,121,16.444,29.129
2025-11-12 23:25:17.554219,Los Angeles,70,35.236,88.761
2025-11-13 00:25:17.554219,Los Angeles,82,28.293,87.392
2025-11-13 01:25:17.554219,Los Angeles,82,36.961,67.292
2025-11-13 02:25:17.554219,Los Angeles,94,11.221,89.147
2025-11-13 03:25:17.554219,Los Angeles,69,22.472,64.965
2025-11-13 04:25:17.554219,Los Angeles,87,24.775,33.581
2025-11-13 05:25:17.554219,Los Angeles,95,18.317,41.455
2025-11-13 06:25:17.554219,Los Angeles,101,7.927,44.244
2025-11-13 07:25:17.554219,Los Angeles,100,23.006,34.381
2025-11-13 08:25:17.554219,Los Angeles,86,14.837,89.062
2025-11-13 09:25:17.554219,Los Angeles,88,6.558,87.07
2025-11-13 10:25:17.554219,Los Angeles,114,29.31,39.072
2025-11-13 11:25:17.554219,Los Angeles,122,7.115,67.21
2025-11-13 12:25:17.554219,Los Angeles,80,30.284,86.15
2025-11-13 13:25:17.554219,Los Angeles,137,17.733,74.674
2025-11-13 14:25:17.554219,Los Angeles,102,5.837,25.915
2025-11-13 15:25:17.554219,Los Angeles,78,25.552,28.305
2025-11-13 16:25:17.554219,Los Angeles,78,36.786,72.911
2025-11-13 17:25:17.554219,Los Angeles,74,29.616,49.659
2025-11-13 18:25:17.554219,Los Angeles,77,13.969,71.093
2025-11-13 19:25:17.554219,Los Angeles,113,36.994,52.041
2025-11-13 20:25:17.554219,Los Angeles,69,10.941,34.843
2025-11-13 21:25:17.554219,Los Angeles,126,13.879,70.192
2025-11-13 22:25:17.554219,Los Angeles,85,25.506,46.661
2025-11-13 23:25:17.554219,Los Angeles,129,16.521,27.004
2025-11-14 00:25:17.554219,Los Angeles,165,25.455,56.966
2025-11-14 01:25:17.554219,Los Angeles,103,22.125,64.948
2025-11-14 02:25:17.554219,Los Angeles,83,5.135,56.828
2025-11-14 03:25:17.554219,Los Angeles,114,15.213,46.9
2025-11-14 04:25:17.554219,Los Angeles,95,20.862,45.858
2025-11-14 05:25:17.554219,Los Angeles,85,5.528,34.74
2025-11-14 06:25:17.554219,Los Angeles,110,13.807,52.328
2025-11-14 07:25:17.554219,Los Angeles,189,32.858,27.39
2025-11-14 08:25:17.554219,Los Angeles,120,14.846,57.364
2025-11-14 09:25:17.554219,Los Angeles,80,32.211,63.705
2025-11-14 10:25:17.554219,Los Angeles,119,10.997,88.482
2025-11-14 11:25:17.554219,Los Angeles,63,15.269,83.591
2025-11-14 12:25:17.554219,Los Angeles,65,15.443,66.735
2025-11-14 13:25:17.554219,Los Angeles,69,11.353,65.987
2025-11-14 14:25:17.554219,Los Angeles,137,15.457,50.841
2025-11-14 15:25:17.554219,Los Angeles,123,12.92,40.602
2025-11-14 16:25:17.554219,Los Angeles,71,5.508,25.621
2025-11-14 17:25:17.554219,Los Angeles,68,9.235,27.043
2025-11-14 18:25:17.554219,Los Angeles,100,22.048,84.005
2025-11-14 19:25:17.554219,Los Angeles,132,12.187,69.932
2025-11-14 20:25:17.554219,Los Angeles,105,11.595,82.938
2025-11-14 21:25:17.554219,Los Angeles,151,34.582,48.093
2025-11-14 22:25:17.554219,Los Angeles,129,36.166,64.66
2025-11-14 23:25:17.554219,Los Angeles,131,13.112,26.231
2025-11-15 00:25:17.554219,Los Angeles,151,6.285,72.46
2025-11-15 01:25:17.554219,Los Angeles,120,16.982,48.473
2025-11-15 02:25:17.554219,Los Angeles,110,15.63,77.824
2025-11-15 03:25:17.554219,Los Angeles,112,30.459,59.151
2025-11-15 04:25:17.554219,Los Angeles,120,32.491,86.388
2025-11-15 05:25:17.554219,Los Angeles,109,15.726,75.051
2025-11-15 06:25:17.554219,Los Angeles,77,31.82,76.825
2025-11-15 07:25:17.554219,Los Angeles,129,24.336,71.901
2025-11-15 08:25:17.554219,Los Angeles,100,22.776,84.082
2025-11-15 09:25:17.554219,Los Angeles,132,34.228,88.09
2025-11-15 10:25:17.554219,Los Angeles,113,27.47,34.298
2025-11-15 11:25:17.554219,Los Angeles,89,35.486,34.58
2025-11-15 12:25:17.554219,Los Angeles,113,12.491,58.412
2025-11-15 13:25:17.554219,Los Angeles,69,21.892,51.428
2025-11-15 14:25:17.554219,Los Angeles,177,17.969,66.199
2025-11-15 15:25:17.554219,Los Angeles,103,37.616,50.115
2025-11-15 16:25:17.554219,Los Angeles,94,32.011,49.25
2025-11-15 17:25:17.554219,Los Angeles,65,24.117,44.886
2025-11-15 18:25:17.554219,Los Angeles,141,27.64,78.726
2025-11-15 19:25:17.554219,Los Angeles,81,33.627,87.265
2025-11-15 20:25:17.554219,Los Angeles,56,23.979,70.705
2025-11-15 21:25:17.554219,Los Angeles,141,32.474,50.476
2025-11-15 22:25:17.554219,Los Angeles,105,12.992,45.823
2025-11-15 23:25:17.554219,Los Angeles,92,23.695,40.834
2025-11-16 00:25:17.554219,Los Angeles,92,27.466,43.408
2025-11-16 01:25:17.554219,Los Angeles,84,16.151,25.706
2025-11-16 02:25:17.554219,Los Angeles,141,14.888,45.844
2025-11-16 03:25:17.554219,Los Angeles,114,21.863,77.257
2025-11-16 04:25:17.554219,Los Angeles,96,35.384,28.462
2025-11-16 05:25:17.554219,Los Angeles,91,18.026,72.027
2025-11-16 06:25:17.554219,Los Angeles,170,36.63,50.212
2025-11-16 07:25:17.554219,Los Angeles,137,9.14,33.355
2025-11-16 08:25:17.554219,Los Angeles,120,9.929,35.694
2025-11-16 09:25:17.554219,Los Angeles,124,33.265,66.668
2025-11-16 10:25:17.554219,Los Angeles,73,10.571,64.061
2025-11-16 11:25:17.554219,Los Angeles,90,26.637,39.223
2025-11-16 12:25:17.554219,Los Angeles,88,33.539,25.093
2025-11-16 13:25:17.554219,Los Angeles,86,31.514,77.186
2025-11-16 14:25:17.554219,Los Angeles,87,19.406,37.909
2025-11-16 15:25:17.554219,Los Angeles,95,34.219,86.673
2025-11-16 16:25:17.554219,Los Angeles,125,10.248,68.87
2025-11-16 17:25:17.554219,Los Angeles,113,35.278,61.195
2025-11-16 18:25:17.554219,Los Angeles,57,6.108,73.709
2025-11-16 19:25:17.554219,Los Angeles,96,30.562,63.871
2025-11-16 20:25:17.554219,Los Angeles,108,34.993,78.44
2025-11-16 21:25:17.554219,Los Angeles,84,18.223,84.705
2025-11-16 22:25:17.554219,Los Angeles,82,28.798,76.719
2025-11-16 23:25:17.554219,Los Angeles,128,32.238,75.086
2025-11-17 00:25:17.554219,Los Angeles,170,6.552,46.908
2025-11-17 01:25:17.554219,Los Angeles,78,30.594,81.161
2025-11-17 02:25:17.554219,Los Angeles,101,24.082,55.223
2025-11-17 03:25:17.554219,Los Angeles,106,5.299,70.271
2025-11-17 04:25:17.554219,Los Angeles,60,5.621,61.74
2025-11-17 05:25:17.554219,Los Angeles,150,22.899,58.743
2025-11-17 06:25:17.554219,Los Angeles,100,17.224,71.061
2025-11-17 07:25:17.554219,Los Angeles,130,31.877,56.679
2025-11-17 08:25:17.554219,Los Angeles,81,13.632,46.616
2025-11-17 09:25:17.554219,Los Angeles,122,12.421,25.96
2025-11-17 10:25:17.554219,Los Angeles,126,16.209,48.384
2025-11-17 11:25:17.554219,Los Angeles,75,21.916,42.18
2025-11-17 12:25:17.554219,Los Angeles,77,18.939,32.593
2025-11-17 13:25:17.554219,Los Angeles,65,14.192,47.487
2025-11-17 14:25:17.554219,Los Angeles,142,28.941,49.514
2025-11-17 15:25:17.554219,Los Angeles,71,12.033,44.242
2025-11-17 16:25:17.554219,Los Angeles,126,35.82,26.745
2025-11-17 17:25:17.554219,Los Angeles,102,36.815,31.649
2025-11-17 18:25:17.554219,Los Angeles,130,20.565,44.752
2025-11-17 19:25:17.554219,Los Angeles,127,11.319,80.539
2025-11-17 20:25:17.554219,Los Angeles,102,30.915,37.658
2025-11-17 21:25:17.554219,Los Angeles,161,36.531,85.85
2025-11-17 22:25:17.554219,Los Angeles,173,22.905,57.447
2025-11-17 23:25:17.554219,Los Angeles,115,20.672,56.31
2025-11-18 00:25:17.554219,Los Angeles,107,25.898,36.64
2025-11-18 01:25:17.554219,Los Angeles,140,29.401,68.505
2025-11-18 02:25:17.554219,Los Angeles,73,15.574,38.048
2025-11-18 03:25:17.554219,Los Angeles,111,33.676,63.434
2025-11-18 04:25:17.554219,Los Angeles,98,25.944,33.993
2025-11-18 05:25:17.554219,Los Angeles,117,37.906,44.029
2025-11-18 06:25:17.554219,Los Angeles,68,32.973,88.394
2025-11-18 07:25:17.554219,Los Angeles,83,33.384,26.923
2025-11-18 08:25:17.554219,Los Angeles,101,30.115,36.924
2025-11-18 09:25:17.554219,Los Angeles,90,19.859,70.045
2025-11-18 10:25:17.554219,Los Angeles,78,12.124,79.208
2025-11-18 11:25:17.554219,Los Angeles,130,25.445,89.008
2025-11-18 12:25:17.554219,Los Angeles,89,32.592,89.867
2025-11-18 13:25:17.554219,Los Angeles,112,23.688,86.069
2025-11-18 14:25:17.554219,Los Angeles,108,12.634,78.684
2025-11-18 15:25:17.554219,Los Angeles,144,37.687,74.151
2025-11-18 16:25:17.554219,Los Angeles,122,37.548,87.343
2025-11-18 17:25:17.554219,Los Angeles,128,37.701,37.248
2025-11-18 18:25:17.554219,Los Angeles,107,23.657,69.431
2025-11-18 19:25:17.554219,Los Angeles,91,6.473,77.277
2025-11-18 20:25:17.554219,Los Angeles,133,31.76,81.405
2025-11-18 21:25:17.554219,Los Angeles,112,12.586,84.129
2025-11-18 22:25:17.554219,Los Angeles,95,17.745,63.097
2025-11-18 23:25:17.554219,Los Angeles,95,23.863,73.685
2025-11-19 00:25:17.554219,Los Angeles,103,27.778,33.594
2025-11-19 01:25:17.554219,Los Angeles,136,26.856,51.129
2025-11-19 02:25:17.554219,Los Angeles,136,23.393,76.04
2025-11-19 03:25:17.554219,Los Angeles,92,19.281,51.489
2025-11-19 04:25:17.554219,Los Angeles,87,8.072,36.866
2025-11-19 05:25:17.554219,Los Angeles,69,29.941,80.281
2025-11-19 06:25:17.554219,Los Angeles,84,24.409,47.413
2025-11-19 07:25:17.554219,Los Angeles,104,9.713,37.211
2025-11-19 08:25:17.554219,Los Angeles,102,36.463,51.452
2025-11-19 09:25:17.554219,Los Angeles,113,19.91,30.79
2025-11-19 10:25:17.554219,Los Angeles,114,31.079,53.99
2025-11-19 11:25:17.554219,Los Angeles,167,12.58,56.759
2025-11-19 12:25:17.554219,Los Angeles,117,10.36,73.183
2025-11-19 13:25:17.554219,Los Angeles,91,16.789,76.893
2025-11-19 14:25:17.554219,Los Angeles,94,25.758,35.458
2025-11-19 15:25:17.554219,Los Angeles,137,30.085,85.179
2025-11-19 16:25:17.554219,Los Angeles,128,36.318,86.794
2025-11-19 17:25:17.554219,Los Angeles,97,36.047,43.441
2025-11-04 18:25:17.554219,London,108,34.044,71.339
2025-11-04 19:25:17.554219,London,104,9.583,81.079
2025-11-04 20:25:17.554219,London,79,14.089,58.8
2025-11-04 21:25:17.554219,London,115,19.869,72.881
2025-11-04 22:25:17.554219,London,73,5.751,35.912
2025-11-04 23:25:17.554219,London,109,7.207,76.408
2025-11-05 00:25:17.554219,London,102,16.767,74.376
2025-11-05 01:25:17.554219,London,65,20.564,38.582
2025-11-05 02:25:17.554219,London,77,24.384,36.673
2025-11-05 03:25:17.554219,London,122,19.333,32.841
2025-11-05 04:25:17.554219,London,109,14.783,58.913
2025-11-05 05:25:17.554219,London,128,21.242,25.112
2025-11-05 06:25:17.554219,London,90,9.746,66.278
2025-11-05 07:25:17.554219,London,90,18.147,32.96
2025-11-05 08:25:17.554219,London,82,33.06,36.98
2025-11-05 09:25:17.554219,London,88,13.273,50.421
2025-11-05 10:25:17.554219,London,130,29.586,86.456
2025-11-05 11:25:17.554219,London,100,37.327,84.829
2025-11-05 12:25:17.554219,London,143,26.519,75.211
2025-11-05 13:25:17.554219,London,116,32.608,71.095
2025-11-05 14:25:17.554219,London,105,21.937,86.454
2025-11-05 15:25:17.554219,London,95,35.914,38.33
2025-11-05 16:25:17.554219,London,117,36.169,31.041
2025-11-05 17:25:17.554219,London,124,20.823,31.097
2025-11-05 18:25:17.554219,London,126,16.83,64.24
2025-11-05 19:25:17.554219,London,214,19.055,66.245
2025-11-05 20:25:17.554219,London,96,24.113,28.178
2025-11-05 21:25:17.554219,London,112,20.427,59.215
2025-11-05 22:25:17.554219,London,99,33.684,56.633
2025-11-05 23:25:17.554219,London,92,10.71,43.844
2025-11-06 00:25:17.554219,London,153,30.388,76.076
2025-11-06 01:25:17.554219,London,94,34.361,56.4
2025-11-06 02:25:17.554219,London,108,27.843,76.765
2025-11-06 03:25:17.554219,London,63,19.931,36.123
2025-11-06 04:25:17.554219,London,147,10.622,85.853
2025-11-06 05:25:17.554219,London,151,5.534,32.006
2025-11-06 06:25:17.554219,London,83,22.701,51.336
2025-11-06 07:25:17.554219,London,101,18.337,32.515
2025-11-06 08:25:17.554219,London,69,15.222,29.14
2025-11-06 09:25:17.554219,London,109,37.597,26.72
2025-11-06 10:25:17.554219,London,121,12.472,73.69
2025-11-06 11:25:17.554219,London,120,12.17,54.195
2025-11-06 12:25:17.554219,London,117,24.514,76.935
2025-11-06 13:25:17.554219,London,121,37.005,51.893
2025-11-06 14:25:17.554219,London,105,16.257,33.564
2025-11-06 15:25:17.554219,London,84,21.455,81.327
2025-11-06 16:25:17.554219,London,87,36.252,89.766
2025-11-06 17:25:17.554219,London,59,8.031,65.108
2025-11-06 18:25:17.554219,London,97,35.708,65.392
2025-11-06 19:25:17.554219,London,102,17.311,35.425
2025-11-06 20:25:17.554219,London,85,19.496,68.832
2025-11-06 21:25:17.554219,London,118,11.641,58.235
2025-11-06 22:25:17.554219,London,88,27.85,49.058
2025-11-06 23:25:17.554219,London,98,11.253,45.462
2025-11-07 00:25:17.554219,London,101,15.34,39.328
2025-11-07 01:25:17.554219,London,98,10.686,76.698
2025-11-07 02:25:17.554219,London,152,34.416,84.021
2025-11-07 03:25:17.554219,London,75,13.693,26.108
2025-11-07 04:25:17.554219,London,69,9.836,67.791
2025-11-07 05:25:17.554219,London,80,26.306,65.718
2025-11-07 06:25:17.554219,London,90,27.803,25.869
2025-11-07 07:25:17.554219,London,87,34.072,30.236
2025-11-07 08:25:17.554219,London,79,6.057,61.634
2025-11-07 09:25:17.554219,London,68,19.79,39.111
2025-11-07 10:25:17.554219,London,110,29.041,43.584
2025-11-07 11:25:17.554219,London,98,15.845,48.18
2025-11-07 12:25:17.554219,London,90,15.602,89.308
2025-11-07 13:25:17.554219,London,154,20.719,75.908
2025-11-07 14:25:17.554219,London,125,19.918,30.356
2025-11-07 15:25:17.554219,London,80,15.445,71.196
2025-11-07 16:25:17.554219,London,135,20.535,72.81
2025-11-07 17:25:17.554219,London,119,20.722,35.71
2025-11-07 18:25:17.554219,London,78,6.606,89.208
2025-11-07 19:25:17.554219,London,85,28.15,30.238
2025-11-07 20:25:17.554219,London,82,7.159,86.071
2025-11-07 21:25:17.554219,London,116,11.924,82.674
2025-11-07 22:25:17.554219,London,166,31.624,39.415
2025-11-07 23:25:17.554219,London,79,36.024,47.251
2025-11-08 00:25:17.554219,London,58,22.243,83.047
2025-11-08 01:25:17.554219,London,94,7.485,57.993
2025-11-08 02:25:17.554219,London,115,22.138,41.613
2025-11-08 03:25:17.554219,London,59,19.069,28.967
2025-11-08 04:25:17.554219,London,87,37.942,48.716
2025-11-08 05:25:17.554219,London,125,35.717,37.901
2025-11-08 06:25:17.554219,London,134,13.627,39.998
2025-11-08 07:25:17.554219,London,112,37.69,62.688
2025-11-08 08:25:17.554219,London,125,20.359,49.389
2025-11-08 09:25:17.554219,London,35,27.061,41.361
2025-11-08 10:25:17.554219,London,124,8.456,43.115
2025-11-08 11:25:17.554219,London,90,37.53,61.057
2025-11-08 12:25:17.554219,London,81,12.206,41.153
2025-11-08 13:25:17.554219,London,160,16.335,65.1
2025-11-08 14:25:17.554219,London,168,8.418,68.914
2025-11-08 15:25:17.554219,London,85,31.214,30.958
2025-11-08 16:25:17.554219,London,78,37.044,76.121
2025-11-08 17:25:17.554219,London,108,26.677,33.315
2025-11-08 18:25:17.554219,London,104,21.092,39.688
2025-11-08 19:25:17.554219,London,92,6.22,58.494
2025-11-08 20:25:17.554219,London,106,26.202,58.897
2025-11-08 21:25:17.554219,London,89,8.422,41.8
2025-11-08 22:25:17.554219,London,109,36.762,73.126
2025-11-08 23:25:17.554219,London,96,10.976,27.87
2025-11-09 00:25:17.554219,London,97,33.864,54.759
2025-11-09 01:25:17.554219,London,59,29.8,73.467
2025-11-09 02:25:17.554219,London,112,12.853,40.786
2025-11-09 03:25:17.554219,London,63,21.106,78.701
2025-11-09 04:25:17.554219,London,142,36.047,86.007
2025-11-09 05:25:17.554219,London,93,7.005,87.134
2025-11-09 06:25:17.554219,London,128,6.682,55.027
2025-11-09 07:25:17.554219,London,122,32.873,31.22
2025-11-09 08:25:17.554219,London,129,13.54,84.581
2025-11-09 09:25:17.554219,London,134,12.706,68.103
2025-11-09 10:25:17.554219,London,145,34.205,30.769
2025-11-09 11:25:17.554219,London,32,5.133,40.837
2025-11-09 12:25:17.554219,London,90,9.871,65.06
2025-11-09 13:25:17.554219,London,145,17.63,46.809
2025-11-09 14:25:17.554219,London,121,16.283,80.802
2025-11-09 15:25:17.554219,London,102,28.17,86.277
2025-11-09 16:25:17.554219,London,130,28.571,71.116
2025-11-09 17:25:17.554219,London,98,6.627,76.811
2025-11-09 18:25:17.554219,London,80,5.757,54.933
2025-11-09 19:25:17.554219,London,106,7.005,60.739
2025-11-09 20:25:17.554219,London,72,37.767,76.544
2025-11-09 21:25:17.554219,London,102,13.358,82.559
2025-11-09 22:25:17.554219,London,136,12.231,65.887
2025-11-09 23:25:17.554219,London,129,25.362,74.675
2025-11-10 00:25:17.554219,London,98,26.945,83.87
2025-11-10 01:25:17.554219,London,144,11.49,25.83
2025-11-10 02:25:17.554219,London,121,28.484,83.993
2025-11-10 03:25:17.554219,London,75,29.87,27.498
2025-11-10 04:25:17.554219,London,147,30.212,47.06
2025-11-10 05:25:17.554219,London,75,20.699,47.402
2025-11-10 06:25:17.554219,London,130,21.736,88.77
2025-11-10 07:25:17.554219,London,119,32.833,56.379
2025-11-10 08:25:17.554219,London,117,14.304,46.175
2025-11-10 09:25:17.554219,London,82,13.991,84.534
2025-11-10 10:25:17.554219,London,75,11.34,45.605
2025-11-10 11:25:17.554219,London,94,30.363,44.16
2025-11-10 12:25:17.554219,London,85,30.437,25.555
2025-11-10 13:25:17.554219,London,119,20.193,43.435
2025-11-10 14:25:17.554219,London,128,22.8,32.475
2025-11-10 15:25:17.554219,London,90,14.342,66.226
2025-11-10 16:25:17.554219,London,100,7.691,75.918
2025-11-10 17:25:17.554219,London,94,24.287,40.015
2025-11-10 18:25:17.554219,London,153,15.58,34.139
2025-11-10 19:25:17.554219,London,107,29.326,67.282
2025-11-10 20:25:17.554219,London,78,24.772,75.923
2025-11-10 21:25:17.554219,London,114,20.12,63.571
2025-11-10 22:25:17.554219,London,86,26.823,55.7
2025-11-10 23:25:17.554219,London,79,15.929,59.343
2025-11-11 00:25:17.554219,London,136,13.284,72.713
2025-11-11 01:25:17.554219,London,125,8.289,33.751
2025-11-11 02:25:17.554219,London,87,25.893,88.574
2025-11-11 03:25:17.554219,London,90,31.648,70.017
2025-11-11 04:25:17.554219,London,74,13.357,71.584
2025-11-11 05:25:17.554219,London,122,33.461,42.369
2025-11-11 06:25:17.554219,London,63,30.703,66.915
2025-11-11 07:25:17.554219,London,105,15.471,76.223
2025-11-11 08:25:17.554219,London,100,10.613,39.679
2025-11-11 09:25:17.554219,London,92,15.186,56.548
2025-11-11 10:25:17.554219,London,96,5.898,42.76
2025-11-11 11:25:17.554219,London,156,31.844,30.708
2025-11-11 12:25:17.554219,London,112,10.416,39.098
2025-11-11 13:25:17.554219,London,118,29.644,54.713
2025-11-11 14:25:17.554219,London,95,25.255,50.449
2025-11-11 15:25:17.554219,London,145,28.563,86.489
2025-11-11 16:25:17.554219,London,76,33.974,87.753
2025-11-11 17:25:17.554219,London,133,18.945,66.899
2025-11-11 18:25:17.554219,London,92,15.066,83.977
2025-11-11 19:25:17.554219,London,125,23.712,80.03
2025-11-11 20:25:17.554219,London,107,20.994,74.618
2025-11-11 21:25:17.554219,London,166,33.058,73.346
2025-11-11 22:25:17.554219,London,29,24.416,75.797
2025-11-11 23:25:17.554219,London,91,23.808,52.915
2025-11-12 00:25:17.554219,London,87,37.301,38.168
2025-11-12 01:25:17.554219,London,108,18.777,37.696
2025-11-12 02:25:17.554219,London,98,20.529,64.163
2025-11-12 03:25:17.554219,London,164,5.571,44.215
2025-11-12 04:25:17.554219,London,109,32.933,79.28
2025-11-12 05:25:17.554219,London,59,32.615,31.814
2025-11-12 06:25:17.554219,London,63,9.846,58.135
2025-11-12 07:25:17.554219,London,164,22.511,76.505
2025-11-12 08:25:17.554219,London,84,8.041,35.509
2025-11-12 09:25:17.554219,London,88,8.802,41.46
2025-11-12 10:25:17.554219,London,124,16.947,43.458
2025-11-12 11:25:17.554219,London,96,31.219,87.4
2025-11-12 12:25:17.554219,London,86,18.403,61.226
2025-11-12 13:25:17.554219,London,101,28.819,46.535
2025-11-12 14:25:17.554219,London,131,6.237,81.051
2025-11-12 15:25:17.554219,London,164,8.311,75.699
2025-11-12 16:25:17.554219,London,87,26.479,49.488
2025-11-12 17:25:17.554219,London,43,5.615,83.14
2025-11-12 18:25:17.554219,London,124,21.629,71.152
2025-11-12 19:25:17.554219,London,76,10.466,57.097
2025-11-12 20:25:17.554219,London,88,22.405,44.932
2025-11-12 21:25:17.554219,London,118,21.061,67.705
2025-11-12 22:25:17.554219,London,97,15.958,76.87
2025-11-12 23:25:17.554219,London,93,13.389,44.389
2025-11-13 00:25:17.554219,London,63,16.544,75.92
2025-11-13 01:25:17.554219,London,99,22.531,37.791
2025-11-13 02:25:17.554219,London,105,17.726,58.736
2025-11-13 03:25:17.554219,London,86,10.829,72.715
2025-11-13 04:25:17.554219,London,161,8.272,59.112
2025-11-13 05:25:17.554219,London,84,9.502,83.841
2025-11-13 06:25:17.554219,London,127,25.145,88.985
2025-11-13 07:25:17.554219,London,101,12.481,88.067
2025-11-13 08:25:17.554219,London,115,27.205,46.964
2025-11-13 09:25:17.554219,London,112,24.727,36.471
2025-11-13 10:25:17.554219,London,116,21.372,77.476
2025-11-13 11:25:17.554219,London,109,6.979,86.589
2025-11-13 12:25:17.554219,London,95,28.745,89.393
2025-11-13 13:25:17.554219,London,92,6.122,69.61
2025-11-13 14:25:17.554219,London,114,17.959,61.529
2025-11-13 15:25:17.554219,London,109,12.45,38.865
2025-11-13 16:25:17.554219,London,79,29.68,54.154
2025-11-13 17:25:17.554219,London,70,6.408,38.522
2025-11-13 18:25:17.554219,London,140,14.896,27.085
2025-11-13 19:25:17.554219,London,105,37.638,74.672
2025-11-13 20:25:17.554219,London,77,13.799,26.327
2025-11-13 21:25:17.554219,London,95,11.172,56.863
2025-11-13 22:25:17.554219,London,120,7.462,39.839
2025-11-13 23:25:17.554219,London,82,31.113,70.984
2025-11-14 00:25:17.554219,London,130,16.694,42.055
2025-11-14 01:25:17.554219,London,101,29.993,52.356
2025-11-14 02:25:17.554219,London,67,6.269,88.544
2025-11-14 03:25:17.554219,London,100,8.226,54.151
2025-11-14 04:25:17.554219,London,126,23.555,83.005
2025-11-14 05:25:17.554219,London,120,17.421,76.445
2025-11-14 06:25:17.554219,London,125,31.692,38.772
2025-11-14 07:25:17.554219,London,147,20.931,59.353
2025-11-14 08:25:17.554219,London,94,8.088,46.559
2025-11-14 09:25:17.554219,London,102,13.124,39.425
2025-11-14 10:25:17.554219,London,98,25.345,78.979
2025-11-14 11:25:17.554219,London,97,37.813,82.349
2025-11-14 12:25:17.554219,London,143,24.154,53.105
2025-11-14 13:25:17.554219,London,99,17.876,69.171
2025-11-14 14:25:17.554219,London,108,12.42,29.432
2025-11-14 15:25:17.554219,London,143,16.253,89.194
2025-11-14 16:25:17.554219,London,100,10.919,27.179
2025-11-14 17:25:17.554219,London,115,35.506,76.27
2025-11-14 18:25:17.554219,London,16,34.853,83.337
2025-11-14 19:25:17.554219,London,100,6.26,28.108
2025-11-14 20:25:17.554219,London,69,14.107,50.621
2025-11-14 21:25:17.554219,London,95,34.321,73.16
2025-11-14 22:25:17.554219,London,99,12.902,25.479
2025-11-14 23:25:17.554219,London,123,20.586,39.792
2025-11-15 00:25:17.554219,London,74,19.475,84.531
2025-11-15 01:25:17.554219,London,122,36.565,51.376
2025-11-15 02:25:17.554219,London,81,22.344,55.703
2025-11-15 03:25:17.554219,London,78,32.757,72.837
2025-11-15 04:25:17.554219,London,106,9.704,50.237
2025-11-15 05:25:17.554219,London,83,26.41,82.39
2025-11-15 06:25:17.554219,London,68,33.275,33.144
2025-11-15 07:25:17.554219,London,89,37.124,53.389
2025-11-15 08:25:17.554219,London,126,18.292,29.906
2025-11-15 09:25:17.554219,London,98,7.758,83.508
2025-11-15 10:25:17.554219,London,84,13.026,46.159
2025-11-15 11:25:17.554219,London,104,26.93,69.353
2025-11-15 12:25:17.554219,London,70,10.839,53.473
2025-11-15 13:25:17.554219,London,93,15.634,39.614
2025-11-15 14:25:17.554219,London,135,11.167,28.56
2025-11-15 15:25:17.554219,London,117,32.749,36.684
2025-11-15 16:25:17.554219,London,123,31.283,58.648
2025-11-15 17:25:17.554219,London,108,32.032,55.673
2025-11-15 18:25:17.554219,London,119,11.861,38.268
2025-11-15 19:25:17.554219,London,126,7.163,37.24
2025-11-15 20:25:17.554219,London,124,13.079,43.949
2025-11-15 21:25:17.554219,London,103,16.386,32.113
2025-11-15 22:25:17.554219,London,87,26.375,66.759
2025-11-15 23:25:17.554219,London,118,26.097,26.666
2025-11-16 00:25:17.554219,London,113,5.572,54.885
2025-11-16 01:25:17.554219,London,100,8.105,87.258
2025-11-16 02:25:17.554219,London,82,15.066,60.578
2025-11-16 03:25:17.554219,London,116,12.896,71.479
2025-11-16 04:25:17.554219,London,75,17.902,89.482
2025-11-16 05:25:17.554219,London,102,32.209,85.699
2025-11-16 06:25:17.554219,London,124,36.769,35.229
2025-11-16 07:25:17.554219,London,40,14.844,42.225
2025-11-16 08:25:17.554219,London,84,26.288,58.278
2025-11-16 09:25:17.554219,London,63,23.448,62.426
2025-11-16 10:25:17.554219,London,99,5.184,49.386
2025-11-16 11:25:17.554219,London,89,11.796,75.582
2025-11-16 12:25:17.554219,London,102,8.98,71.604
2025-11-16 13:25:17.554219,London,72,10.685,57.969
2025-11-16 14:25:17.554219,London,120,20.105,83.914
2025-11-16 15:25:17.554219,London,97,29.302,70.687
2025-11-16 16:25:17.554219,London,148,6.375,35.214
2025-11-16 17:25:17.554219,London,78,35.052,53.841
2025-11-16 18:25:17.554219,London,95,34.099,89.507
2025-11-16 19:25:17.554219,London,107,32.92,80.969
2025-11-16 20:25:17.554219,London,116,24.846,45.333
2025-11-16 21:25:17.554219,London,93,34.608,67.203
2025-11-16 22:25:17.554219,London,75,24.655,86.541
2025-11-16 23:25:17.554219,London,116,11.016,27.644
2025-11-17 00:25:17.554219,London,107,11.609,85.469
2025-11-17 01:25:17.554219,London,89,9.237,89.215
2025-11-17 02:25:17.554219,London,135,34.98,87.076
2025-11-17 03:25:17.554219,London,86,29.845,47.234
2025-11-17 04:25:17.554219,London,159,25.459,42.57
2025-11-17 05:25:17.554219,London,109,36.346,74.122
2025-11-17 06:25:17.554219,London,116,5.758,29.93
2025-11-17 07:25:17.554219,London,122,31.787,76.204
2025-11-17 08:25:17.554219,London,64,11.506,63.526
2025-11-17 09:25:17.554219,London,90,17.393,30.051
2025-11-17 10:25:17.554219,London,102,5.074,36.786
2025-11-17 11:25:17.554219,London,118,7.348,56.869
2025-11-17 12:25:17.554219,London,102,9.376,72.809
2025-11-17 13:25:17.554219,London,88,34.276,61.867
2025-11-17 14:25:17.554219,London,79,37.133,28.544
2025-11-17 15:25:17.554219,London,108,30.982,35.318
2025-11-17 16:25:17.554219,London,157,6.559,87.574
2025-11-17 17:25:17.554219,London,161,17.739,48.53
2025-11-17 18:25:17.554219,London,110,9.987,52.499
2025-11-17 19:25:17.554219,London,94,12.26,25.933
2025-11-17 20:25:17.554219,London,97,28.333,38.979
2025-11-17 21:25:17.554219,London,95,32.866,67.502
2025-11-17 22:25:17.554219,London,98,26.428,87.152
2025-11-17 23:25:17.554219,London,112,28.57,34.931
2025-11-18 00:25:17.554219,London,89,9.34,26.204
2025-11-18 01:25:17.554219,London,91,29.381,57.723
2025-11-18 02:25:17.554219,London,86,18.766,66.535
2025-11-18 03:25:17.554219,London,117,18.065,71.399
2025-11-18 04:25:17.554219,London,92,28.967,62.169
2025-11-18 05:25:17.554219,London,104,9.811,80.833
2025-11-18 06:25:17.554219,London,65,23.455,80.629
2025-11-18 07:25:17.554219,London,67,26.787,46.724
2025-11-18 08:25:17.554219,London,109,20.071,54.917
2025-11-18 09:25:17.554219,London,74,6.215,78.912
2025-11-18 10:25:17.554219,London,93,30.254,72.685
2025-11-18 11:25:17.554219,London,94,34.218,29.488
2025-11-18 12:25:17.554219,London,108,28.316,55.466
2025-11-18 13:25:17.554219,London,118,28.929,69.751
2025-11-18 14:25:17.554219,London,90,8.188,54.393
2025-11-18 15:25:17.554219,London,111,22.525,34.096
2025-11-18 16:25:17.554219,London,77,19.655,52.372
2025-11-18 17:25:17.554219,London,147,23.462,51.175
2025-11-18 18:25:17.554219,London,89,33.41,79.282
2025-11-18 19:25:17.554219,London,146,22.171,29.065
2025-11-18 20:25:17.554219,London,114,33.362,54.067
2025-11-18 21:25:17.554219,London,59,9.469,57.703
2025-11-18 22:25:17.554219,London,82,33.34,25.271
2025-11-18 23:25:17.554219,London,115,10.969,64.775
2025-11-19 00:25:17.554219,London,58,9.757,50.451
2025-11-19 01:25:17.554219,London,114,23.983,37.434
2025-11-19 02:25:17.554219,London,89,27.4,56.279
2025-11-19 03:25:17.554219,London,106,31.234,81.364
2025-11-19 04:25:17.554219,London,106,17.364,29.448
2025-11-19 05:25:17.554219,London,80,30.928,81.902
2025-11-19 06:25:17.554219,London,93,18.552,38.601
2025-11-19 07:25:17.554219,London,127,16.789,46.033
2025-11-19 08:25:17.554219,London,108,17.43,42.011
2025-11-19 09:25:17.554219,London,94,10.127,75.109
2025-11-19 10:25:17.554219,London,84,12.044,51.656
2025-11-19 11:25:17.554219,London,75,34.321,74.114
2025-11-19 12:25:17.554219,London,116,29.46,69.477
2025-11-19 13:25:17.554219,London,113,13.646,57.704
2025-11-19 14:25:17.554219,London,143,36.19,78.271
2025-11-19 15:25:17.554219,London,134,18.134,40.754
2025-11-19 16:25:17.554219,London,77,36.812,54.763
2025-11-19 17:25:17.554219,London,125,24.462,29.223
2025-11-04 18:25:17.554219,Paris,95,27.674,81.397
2025-11-04 19:25:17.554219,Paris,152,16.097,78.543
2025-11-04 20:25:17.554219,Paris,117,14.632,60.744
2025-11-04 21:25:17.554219,Paris,125,10.215,73.734
2025-11-04 22:25:17.554219,Paris,77,25.785,75.848
2025-11-04 23:25:17.554219,Paris,90,8.428,59.918
2025-11-05 00:25:17.554219,Paris,102,17.419,87.683
2025-11-05 01:25:17.554219,Paris,65,22.862,45.359
2025-11-05 02:25:17.554219,Paris,124,23.053,33.652
2025-11-05 03:25:17.554219,Paris,113,14.455,30.532
2025-11-05 04:25:17.554219,Paris,121,9.054,89.428
2025-11-05 05:25:17.554219,Paris,70,37.059,76.201
2025-11-05 06:25:17.554219,Paris,91,10.83,45.915
2025-11-05 07:25:17.554219,Paris,115,24.049,65.649
2025-11-05 08:25:17.554219,Paris,145,31.506,63.329
2025-11-05 09:25:17.554219,Paris,104,37.98,39.652
2025-11-05 10:25:17.554219,Paris,162,5.14,53.394
2025-11-05 11:25:17.554219,Paris,158,22.781,26.831
2025-11-05 12:25:17.554219,Paris,77,8.799,50.705
2025-11-05 13:25:17.554219,Paris,114,15.499,27.422
2025-11-05 14:25:17.554219,Paris,106,15.079,85.753
2025-11-05 15:25:17.554219,Paris,129,9.11,73.644
2025-11-05 16:25:17.554219,Paris,131,12.787,30.153
2025-11-05 17:25:17.554219,Paris,118,29.577,74.362
2025-11-05 18:25:17.554219,Paris,99,17.717,78.661
2025-11-05 19:25:17.554219,Paris,87,28.413,42.034
2025-11-05 20:25:17.554219,Paris,98,28.703,57.71
2025-11-05 21:25:17.554219,Paris,91,35.763,65.73
2025-11-05 22:25:17.554219,Paris,165,26.412,35.867
2025-11-05 23:25:17.554219,Paris,102,13.581,30.295
2025-11-06 00:25:17.554219,Paris,128,13.891,58.866
2025-11-06 01:25:17.554219,Paris,76,30.461,43.901
2025-11-06 02:25:17.554219,Paris,117,32.937,71.852
2025-11-06 03:25:17.554219,Paris,117,13.606,63.327
2025-11-06 04:25:17.554219,Paris,65,11.327,54.017
2025-11-06 05:25:17.554219,Paris,115,17.788,80.082
2025-11-06 06:25:17.554219,Paris,92,22.619,60.68
2025-11-06 07:25:17.554219,Paris,98,10.039,60.387
2025-11-06 08:25:17.554219,Paris,83,37.883,61.252
2025-11-06 09:25:17.554219,Paris,106,31.799,25.882
2025-11-06 10:25:17.554219,Paris,117,32.069,28.069
2025-11-06 11:25:17.554219,Paris,108,31.125,79.946
2025-11-06 12:25:17.554219,Paris,92,7.675,78.661
2025-11-06 13:25:17.554219,Paris,101,17.998,64.229
2025-11-06 14:25:17.554219,Paris,126,37.922,62.385
2025-11-06 15:25:17.554219,Paris,152,5.063,35.078
2025-11-06 16:25:17.554219,Paris,92,32.76,44.115
2025-11-06 17:25:17.554219,Paris,111,27.445,26.015
2025-11-06 18:25:17.554219,Paris,63,36.322,89.003
2025-11-06 19:25:17.554219,Paris,97,26.382,68.325
2025-11-06 20:25:17.554219,Paris,75,11.205,71.825
2025-11-06 21:25:17.554219,Paris,86,21.527,73.024
2025-11-06 22:25:17.554219,Paris,110,29.771,62.723
2025-11-06 23:25:17.554219,Paris,91,15.25,59.265
2025-11-07 00:25:17.554219,Paris,104,11.925,89.167
2025-11-07 01:25:17.554219,Paris,99,11.773,76.325
2025-11-07 02:25:17.554219,Paris,82,33.927,88.503
2025-11-07 03:25:17.554219,Paris,109,16.803,33.761
2025-11-07 04:25:17.554219,Paris,72,25.387,88.726
2025-11-07 05:25:17.554219,Paris,114,24.184,59.235
2025-11-07 06:25:17.554219,Paris,117,7.241,38.849
2025-11-07 07:25:17.554219,Paris,110,19.776,47.957
2025-11-07 08:25:17.554219,Paris,66,17.504,33.52
2025-11-07 09:25:17.554219,Paris,107,29.834,82.536
2025-11-07 10:25:17.554219,Paris,129,24.158,32.28
2025-11-07 11:25:17.554219,Paris,156,21.044,85.074
2025-11-07 12:25:17.554219,Paris,94,30.787,62.68
2025-11-07 13:25:17.554219,Paris,120,27.77,35.097
2025-11-07 14:25:17.554219,Paris,105,32.106,69.964
2025-11-07 15:25:17.554219,Paris,115,14.083,58.244
2025-11-07 16:25:17.554219,Paris,108,18.418,52.551
2025-11-07 17:25:17.554219,Paris,117,34.23,40.504
2025-11-07 18:25:17.554219,Paris,84,26.826,34.59
2025-11-07 19:25:17.554219,Paris,119,19.084,81.395
2025-11-07 20:25:17.554219,Paris,187,14.926,48.151
2025-11-07 21:25:17.554219,Paris,96,26.883,37.043
2025-11-07 22:25:17.554219,Paris,129,6.195,37.188
2025-11-07 23:25:17.554219,Paris,126,22.85,62.76
2025-11-08 00:25:17.554219,Paris,111,35.302,82.381
2025-11-08 01:25:17.554219,Paris,139,28.209,89.037
2025-11-08 02:25:17.554219,Paris,156,26.07,81.412
2025-11-08 03:25:17.554219,Paris,86,5.594,39.279
2025-11-08 04:25:17.554219,Paris,158,36.659,45.361
2025-11-08 05:25:17.554219,Paris,99,27.391,60.725
2025-11-08 06:25:17.554219,Paris,133,19.815,68.358
2025-11-08 07:25:17.554219,Paris,84,12.567,66.892
2025-11-08 08:25:17.554219,Paris,97,26.765,28.068
2025-11-08 09:25:17.554219,Paris,170,10.278,71.825
2025-11-08 10:25:17.554219,Paris,110,23.331,46.056
2025-11-08 11:25:17.554219,Paris,129,30.437,72.737
2025-11-08 12:25:17.554219,Paris,107,28.169,79.353
2025-11-08 13:25:17.554219,Paris,75,23.426,40.206
2025-11-08 14:25:17.554219,Paris,72,12.143,38.727
2025-11-08 15:25:17.554219,Paris,90,20.249,60.162
2025-11-08 16:25:17.554219,Paris,111,30.688,80.929
2025-11-08 17:25:17.554219,Paris,97,30.4,68.816
2025-11-08 18:25:17.554219,Paris,105,19.862,57.817
2025-11-08 19:25:17.554219,Paris,113,16.98,78.102
2025-11-08 20:25:17.554219,Paris,62,7.211,78.743
2025-11-08 21:25:17.554219,Paris,120,32.973,59.068
2025-11-08 22:25:17.554219,Paris,133,6.73,63.471
2025-11-08 23:25:17.554219,Paris,98,25.586,88.232
2025-11-09 00:25:17.554219,Paris,94,19.772,87.199
2025-11-09 01:25:17.554219,Paris,133,11.163,41.99
2025-11-09 02:25:17.554219,Paris,140,24.858,38.017
2025-11-09 03:25:17.554219,Paris,131,36.449,48.627
2025-11-09 04:25:17.554219,Paris,94,24.594,30.832
2025-11-09 05:25:17.554219,Paris,106,22.434,63.978
2025-11-09 06:25:17.554219,Paris,88,32.795,41.455
2025-11-09 07:25:17.554219,Paris,87,11.278,50.375
2025-11-09 08:25:17.554219,Paris,92,13.724,86.035
2025-11-09 09:25:17.554219,Paris,124,12.562,35.792
2025-11-09 10:25:17.554219,Paris,99,24.565,41.162
2025-11-09 11:25:17.554219,Paris,159,15.906,73.407
2025-11-09 12:25:17.554219,Paris,130,27.083,25.858
2025-11-09 13:25:17.554219,Paris,105,24.961,60.9
2025-11-09 14:25:17.554219,Paris,88,29.744,56.753
2025-11-09 15:25:17.554219,Paris,66,14.485,33.543
2025-11-09 16:25:17.554219,Paris,93,15.712,49.88
2025-11-09 17:25:17.554219,Paris,111,15.87,73.221
2025-11-09 18:25:17.554219,Paris,87,16.254,64.993
2025-11-09 19:25:17.554219,Paris,97,21.28,42.271
2025-11-09 20:25:17.554219,Paris,57,26.744,85.479
2025-11-09 21:25:17.554219,Paris,80,18.71,72.13
2025-11-09 22:25:17.554219,Paris,141,34.411,71.918
2025-11-09 23:25:17.554219,Paris,58,25.629,81.247
2025-11-10 00:25:17.554219,Paris,89,21.267,37.762
2025-11-10 01:25:17.554219,Paris,104,28.114,76.668
2025-11-10 02:25:17.554219,Paris,102,32.363,84.55
2025-11-10 03:25:17.554219,Paris,94,15.836,88.948
2025-11-10 04:25:17.554219,Paris,115,11.396,34.389
2025-11-10 05:25:17.554219,Paris,114,6.435,66.583
2025-11-10 06:25:17.554219,Paris,101,6.053,60.416
2025-11-10 07:25:17.554219,Paris,131,36.392,85.063
2025-11-10 08:25:17.554219,Paris,132,20.278,53.715
2025-11-10 09:25:17.554219,Paris,127,36.902,72.296
2025-11-10 10:25:17.554219,Paris,108,37.25,76.158
2025-11-10 11:25:17.554219,Paris,146,21.133,38.798
2025-11-10 12:25:17.554219,Paris,87,20.969,48.228
2025-11-10 13:25:17.554219,Paris,102,12.936,46.185
2025-11-10 14:25:17.554219,Paris,72,25.916,33.643
2025-11-10 15:25:17.554219,Paris,101,16.031,50.371
2025-11-10 16:25:17.554219,Paris,101,27.14,41.202
2025-11-10 17:25:17.554219,Paris,92,11.41,89.302
2025-11-10 18:25:17.554219,Paris,119,9.505,48.055
2025-11-10 19:25:17.554219,Paris,89,32.46,85.084
2025-11-10 20:25:17.554219,Paris,88,28.324,45.802
2025-11-10 21:25:17.554219,Paris,108,7.073,47.741
2025-11-10 22:25:17.554219,Paris,58,19.334,25.602
2025-11-10 23:25:17.554219,Paris,62,24.03,55.89
2025-11-11 00:25:17.554219,Paris,86,10.181,84.155
2025-11-11 01:25:17.554219,Paris,103,26.88,51.026
2025-11-11 02:25:17.554219,Paris,124,12.633,33.107
2025-11-11 03:25:17.554219,Paris,150,34.784,67.107
2025-11-11 04:25:17.554219,Paris,140,12.405,70.061
2025-11-11 05:25:17.554219,Paris,97,8.839,63.951
2025-11-11 06:25:17.554219,Paris,72,18.638,28.7
2025-11-11 07:25:17.554219,Paris,112,21.625,40.358
2025-11-11 08:25:17.554219,Paris,56,29.225,33.556
2025-11-11 09:25:17.554219,Paris,172,11.99,89.847
2025-11-11 10:25:17.554219,Paris,122,31.605,39.194
2025-11-11 11:25:17.554219,Paris,75,36.455,39.296
2025-11-11 12:25:17.554219,Paris,100,5.698,70.834
2025-11-11 13:25:17.554219,Paris,99,32.962,67.629
2025-11-11 14:25:17.554219,Paris,88,8.584,55.315
2025-11-11 15:25:17.554219,Paris,118,12.39,36.069
2025-11-11 16:25:17.554219,Paris,95,6.95,68.759
2025-11-11 17:25:17.554219,Paris,65,15.507,84.44
2025-11-11 18:25:17.554219,Paris,68,37.456,39.896
2025-11-11 19:25:17.554219,Paris,159,30.815,64.771
2025-11-11 20:25:17.554219,Paris,105,27.81,70.057
2025-11-11 21:25:17.554219,Paris,94,35.566,32.427
2025-11-11 22:25:17.554219,Paris,101,24.361,38.329
2025-11-11 23:25:17.554219,Paris,49,22.336,50.012
2025-11-12 00:25:17.554219,Paris,82,22.96,30.749
2025-11-12 01:25:17.554219,Paris,115,18.464,35.336
2025-11-12 02:25:17.554219,Paris,136,33.637,87.369
2025-11-12 03:25:17.554219,Paris,97,12.209,57.988
2025-11-12 04:25:17.554219,Paris,91,35.226,76.017
2025-11-12 05:25:17.554219,Paris,97,20.743,52.224
2025-11-12 06:25:17.554219,Paris,105,27.04,46.26
2025-11-12 07:25:17.554219,Paris,138,8.303,48.093
2025-11-12 08:25:17.554219,Paris,118,23.157,72.359
2025-11-12 09:25:17.554219,Paris,101,30.023,70.164
2025-11-12 10:25:17.554219,Paris,64,23.454,85.046
2025-11-12 11:25:17.554219,Paris,94,27.727,80.603
2025-11-12 12:25:17.554219,Paris,97,28.176,76.751
2025-11-12 13:25:17.554219,Paris,129,32.67,70.803
2025-11-12 14:25:17.554219,Paris,93,5.824,26.421
2025-11-12 15:25:17.554219,Paris,129,22.329,86.592
2025-11-12 16:25:17.554219,Paris,101,24.381,30.447
2025-11-12 17:25:17.554219,Paris,104,35.707,63.633
2025-11-12 18:25:17.554219,Paris,138,27.009,73.323
2025-11-12 19:25:17.554219,Paris,77,18.45,86.261
2025-11-12 20:25:17.554219,Paris,78,22.393,31.319
2025-11-12 21:25:17.554219,Paris,122,27.159,29.49
2025-11-12 22:25:17.554219,Paris,115,12.762,61.798
2025-11-12 23:25:17.554219,Paris,95,16.251,54.307
2025-11-13 00:25:17.554219,Paris,77,34.488,86.084
2025-11-13 01:25:17.554219,Paris,93,34.01,81.491
2025-11-13 02:25:17.554219,Paris,128,30.439,82.53
2025-11-13 03:25:17.554219,Paris,124,18.993,81.688
2025-11-13 04:25:17.554219,Paris,110,11.432,87.443
2025-11-13 05:25:17.554219,Paris,138,5.043,81.336
2025-11-13 06:25:17.554219,Paris,91,36.213,37.791
2025-11-13 07:25:17.554219,Paris,110,28.426,81.824
2025-11-13 08:25:17.554219,Paris,100,14.348,37.052
2025-11-13 09:25:17.554219,Paris,66,35.305,37.103
2025-11-13 10:25:17.554219,Paris,79,36.385,31.675
2025-11-13 11:25:17.554219,Paris,124,33.164,73.19
2025-11-13 12:25:17.554219,Paris,106,29.614,54.187
2025-11-13 13:25:17.554219,Paris,80,22.503,63.635
2025-11-13 14:25:17.554219,Paris,103,24.492,60.018
2025-11-13 15:25:17.554219,Paris,140,19.186,26.628
2025-11-13 16:25:17.554219,Paris,105,30.01,55.411
2025-11-13 17:25:17.554219,Paris,79,18.229,35.537
2025-11-13 18:25:17.554219,Paris,112,23.204,40.955
2025-11-13 19:25:17.554219,Paris,139,20.391,59.594
2025-11-13 20:25:17.554219,Paris,88,21.004,56.001
2025-11-13 21:25:17.554219,Paris,126,26.86,71.807
2025-11-13 22:25:17.554219,Paris,89,25.928,74.321
2025-11-13 23:25:17.554219,Paris,80,34.777,65.576
2025-11-14 00:25:17.554219,Paris,105,27.795,26.363
2025-11-14 01:25:17.554219,Paris,138,21.205,25.122
2025-11-14 02:25:17.554219,Paris,160,14.104,46.465
2025-11-14 03:25:17.554219,Paris,101,26.551,32.391
2025-11-14 04:25:17.554219,Paris,75,29.621,45.809
2025-11-14 05:25:17.554219,Paris,90,8.32,74.292
2025-11-14 06:25:17.554219,Paris,156,27.274,80.533
2025-11-14 07:25:17.554219,Paris,82,24.104,57.678
2025-11-14 08:25:17.554219,Paris,147,24.92,30.135
2025-11-14 09:25:17.554219,Paris,129,20.966,84.036
2025-11-14 10:25:17.554219,Paris,117,24.911,37.871
2025-11-14 11:25:17.554219,Paris,123,5.263,72.31
2025-11-14 12:25:17.554219,Paris,105,20.127,49.76
2025-11-14 13:25:17.554219,Paris,106,28.779,71.538
2025-11-14 14:25:17.554219,Paris,104,12.279,52.99
2025-11-14 15:25:17.554219,Paris,91,29.325,82.652
2025-11-14 16:25:17.554219,Paris,73,20.693,38.362
2025-11-14 17:25:17.554219,Paris,106,10.97,89.121
2025-11-14 18:25:17.554219,Paris,95,24.414,34.552
2025-11-14 19:25:17.554219,Paris,104,13.627,28.376
2025-11-14 20:25:17.554219,Paris,128,32.487,62.925
2025-11-14 21:25:17.554219,Paris,93,9.404,84.905
2025-11-14 22:25:17.554219,Paris,114,23.656,25.7
2025-11-14 23:25:17.554219,Paris,108,10.139,33.963
2025-11-15 00:25:17.554219,Paris,126,22.922,34.39
2025-11-15 01:25:17.554219,Paris,120,10.399,82.379
2025-11-15 02:25:17.554219,Paris,106,19.173,28.77
2025-11-15 03:25:17.554219,Paris,123,36.16,40.613
2025-11-15 04:25:17.554219,Paris,73,28.635,42.23
2025-11-15 05:25:17.554219,Paris,98,7.093,30.087
2025-11-15 06:25:17.554219,Paris,97,13.599,31.717
2025-11-15 07:25:17.554219,Paris,63,11.613,81.328
2025-11-15 08:25:17.554219,Paris,110,35.38,61.099
2025-11-15 09:25:17.554219,Paris,108,12.984,52.08
2025-11-15 10:25:17.554219,Paris,102,18.173,36.474
2025-11-15 11:25:17.554219,Paris,68,14.998,62.376
2025-11-15 12:25:17.554219,Paris,135,12.966,79.623
2025-11-15 13:25:17.554219,Paris,85,20.189,62.338
2025-11-15 14:25:17.554219,Paris,74,16.505,76.625
2025-11-15 15:25:17.554219,Paris,130,35.938,51.096
2025-11-15 16:25:17.554219,Paris,147,6.308,26.227
2025-11-15 17:25:17.554219,Paris,40,27.235,33.931
2025-11-15 18:25:17.554219,Paris,93,29.754,49.894
2025-11-15 19:25:17.554219,Paris,78,16.379,59.006
2025-11-15 20:25:17.554219,Paris,124,35.361,58.321
2025-11-15 21:25:17.554219,Paris,94,26.279,38.029
2025-11-15 22:25:17.554219,Paris,81,32.487,68.066
2025-11-15 23:25:17.554219,Paris,121,35.76,27.376
2025-11-16 00:25:17.554219,Paris,82,8.197,71.744
2025-11-16 01:25:17.554219,Paris,124,37.34,33.902
2025-11-16 02:25:17.554219,Paris,85,31.496,63.317
2025-11-16 03:25:17.554219,Paris,83,8.526,69.179
2025-11-16 04:25:17.554219,Paris,120,31.666,54.266
2025-11-16 05:25:17.554219,Paris,129,8.246,58.249
2025-11-16 06:25:17.554219,Paris,102,17.763,73.769
2025-11-16 07:25:17.554219,Paris,134,12.963,71.755
2025-11-16 08:25:17.554219,Paris,54,5.765,66.501
2025-11-16 09:25:17.554219,Paris,125,37.468,85.039
2025-11-16 10:25:17.554219,Paris,90,5.55,43.465
2025-11-16 11:25:17.554219,Paris,110,15.226,54.367
2025-11-16 12:25:17.554219,Paris,88,30.307,86.237
2025-11-16 13:25:17.554219,Paris,95,37.68,52.232
2025-11-16 14:25:17.554219,Paris,101,35.125,39.625
2025-11-16 15:25:17.554219,Paris,133,33.084,74.579
2025-11-16 16:25:17.554219,Paris,151,19.108,84.914
2025-11-16 17:25:17.554219,Paris,76,15.846,60.2
2025-11-16 18:25:17.554219,Paris,98,20.573,85.27
2025-11-16 19:25:17.554219,Paris,111,20.224,43.974
2025-11-16 20:25:17.554219,Paris,71,22.399,42.54
2025-11-16 21:25:17.554219,Paris,133,10.694,52.004
2025-11-16 22:25:17.554219,Paris,125,25.546,76.418
2025-11-16 23:25:17.554219,Paris,79,12.295,47.838
2025-11-17 00:25:17.554219,Paris,81,31.53,37.047
2025-11-17 01:25:17.554219,Paris,91,12.758,81.6
2025-11-17 02:25:17.554219,Paris,116,24.536,51.4
2025-11-17 03:25:17.554219,Paris,86,15.589,65.631
2025-11-17 04:25:17.554219,Paris,81,5.401,27.58
2025-11-17 05:25:17.554219,Paris,61,24.781,65.209
2025-11-17 06:25:17.554219,Paris,128,15.553,50.556
2025-11-17 07:25:17.554219,Paris,91,22.48,29.15
2025-11-17 08:25:17.554219,Paris,137,29.05,66.204
2025-11-17 09:25:17.554219,Paris,95,27.542,38.505
2025-11-17 10:25:17.554219,Paris,108,18.781,40.47
2025-11-17 11:25:17.554219,Paris,141,15.398,82.27
2025-11-17 12:25:17.554219,Paris,144,34.808,83.684
2025-11-17 13:25:17.554219,Paris,132,25.258,29.417
2025-11-17 14:25:17.554219,Paris,81,15.652,32.672
2025-11-17 15:25:17.554219,Paris,140,22.849,29.956
2025-11-17 16:25:17.554219,Paris,100,18.687,42.589
2025-11-17 17:25:17.554219,Paris,122,31.815,87.735
2025-11-17 18:25:17.554219,Paris,131,23.67,70.846
2025-11-17 19:25:17.554219,Paris,139,36.461,26.7
2025-11-17 20:25:17.554219,Paris,153,15.868,69.695
2025-11-17 21:25:17.554219,Paris,71,11.978,52.413
2025-11-17 22:25:17.554219,Paris,46,31.497,34.577
2025-11-17 23:25:17.554219,Paris,87,5.927,32.35
2025-11-18 00:25:17.554219,Paris,115,6.97,30.507
2025-11-18 01:25:17.554219,Paris,152,14.308,51.562
2025-11-18 02:25:17.554219,Paris,111,33.3,64.316
2025-11-18 03:25:17.554219,Paris,131,10.353,81.25
2025-11-18 04:25:17.554219,Paris,107,18.609,87.21
2025-11-18 05:25:17.554219,Paris,82,10.178,75.784
2025-11-18 06:25:17.554219,Paris,116,5.825,30.297
2025-11-18 07:25:17.554219,Paris,68,32.631,28.728
2025-11-18 08:25:17.554219,Paris,104,11.744,48.115
2025-11-18 09:25:17.554219,Paris,116,11.38,78.574
2025-11-18 10:25:17.554219,Paris,143,25.297,25.556
2025-11-18 11:25:17.554219,Paris,122,8.375,58.212
2025-11-18 12:25:17.554219,Paris,108,21.213,58.844
2025-11-18 13:25:17.554219,Paris,173,6.907,68.081
2025-11-18 14:25:17.554219,Paris,62,24.813,67.201
2025-11-18 15:25:17.554219,Paris,52,31.033,44.126
2025-11-18 16:25:17.554219,Paris,77,15.507,32.279
2025-11-18 17:25:17.554219,Paris,118,27.061,25.086
2025-11-18 18:25:17.554219,Paris,105,32.822,61.146
2025-11-18 19:25:17.554219,Paris,121,11.805,54.311
2025-11-18 20:25:17.554219,Paris,66,5.129,72.467
2025-11-18 21:25:17.554219,Paris,103,32.506,32.901
2025-11-18 22:25:17.554219,Paris,118,29.685,31.249
2025-11-18 23:25:17.554219,Paris,149,5.227,88.801
2025-11-19 00:25:17.554219,Paris,110,35.62,59.397
2025-11-19 01:25:17.554219,Paris,100,34.536,26.746
2025-11-19 02:25:17.554219,Paris,153,6.618,26.082
2025-11-19 03:25:17.554219,Paris,66,6.417,70.501
2025-11-19 04:25:17.554219,Paris,138,18.559,84.433
2025-11-19 05:25:17.554219,Paris,140,9.362,32.624
2025-11-19 06:25:17.554219,Paris,87,9.51,87.532
2025-11-19 07:25:17.554219,Paris,83,7.709,89.98
2025-11-19 08:25:17.554219,Paris,45,36.163,58.51
2025-11-19 09:25:17.554219,Paris,107,7.543,68.621
2025-11-19 10:25:17.554219,Paris,153,17.14,45.929
2025-11-19 11:25:17.554219,Paris,113,16.327,66.265
2025-11-19 12:25:17.554219,Paris,116,31.209,87.845
2025-11-19 13:25:17.554219,Paris,115,36.599,35.471
2025-11-19 14:25:17.554219,Paris,109,32.841,73.376
2025-11-19 15:25:17.554219,Paris,113,35.328,86.456
2025-11-19 16:25:17.554219,Paris,96,31.677,25.206
2025-11-19 17:25:17.554219,Paris,69,16.651,39.894
2025-11-04 18:25:17.554219,Berlin,107,25.385,60.734
2025-11-04 19:25:17.554219,Berlin,72,22.344,53.075
2025-11-04 20:25:17.554219,Berlin,64,20.481,64.515
2025-11-04 21:25:17.554219,Berlin,92,10.269,58.551
2025-11-04 22:25:17.554219,Berlin,120,37.529,61.212
2025-11-04 23:25:17.554219,Berlin,101,14.974,50.967
2025-11-05 00:25:17.554219,Berlin,139,14.327,69.718
2025-11-05 01:25:17.554219,Berlin,106,25.028,75.104
2025-11-05 02:25:17.554219,Berlin,108,6.728,63.967
2025-11-05 03:25:17.554219,Berlin,151,11.672,54.383
2025-11-05 04:25:17.554219,Berlin,110,12.872,78.868
2025-11-05 05:25:17.554219,Berlin,88,6.788,36.686
2025-11-05 06:25:17.554219,Berlin,146,32.639,31.812
2025-11-05 07:25:17.554219,Berlin,86,17.951,63.005
2025-11-05 08:25:17.554219,Berlin,81,21.369,70.592
2025-11-05 09:25:17.554219,Berlin,182,19.775,80.554
2025-11-05 10:25:17.554219,Berlin,98,12.574,72.848
2025-11-05 11:25:17.554219,Berlin,100,35.369,50.837
2025-11-05 12:25:17.554219,Berlin,108,12.695,64.541
2025-11-05 13:25:17.554219,Berlin,155,22.835,51.618
2025-11-05 14:25:17.554219,Berlin,63,28.522,49.425
2025-11-05 15:25:17.554219,Berlin,101,23.106,30.286
2025-11-05 16:25:17.554219,Berlin,162,23.89,41.854
2025-11-05 17:25:17.554219,Berlin,59,32.852,47.182
2025-11-05 18:25:17.554219,Berlin,111,17.804,29.602
2025-11-05 19:25:17.554219,Berlin,85,21.048,44.989
2025-11-05 20:25:17.554219,Berlin,102,32.236,77.34
2025-11-05 21:25:17.554219,Berlin,76,19.68,68.53
2025-11-05 22:25:17.554219,Berlin,149,25.532,29.937
2025-11-05 23:25:17.554219,Berlin,115,16.762,31.391
2025-11-06 00:25:17.554219,Berlin,106,36.731,50.049
2025-11-06 01:25:17.554219,Berlin,112,22.391,64.607
2025-11-06 02:25:17.554219,Berlin,94,6.765,35.957
2025-11-06 03:25:17.554219,Berlin,87,8.938,57.583
2025-11-06 04:25:17.554219,Berlin,66,6.136,56.373
2025-11-06 05:25:17.554219,Berlin,111,37.283,40.854
2025-11-06 06:25:17.554219,Berlin,109,29.338,31.566
2025-11-06 07:25:17.554219,Berlin,107,25.402,31.924
2025-11-06 08:25:17.554219,Berlin,104,34.432,69.226
2025-11-06 09:25:17.554219,Berlin,91,14.713,37.792
2025-11-06 10:25:17.554219,Berlin,104,20.081,77.086
2025-11-06 11:25:17.554219,Berlin,90,7.636,43.442
2025-11-06 12:25:17.554219,Berlin,147,25.97,27.371
2025-11-06 13:25:17.554219,Berlin,119,14.584,44.127
2025-11-06 14:25:17.554219,Berlin,121,19.781,80.489
2025-11-06 15:25:17.554219,Berlin,98,7.44,84.725
2025-11-06 16:25:17.554219,Berlin,69,6.337,42.724
2025-11-06 17:25:17.554219,Berlin,138,36.179,58.656
2025-11-06 18:25:17.554219,Berlin,72,10.487,28.977
2025-11-06 19:25:17.554219,Berlin,91,22.913,27.246
2025-11-06 20:25:17.554219,Berlin,115,19.683,84.365
2025-11-06 21:25:17.554219,Berlin,67,5.192,44.779
2025-11-06 22:25:17.554219,Berlin,118,22.987,79.55
2025-11-06 23:25:17.554219,Berlin,112,12.623,89.702
2025-11-07 00:25:17.554219,Berlin,128,21.862,76.234
2025-11-07 01:25:17.554219,Berlin,71,7.907,31.023
2025-11-07 02:25:17.554219,Berlin,105,31.641,47.543
2025-11-07 03:25:17.554219,Berlin,100,20.411,40.188
2025-11-07 04:25:17.554219,Berlin,103,25.513,60.989
2025-11-07 05:25:17.554219,Berlin,141,33.394,38.118
2025-11-07 06:25:17.554219,Berlin,98,32.818,88.694
2025-11-07 07:25:17.554219,Berlin,138,23.614,68.19
2025-11-07 08:25:17.554219,Berlin,75,10.263,32.624
2025-11-07 09:25:17.554219,Berlin,133,35.763,39.724
2025-11-07 10:25:17.554219,Berlin,123,8.149,73.985
2025-11-07 11:25:17.554219,Berlin,95,35.134,65.232
2025-11-07 12:25:17.554219,Berlin,138,35.692,69.087
2025-11-07 13:25:17.554219,Berlin,94,30.687,85.24
2025-11-07 14:25:17.554219,Berlin,89,35.199,56.249
2025-11-07 15:25:17.554219,Berlin,86,6.52,71.234
2025-11-07 16:25:17.554219,Berlin,134,23.49,32.544
2025-11-07 17:25:17.554219,Berlin,102,19.998,66.898
2025-11-07 18:25:17.554219,Berlin,89,10.788,71.951
2025-11-07 19:25:17.554219,Berlin,104,10.304,50.315
2025-11-07 20:25:17.554219,Berlin,91,28.585,43.995
2025-11-07 21:25:17.554219,Berlin,116,28.885,89.115
2025-11-07 22:25:17.554219,Berlin,122,10.402,49.809
2025-11-07 23:25:17.554219,Berlin,58,31.079,61.362
2025-11-08 00:25:17.554219,Berlin,96,30.7,30.305
2025-11-08 01:25:17.554219,Berlin,131,7.982,25.837
2025-11-08 02:25:17.554219,Berlin,114,21.461,42.963
2025-11-08 03:25:17.554219,Berlin,140,30.752,76.375
2025-11-08 04:25:17.554219,Berlin,106,27.244,72.864
2025-11-08 05:25:17.554219,Berlin,149,37.394,71.564
2025-11-08 06:25:17.554219,Berlin,76,17.444,52.794
2025-11-08 07:25:17.554219,Berlin,92,25.772,74.887
2025-11-08 08:25:17.554219,Berlin,140,24.855,30.638
2025-11-08 09:25:17.554219,Berlin,111,24.966,45.884
2025-11-08 10:25:17.554219,Berlin,78,33.534,60.515
2025-11-08 11:25:17.554219,Berlin,111,17.533,56.849
2025-11-08 12:25:17.554219,Berlin,98,20.546,84.37
2025-11-08 13:25:17.554219,Berlin,81,23.707,48.628
2025-11-08 14:25:17.554219,Berlin,69,29.93,56.186
2025-11-08 15:25:17.554219,Berlin,95,5.065,32.003
2025-11-08 16:25:17.554219,Berlin,88,13.607,29.48
2025-11-08 17:25:17.554219,Berlin,64,7.999,78.15
2025-11-08 18:25:17.554219,Berlin,92,22.955,35.112
2025-11-08 19:25:17.554219,Berlin,105,26.109,56.768
2025-11-08 20:25:17.554219,Berlin,70,7.213,40.396
2025-11-08 21:25:17.554219,Berlin,88,33.818,89.055
2025-11-08 22:25:17.554219,Berlin,118,18.873,50.046
2025-11-08 23:25:17.554219,Berlin,136,19.886,86.228
2025-11-09 00:25:17.554219,Berlin,103,7.292,81.365
2025-11-09 01:25:17.554219,Berlin,101,28.668,86.515
2025-11-09 02:25:17.554219,Berlin,88,21.51,62.268
2025-11-09 03:25:17.554219,Berlin,80,24.244,57.317
2025-11-09 04:25:17.554219,Berlin,56,28.274,59.351
2025-11-09 05:25:17.554219,Berlin,117,19.67,26.986
2025-11-09 06:25:17.554219,Berlin,121,25.51,63.263
2025-11-09 07:25:17.554219,Berlin,65,34.513,66.529
2025-11-09 08:25:17.554219,Berlin,74,17.661,38.75
2025-11-09 09:25:17.554219,Berlin,115,19.592,32.876
2025-11-09 10:25:17.554219,Berlin,112,16.48,70.247
2025-11-09 11:25:17.554219,Berlin,108,12.567,55.857
2025-11-09 12:25:17.554219,Berlin,94,30.796,84.183
2025-11-09 13:25:17.554219,Berlin,126,32.638,56.551
2025-11-09 14:25:17.554219,Berlin,141,15.337,68.389
2025-11-09 15:25:17.554219,Berlin,124,24.33,79.745
2025-11-09 16:25:17.554219,Berlin,107,27.521,69.351
2025-11-09 17:25:17.554219,Berlin,81,29.166,40.115
2025-11-09 18:25:17.554219,Berlin,100,10.054,77.269
2025-11-09 19:25:17.554219,Berlin,135,26.497,36.76
2025-11-09 20:25:17.554219,Berlin,120,33.749,70.131
2025-11-09 21:25:17.554219,Berlin,130,18.892,25.101
2025-11-09 22:25:17.554219,Berlin,83,15.064,47.754
2025-11-09 23:25:17.554219,Berlin,108,13.468,36.563
2025-11-10 00:25:17.554219,Berlin,149,5.376,67.585
2025-11-10 01:25:17.554219,Berlin,102,11.331,59.677
2025-11-10 02:25:17.554219,Berlin,91,21.247,83.09
2025-11-10 03:25:17.554219,Berlin,99,22.809,40.973
2025-11-10 04:25:17.554219,Berlin,73,18.941,73.639
2025-11-10 05:25:17.554219,Berlin,143,5.626,34.299
2025-11-10 06:25:17.554219,Berlin,68,20.484,77.948
2025-11-10 07:25:17.554219,Berlin,124,26.098,80.101
2025-11-10 08:25:17.554219,Berlin,104,23.403,57.016
2025-11-10 09:25:17.554219,Berlin,88,23.15,47.269
2025-11-10 10:25:17.554219,Berlin,90,21.377,62.949
2025-11-10 11:25:17.554219,Berlin,109,15.38,89.488
2025-11-10 12:25:17.554219,Berlin,72,32.284,87.16
2025-11-10 13:25:17.554219,Berlin,79,23.212,80.376
2025-11-10 14:25:17.554219,Berlin,98,5.391,36.214
2025-11-10 15:25:17.554219,Berlin,140,26.713,72.863
2025-11-10 16:25:17.554219,Berlin,96,34.543,82.479
2025-11-10 17:25:17.554219,Berlin,98,7.539,26.787
2025-11-10 18:25:17.554219,Berlin,136,26.053,82.685
2025-11-10 19:25:17.554219,Berlin,121,17.295,58.148
2025-11-10 20:25:17.554219,Berlin,84,34.808,63.265
2025-11-10 21:25:17.554219,Berlin,125,9.413,63.722
2025-11-10 22:25:17.554219,Berlin,89,23.778,85.259
2025-11-10 23:25:17.554219,Berlin,105,10.044,74.714
2025-11-11 00:25:17.554219,Berlin,160,8.952,42.329
2025-11-11 01:25:17.554219,Berlin,105,12.176,34.728
2025-11-11 02:25:17.554219,Berlin,182,27.262,25.352
2025-11-11 03:25:17.554219,Berlin,80,29.912,87.215
2025-11-11 04:25:17.554219,Berlin,101,13.648,61.951
2025-11-11 05:25:17.554219,Berlin,128,29.393,26.609
2025-11-11 06:25:17.554219,Berlin,122,36.89,67.779
2025-11-11 07:25:17.554219,Berlin,89,13.661,65.373
2025-11-11 08:25:17.554219,Berlin,125,11.513,30.058
2025-11-11 09:25:17.554219,Berlin,104,8.638,46.143
2025-11-11 10:25:17.554219,Berlin,92,19.157,70.021
2025-11-11 11:25:17.554219,Berlin,95,21.275,47.169
2025-11-11 12:25:17.554219,Berlin,93,9.345,48.568
2025-11-11 13:25:17.554219,Berlin,126,32.97,45.854
2025-11-11 14:25:17.554219,Berlin,79,16.034,83.946
2025-11-11 15:25:17.554219,Berlin,72,22.327,44.225
2025-11-11 16:25:17.554219,Berlin,78,17.186,35.271
2025-11-11 17:25:17.554219,Berlin,101,18.633,36.409
2025-11-11 18:25:17.554219,Berlin,79,29.895,53.487
2025-11-11 19:25:17.554219,Berlin,133,14.639,38.745
2025-11-11 20:25:17.554219,Berlin,82,24.979,80.738
2025-11-11 21:25:17.554219,Berlin,82,14.683,57.639
2025-11-11 22:25:17.554219,Berlin,69,12.857,80.315
2025-11-11 23:25:17.554219,Berlin,65,37.521,88.775
2025-11-12 00:25:17.554219,Berlin,93,5.531,76.538
2025-11-12 01:25:17.554219,Berlin,131,25.842,81.193
2025-11-12 02:25:17.554219,Berlin,98,37.534,78.765
2025-11-12 03:25:17.554219,Berlin,119,8.429,79.112
2025-11-12 04:25:17.554219,Berlin,139,35.132,48.372
2025-11-12 05:25:17.554219,Berlin,90,18.673,69.33
2025-11-12 06:25:17.554219,Berlin,136,35.596,28.252
2025-11-12 07:25:17.554219,Berlin,109,9.081,47.313
2025-11-12 08:25:17.554219,Berlin,113,33.933,47.78
2025-11-12 09:25:17.554219,Berlin,129,36.01,55.933
2025-11-12 10:25:17.554219,Berlin,78,24.78,45.147
2025-11-12 11:25:17.554219,Berlin,82,16.592,79.3
2025-11-12 12:25:17.554219,Berlin,111,24.013,45.299
2025-11-12 13:25:17.554219,Berlin,129,25.104,27.792
2025-11-12 14:25:17.554219,Berlin,110,27.129,51.653
2025-11-12 15:25:17.554219,Berlin,176,25.494,36.636
2025-11-12 16:25:17.554219,Berlin,87,20.87,38.097
2025-11-12 17:25:17.554219,Berlin,111,10.675,32.377
2025-11-12 18:25:17.554219,Berlin,94,19.832,43.119
2025-11-12 19:25:17.554219,Berlin,127,32.011,57.318
2025-11-12 20:25:17.554219,Berlin,116,5.667,41.876
2025-11-12 21:25:17.554219,Berlin,116,31.461,45.057
2025-11-12 22:25:17.554219,Berlin,149,23.359,62.121
2025-11-12 23:25:17.554219,Berlin,142,22.344,42.252
2025-11-13 00:25:17.554219,Berlin,149,31.384,55.897
2025-11-13 01:25:17.554219,Berlin,99,26.562,78.717
2025-11-13 02:25:17.554219,Berlin,90,20.605,35.702
2025-11-13 03:25:17.554219,Berlin,95,22.083,40.353
2025-11-13 04:25:17.554219,Berlin,102,31.6,88.903
2025-11-13 05:25:17.554219,Berlin,108,30.685,71.501
2025-11-13 06:25:17.554219,Berlin,97,6.732,71.984
2025-11-13 07:25:17.554219,Berlin,142,20.891,80.656
2025-11-13 08:25:17.554219,Berlin,105,10.807,46.059
2025-11-13 09:25:17.554219,Berlin,124,19.055,62.47
2025-11-13 10:25:17.554219,Berlin,98,13.276,40.898
2025-11-13 11:25:17.554219,Berlin,101,8.247,64.208
2025-11-13 12:25:17.554219,Berlin,110,23.084,44.844
2025-11-13 13:25:17.554219,Berlin,63,19.14,58.402
2025-11-13 14:25:17.554219,Berlin,57,35.497,48.316
2025-11-13 15:25:17.554219,Berlin,105,13.194,80.309
2025-11-13 16:25:17.554219,Berlin,96,7.311,37.365
2025-11-13 17:25:17.554219,Berlin,69,37.48,38.668
2025-11-13 18:25:17.554219,Berlin,92,23.324,63.931
2025-11-13 19:25:17.554219,Berlin,129,33.408,62.444
2025-11-13 20:25:17.554219,Berlin,98,12.16,32.661
2025-11-13 21:25:17.554219,Berlin,129,8.092,84.018
2025-11-13 22:25:17.554219,Berlin,130,30.77,59.039
2025-11-13 23:25:17.554219,Berlin,96,33.567,64.547
2025-11-14 00:25:17.554219,Berlin,92,12.624,31.571
2025-11-14 01:25:17.554219,Berlin,58,14.998,76.768
2025-11-14 02:25:17.554219,Berlin,94,22.285,80.91
2025-11-14 03:25:17.554219,Berlin,81,11.563,32.105
2025-11-14 04:25:17.554219,Berlin,124,24.372,76.712
2025-11-14 05:25:17.554219,Berlin,134,34.533,37.644
2025-11-14 06:25:17.554219,Berlin,113,31.289,89.558
2025-11-14 07:25:17.554219,Berlin,92,9.389,74.283
2025-11-14 08:25:17.554219,Berlin,99,20.514,76.859
2025-11-14 09:25:17.554219,Berlin,88,21.813,77.753
2025-11-14 10:25:17.554219,Berlin,88,24.199,83.317
2025-11-14 11:25:17.554219,Berlin,86,35.412,36.791
2025-11-14 12:25:17.554219,Berlin,72,13.468,48.441
2025-11-14 13:25:17.554219,Berlin,105,25.412,52.586
2025-11-14 14:25:17.554219,Berlin,86,33.987,52.599
2025-11-14 15:25:17.554219,Berlin,35,30.783,61.708
2025-11-14 16:25:17.554219,Berlin,114,22.731,46.927
2025-11-14 17:25:17.554219,Berlin,102,21.105,51.603
2025-11-14 18:25:17.554219,Berlin,124,37.054,40.391
2025-11-14 19:25:17.554219,Berlin,100,11.249,59.613
2025-11-14 20:25:17.554219,Berlin,102,18.895,33.013
2025-11-14 21:25:17.554219,Berlin,99,23.589,42.481
2025-11-14 22:25:17.554219,Berlin,117,30.719,60.961
2025-11-14 23:25:17.554219,Berlin,123,22.194,86.321
2025-11-15 00:25:17.554219,Berlin,95,31.81,38.446
2025-11-15 01:25:17.554219,Berlin,59,33.908,48.225
2025-11-15 02:25:17.554219,Berlin,145,6.943,61.353
2025-11-15 03:25:17.554219,Berlin,108,28.001,47.217
2025-11-15 04:25:17.554219,Berlin,49,35.803,79.234
2025-11-15 05:25:17.554219,Berlin,97,11.618,62.717
2025-11-15 06:25:17.554219,Berlin,117,25.165,50.744
2025-11-15 07:25:17.554219,Berlin,39,18.39,33.936
2025-11-15 08:25:17.554219,Berlin,102,25.351,52.745
2025-11-15 09:25:17.554219,Berlin,113,18.885,83.556
2025-11-15 10:25:17.554219,Berlin,81,7.339,38.874
2025-11-15 11:25:17.554219,Berlin,120,27.11,43.646
2025-11-15 12:25:17.554219,Berlin,154,17.807,87.324
2025-11-15 13:25:17.554219,Berlin,111,22.842,57.984
2025-11-15 14:25:17.554219,Berlin,132,21.568,25.525
2025-11-15 15:25:17.554219,Berlin,71,11,37.962
2025-11-15 16:25:17.554219,Berlin,112,11.779,67.252
2025-11-15 17:25:17.554219,Berlin,123,17.003,64.131
2025-11-15 18:25:17.554219,Berlin,142,31.362,81.83
2025-11-15 19:25:17.554219,Berlin,117,18.916,33.755
2025-11-15 20:25:17.554219,Berlin,85,32.303,46.902
2025-11-15 21:25:17.554219,Berlin,106,9.074,25.631
2025-11-15 22:25:17.554219,Berlin,109,34.131,70.451
2025-11-15 23:25:17.554219,Berlin,80,20.138,35.987
2025-11-16 00:25:17.554219,Berlin,60,19.087,51.583
2025-11-16 01:25:17.554219,Berlin,126,22.731,40.748
2025-11-16 02:25:17.554219,Berlin,76,6.031,35.562
2025-11-16 03:25:17.554219,Berlin,91,32.056,65.436
2025-11-16 04:25:17.554219,Berlin,105,6.698,41.54
2025-11-16 05:25:17.554219,Berlin,105,11.658,68.834
2025-11-16 06:25:17.554219,Berlin,166,26.294,55.286
2025-11-16 07:25:17.554219,Berlin,46,23.956,38.323
2025-11-16 08:25:17.554219,Berlin,146,22.299,75.817
2025-11-16 09:25:17.554219,Berlin,119,12.918,64.801
2025-11-16 10:25:17.554219,Berlin,59,16.966,76.684
2025-11-16 11:25:17.554219,Berlin,79,14.483,49.315
2025-11-16 12:25:17.554219,Berlin,71,26.454,67.692
2025-11-16 13:25:17.554219,Berlin,124,35.212,47.709
2025-11-16 14:25:17.554219,Berlin,112,14.376,66.68
2025-11-16 15:25:17.554219,Berlin,98,8.221,48.44
2025-11-16 16:25:17.554219,Berlin,113,30.056,33.437
2025-11-16 17:25:17.554219,Berlin,72,24.462,82.428
2025-11-16 18:25:17.554219,Berlin,78,6.437,49.113
2025-11-16 19:25:17.554219,Berlin,82,24.624,35.406
2025-11-16 20:25:17.554219,Berlin,99,12.268,67.424
2025-11-16 21:25:17.554219,Berlin,123,17.399,36.592
2025-11-16 22:25:17.554219,Berlin,119,22.473,48.678
2025-11-16 23:25:17.554219,Berlin,135,8.367,29.437
2025-11-17 00:25:17.554219,Berlin,133,31.428,74.106
2025-11-17 01:25:17.554219,Berlin,107,14.758,69.692
2025-11-17 02:25:17.554219,Berlin,87,17.394,65.935
2025-11-17 03:25:17.554219,Berlin,115,20.178,42.817
2025-11-17 04:25:17.554219,Berlin,133,31.172,60.508
2025-11-17 05:25:17.554219,Berlin,54,21.805,73.531
2025-11-17 06:25:17.554219,Berlin,123,20.626,42.281
2025-11-17 07:25:17.554219,Berlin,95,24.769,51.681
2025-11-17 08:25:17.554219,Berlin,82,33.009,34.716
2025-11-17 09:25:17.554219,Berlin,72,11.337,61.879
2025-11-17 10:25:17.554219,Berlin,95,14.372,62.498
2025-11-17 11:25:17.554219,Berlin,103,26.537,65.101
2025-11-17 12:25:17.554219,Berlin,102,14.593,80.551
2025-11-17 13:25:17.554219,Berlin,128,15.031,33.186
2025-11-17 14:25:17.554219,Berlin,53,16.649,33.866
2025-11-17 15:25:17.554219,Berlin,94,30.645,44.401
2025-11-17 16:25:17.554219,Berlin,111,17.79,53.996
2025-11-17 17:25:17.554219,Berlin,68,15.061,89.318
2025-11-17 18:25:17.554219,Berlin,161,11.037,82.567
2025-11-17 19:25:17.554219,Berlin,83,13.379,79.978
2025-11-17 20:25:17.554219,Berlin,134,21.664,53.094
2025-11-17 21:25:17.554219,Berlin,111,26.423,85.5
2025-11-17 22:25:17.554219,Berlin,64,33.371,26.284
2025-11-17 23:25:17.554219,Berlin,121,34.419,62.186
2025-11-18 00:25:17.554219,Berlin,102,6.356,38.909
2025-11-18 01:25:17.554219,Berlin,145,25.458,51.907
2025-11-18 02:25:17.554219,Berlin,106,6.004,36.427
2025-11-18 03:25:17.554219,Berlin,93,16.911,32.068
2025-11-18 04:25:17.554219,Berlin,103,19.625,69.723
2025-11-18 05:25:17.554219,Berlin,67,32.606,58.23
2025-11-18 06:25:17.554219,Berlin,178,31.717,79.027
2025-11-18 07:25:17.554219,Berlin,118,32.131,47.117
2025-11-18 08:25:17.554219,Berlin,88,28.486,57.854
2025-11-18 09:25:17.554219,Berlin,123,34.195,88.073
2025-11-18 10:25:17.554219,Berlin,103,30.92,45.534
2025-11-18 11:25:17.554219,Berlin,102,8.088,86.551
2025-11-18 12:25:17.554219,Berlin,114,35.96,58.67
2025-11-18 13:25:17.554219,Berlin,150,11.593,32.793
2025-11-18 14:25:17.554219,Berlin,152,14.829,89.033
2025-11-18 15:25:17.554219,Berlin,123,22.837,25.461
2025-11-18 16:25:17.554219,Berlin,127,20.949,29.855
2025-11-18 17:25:17.554219,Berlin,175,30.394,81.231
2025-11-18 18:25:17.554219,Berlin,59,7.437,44.492
2025-11-18 19:25:17.554219,Berlin,57,23.548,64.219
2025-11-18 20:25:17.554219,Berlin,77,17.832,82.587
2025-11-18 21:25:17.554219,Berlin,125,36.141,41.563
2025-11-18 22:25:17.554219,Berlin,88,36.541,50.589
2025-11-18 23:25:17.554219,Berlin,129,34.784,65.72
2025-11-19 00:25:17.554219,Berlin,126,37.162,25.665
2025-11-19 01:25:17.554219,Berlin,131,28.812,73.423
2025-11-19 02:25:17.554219,Berlin,101,5.635,47.666
2025-11-19 03:25:17.554219,Berlin,78,8.829,78.394
2025-11-19 04:25:17.554219,Berlin,142,31.897,51.275
2025-11-19 05:25:17.554219,Berlin,154,22.647,40.571
2025-11-19 06:25:17.554219,Berlin,116,36.352,60.63
2025-11-19 07:25:17.554219,Berlin,87,10,82.917
2025-11-19 08:25:17.554219,Berlin,136,34.466,81.013
2025-11-19 09:25:17.554219,Berlin,123,32.282,69.88
2025-11-19 10:25:17.554219,Berlin,152,17.642,50.092
2025-11-19 11:25:17.554219,Berlin,89,34.415,78.951
2025-11-19 12:25:17.554219,Berlin,53,5.916,87.675
2025-11-19 13:25:17.554219,Berlin,115,30.464,45.509
2025-11-19 14:25:17.554219,Berlin,84,26.724,27.06
2025-11-19 15:25:17.554219,Berlin,93,37.135,48.909
2025-11-19 16:25:17.554219,Berlin,66,29.283,32.013
2025-11-19 17:25:17.554219,Berlin,65,15.595,33.884
2025-11-04 18:25:17.554219,Madrid,124,29.042,72.507
2025-11-04 19:25:17.554219,Madrid,134,29.268,36.533
2025-11-04 20:25:17.554219,Madrid,108,12.085,67.708
2025-11-04 21:25:17.554219,Madrid,109,21.193,37.773
2025-11-04 22:25:17.554219,Madrid,59,7.932,85.32
2025-11-04 23:25:17.554219,Madrid,138,29.135,43.058
2025-11-05 00:25:17.554219,Madrid,108,28.617,87.336
2025-11-05 01:25:17.554219,Madrid,99,33.603,26.56
2025-11-05 02:25:17.554219,Madrid,108,16.8,28.179
2025-11-05 03:25:17.554219,Madrid,136,30.779,64.883
2025-11-05 04:25:17.554219,Madrid,127,34.309,48.704
2025-11-05 05:25:17.554219,Madrid,109,7.04,52.078
2025-11-05 06:25:17.554219,Madrid,135,18.754,67.816
2025-11-05 07:25:17.554219,Madrid,92,10.13,57.85
2025-11-05 08:25:17.554219,Madrid,88,15.923,37.361
2025-11-05 09:25:17.554219,Madrid,133,31.587,46.426
2025-11-05 10:25:17.554219,Madrid,91,6.081,60.633
2025-11-05 11:25:17.554219,Madrid,124,31.808,84.203
2025-11-05 12:25:17.554219,Madrid,80,34.228,63.832
2025-11-05 13:25:17.554219,Madrid,73,36.169,55.157
2025-11-05 14:25:17.554219,Madrid,68,21.851,61.238
2025-11-05 15:25:17.554219,Madrid,59,11.199,67.609
2025-11-05 16:25:17.554219,Madrid,105,36.866,43.542
2025-11-05 17:25:17.554219,Madrid,113,26.492,58.606
2025-11-05 18:25:17.554219,Madrid,86,7.09,73.015
2025-11-05 19:25:17.554219,Madrid,85,29.193,42.602
2025-11-05 20:25:17.554219,Madrid,66,16.624,46.021
2025-11-05 21:25:17.554219,Madrid,128,20.52,85.851
2025-11-05 22:25:17.554219,Madrid,111,14.115,41.314
2025-11-05 23:25:17.554219,Madrid,71,33.566,28.997
2025-11-06 00:25:17.554219,Madrid,107,7.929,27.79
2025-11-06 01:25:17.554219,Madrid,107,21.957,66.511
2025-11-06 02:25:17.554219,Madrid,136,10.042,26.373
2025-11-06 03:25:17.554219,Madrid,105,6.173,26.704
2025-11-06 04:25:17.554219,Madrid,84,8.578,51.663
2025-11-06 05:25:17.554219,Madrid,109,28.757,76.853
2025-11-06 06:25:17.554219,Madrid,138,36.922,50.1
2025-11-06 07:25:17.554219,Madrid,98,13.002,35.607
2025-11-06 08:25:17.554219,Madrid,81,35.867,25.729
2025-11-06 09:25:17.554219,Madrid,107,18.538,46.783
2025-11-06 10:25:17.554219,Madrid,102,16.878,59.663
2025-11-06 11:25:17.554219,Madrid,113,12.397,87.699
2025-11-06 12:25:17.554219,Madrid,98,14.809,78.124
2025-11-06 13:25:17.554219,Madrid,140,24.262,25.554
2025-11-06 14:25:17.554219,Madrid,144,17.19,48.335
2025-11-06 15:25:17.554219,Madrid,121,30.356,69.341
2025-11-06 16:25:17.554219,Madrid,117,18.419,27.62
2025-11-06 17:25:17.554219,Madrid,66,32.132,30.742
2025-11-06 18:25:17.554219,Madrid,138,22.867,53.11
2025-11-06 19:25:17.554219,Madrid,98,8.425,84.283
2025-11-06 20:25:17.554219,Madrid,41,26.414,47.315
2025-11-06 21:25:17.554219,Madrid,129,11.576,66.768
2025-11-06 22:25:17.554219,Madrid,110,11.902,74.075
2025-11-06 23:25:17.554219,Madrid,74,14.476,83.971
2025-11-07 00:25:17.554219,Madrid,86,6.121,68.417
2025-11-07 01:25:17.554219,Madrid,103,20.783,43.705
2025-11-07 02:25:17.554219,Madrid,111,18.973,84.308
2025-11-07 03:25:17.554219,Madrid,97,14.813,74.089
2025-11-07 04:25:17.554219,Madrid,84,24.722,31.486
2025-11-07 05:25:17.554219,Madrid,57,21.286,51.855
2025-11-07 06:25:17.554219,Madrid,90,17.184,26.335
2025-11-07 07:25:17.554219,Madrid,105,25.791,78.812
2025-11-07 08:25:17.554219,Madrid,104,13.39,79.953
2025-11-07 09:25:17.554219,Madrid,91,13.223,89.378
2025-11-07 10:25:17.554219,Madrid,106,18.531,73.781
2025-11-07 11:25:17.554219,Madrid,70,20.693,83.258
2025-11-07 12:25:17.554219,Madrid,61,24.115,56.698
2025-11-07 13:25:17.554219,Madrid,76,10.646,31.804
2025-11-07 14:25:17.554219,Madrid,114,35.312,69.264
2025-11-07 15:25:17.554219,Madrid,110,7.561,65.493
2025-11-07 16:25:17.554219,Madrid,134,6.478,83.097
2025-11-07 17:25:17.554219,Madrid,77,28.261,39.406
2025-11-07 18:25:17.554219,Madrid,83,29.483,80.442
2025-11-07 19:25:17.554219,Madrid,163,25.466,54.979
2025-11-07 20:25:17.554219,Madrid,117,7.164,33.064
2025-11-07 21:25:17.554219,Madrid,97,6.723,35.466
2025-11-07 22:25:17.554219,Madrid,114,32.859,51.338
2025-11-07 23:25:17.554219,Madrid,143,22.256,57.773
2025-11-08 00:25:17.554219,Madrid,89,20.838,36.006
2025-11-08 01:25:17.554219,Madrid,132,9.888,59.108
2025-11-08 02:25:17.554219,Madrid,67,36.975,25.692
2025-11-08 03:25:17.554219,Madrid,118,23.526,49.296
2025-11-08 04:25:17.554219,Madrid,120,30.155,43.68
2025-11-08 05:25:17.554219,Madrid,139,31.417,87.845
2025-11-08 06:25:17.554219,Madrid,92,15.993,30.232
2025-11-08 07:25:17.554219,Madrid,130,27.549,62.165
2025-11-08 08:25:17.554219,Madrid,152,32.257,51.068
2025-11-08 09:25:17.554219,Madrid,125,37.67,30.672
2025-11-08 10:25:17.554219,Madrid,69,7.544,32.699
2025-11-08 11:25:17.554219,Madrid,122,17.217,62.998
2025-11-08 12:25:17.554219,Madrid,112,19.562,63.435
2025-11-08 13:25:17.554219,Madrid,85,37.592,79.545
2025-11-08 14:25:17.554219,Madrid,139,26.782,80.459
2025-11-08 15:25:17.554219,Madrid,96,27.574,73.843
2025-11-08 16:25:17.554219,Madrid,117,30.427,87.783
2025-11-08 17:25:17.554219,Madrid,104,17.133,51.921
2025-11-08 18:25:17.554219,Madrid,72,6.185,84.941
2025-11-08 19:25:17.554219,Madrid,106,24.666,74.628
2025-11-08 20:25:17.554219,Madrid,98,7.729,49.796
2025-11-08 21:25:17.554219,Madrid,92,23.48,71.656
2025-11-08 22:25:17.554219,Madrid,111,10.504,82.343
2025-11-08 23:25:17.554219,Madrid,92,8.071,45.313
2025-11-09 00:25:17.554219,Madrid,102,31.621,31.697
2025-11-09 01:25:17.554219,Madrid,114,31.901,77.164
2025-11-09 02:25:17.554219,Madrid,141,34.206,61.453
2025-11-09 03:25:17.554219,Madrid,160,29.465,54.533
2025-11-09 04:25:17.554219,Madrid,123,25.275,63.826
2025-11-09 05:25:17.554219,Madrid,93,9.612,56.022
2025-11-09 06:25:17.554219,Madrid,110,25.005,89.232
2025-11-09 07:25:17.554219,Madrid,104,19.193,40.527
2025-11-09 08:25:17.554219,Madrid,91,30.123,37.004
2025-11-09 09:25:17.554219,Madrid,125,35.344,67.107
2025-11-09 10:25:17.554219,Madrid,165,15.983,53.687
2025-11-09 11:25:17.554219,Madrid,70,26.311,81.005
2025-11-09 12:25:17.554219,Madrid,71,11.621,60.827
2025-11-09 13:25:17.554219,Madrid,88,8.001,35.19
2025-11-09 14:25:17.554219,Madrid,70,27.442,87.457
2025-11-09 15:25:17.554219,Madrid,84,27.712,54.681
2025-11-09 16:25:17.554219,Madrid,87,33.839,70.199
2025-11-09 17:25:17.554219,Madrid,135,35.835,59.84
2025-11-09 18:25:17.554219,Madrid,60,14.618,51.663
2025-11-09 19:25:17.554219,Madrid,109,16.884,39.187
2025-11-09 20:25:17.554219,Madrid,89,14.084,58.176
2025-11-09 21:25:17.554219,Madrid,131,29.785,41.449
2025-11-09 22:25:17.554219,Madrid,125,11.114,63.45
2025-11-09 23:25:17.554219,Madrid,81,8.607,86.182
2025-11-10 00:25:17.554219,Madrid,138,20.391,88.549
2025-11-10 01:25:17.554219,Madrid,100,11.445,38.818
2025-11-10 02:25:17.554219,Madrid,133,26.863,80.01
2025-11-10 03:25:17.554219,Madrid,89,33.04,36.401
2025-11-10 04:25:17.554219,Madrid,87,15.035,47.186
2025-11-10 05:25:17.554219,Madrid,127,25.931,64.865
2025-11-10 06:25:17.554219,Madrid,113,12.83,69.801
2025-11-10 07:25:17.554219,Madrid,125,7.387,32.396
2025-11-10 08:25:17.554219,Madrid,69,15.948,51.32
2025-11-10 09:25:17.554219,Madrid,127,15.046,57.111
2025-11-10 10:25:17.554219,Madrid,88,24.879,86.55
2025-11-10 11:25:17.554219,Madrid,77,15.301,63.658
2025-11-10 12:25:17.554219,Madrid,102,35.134,25.48
2025-11-10 13:25:17.554219,Madrid,128,10.975,32.201
2025-11-10 14:25:17.554219,Madrid,115,8.445,77.484
2025-11-10 15:25:17.554219,Madrid,111,37.734,64.035
2025-11-10 16:25:17.554219,Madrid,89,29.569,72.838
2025-11-10 17:25:17.554219,Madrid,109,13.637,51.651
2025-11-10 18:25:17.554219,Madrid,122,14.461,59.86
2025-11-10 19:25:17.554219,Madrid,88,22.734,40.4
2025-11-10 20:25:17.554219,Madrid,86,19.247,89.604
2025-11-10 21:25:17.554219,Madrid,84,15.341,89.422
2025-11-10 22:25:17.554219,Madrid,77,26.525,34.835
2025-11-10 23:25:17.554219,Madrid,172,18.714,32.971
2025-11-11 00:25:17.554219,Madrid,146,35.056,55.607
2025-11-11 01:25:17.554219,Madrid,144,6.698,27.108
2025-11-11 02:25:17.554219,Madrid,113,27.634,82.772
2025-11-11 03:25:17.554219,Madrid,122,29.826,31.933
2025-11-11 04:25:17.554219,Madrid,145,14.926,75.403
2025-11-11 05:25:17.554219,Madrid,46,29.728,78.6
2025-11-11 06:25:17.554219,Madrid,142,13.624,60.998
2025-11-11 07:25:17.554219,Madrid,93,14.471,59.352
2025-11-11 08:25:17.554219,Madrid,104,18.268,64.454
2025-11-11 09:25:17.554219,Madrid,89,27.835,67.395
2025-11-11 10:25:17.554219,Madrid,96,35.437,46.282
2025-11-11 11:25:17.554219,Madrid,96,35.673,37.291
2025-11-11 12:25:17.554219,Madrid,107,30.992,66.481
2025-11-11 13:25:17.554219,Madrid,134,23.066,72.868
2025-11-11 14:25:17.554219,Madrid,135,6.081,25.085
2025-11-11 15:25:17.554219,Madrid,93,15.354,62.125
2025-11-11 16:25:17.554219,Madrid,68,23.106,25.713
2025-11-11 17:25:17.554219,Madrid,119,37.014,83.719
2025-11-11 18:25:17.554219,Madrid,138,22.28,43.807
2025-11-11 19:25:17.554219,Madrid,127,12.869,71.658
2025-11-11 20:25:17.554219,Madrid,118,16.981,36.206
2025-11-11 21:25:17.554219,Madrid,137,15.023,57.375
2025-11-11 22:25:17.554219,Madrid,108,26.648,85.708
2025-11-11 23:25:17.554219,Madrid,125,11.26,67.242
2025-11-12 00:25:17.554219,Madrid,106,27.917,43.012
2025-11-12 01:25:17.554219,Madrid,83,10.706,79.029
2025-11-12 02:25:17.554219,Madrid,109,12.209,81.176
2025-11-12 03:25:17.554219,Madrid,117,17.957,39.562
2025-11-12 04:25:17.554219,Madrid,118,34.395,60.831
2025-11-12 05:25:17.554219,Madrid,103,8.072,32.987
2025-11-12 06:25:17.554219,Madrid,88,23.364,26.54
2025-11-12 07:25:17.554219,Madrid,107,16.885,38.002
2025-11-12 08:25:17.554219,Madrid,124,37.511,58.49
2025-11-12 09:25:17.554219,Madrid,157,24.62,83.214
2025-11-12 10:25:17.554219,Madrid,103,28.899,44.037
2025-11-12 11:25:17.554219,Madrid,101,18.764,83.38
2025-11-12 12:25:17.554219,Madrid,119,32.423,70.59
2025-11-12 13:25:17.554219,Madrid,104,36.143,27.276
2025-11-12 14:25:17.554219,Madrid,129,16.616,81.107
2025-11-12 15:25:17.554219,Madrid,81,27.213,65.915
2025-11-12 16:25:17.554219,Madrid,92,24.58,28.202
2025-11-12 17:25:17.554219,Madrid,113,9.968,85.088
2025-11-12 18:25:17.554219,Madrid,73,19.308,54.522
2025-11-12 19:25:17.554219,Madrid,116,33.952,28.369
2025-11-12 20:25:17.554219,Madrid,98,8.601,86.093
2025-11-12 21:25:17.554219,Madrid,136,33.514,68.406
2025-11-12 22:25:17.554219,Madrid,106,22.848,25.606
2025-11-12 23:25:17.554219,Madrid,33,14.564,62.674
2025-11-13 00:25:17.554219,Madrid,53,24.043,28.069
2025-11-13 01:25:17.554219,Madrid,114,16.191,82.357
2025-11-13 02:25:17.554219,Madrid,84,18.145,30.164
2025-11-13 03:25:17.554219,Madrid,115,24.339,39.269
2025-11-13 04:25:17.554219,Madrid,69,21.515,83.189
2025-11-13 05:25:17.554219,Madrid,111,8.034,35.11
2025-11-13 06:25:17.554219,Madrid,108,21.52,27.543
2025-11-13 07:25:17.554219,Madrid,124,15.137,65.973
2025-11-13 08:25:17.554219,Madrid,112,26.706,71.347
2025-11-13 09:25:17.554219,Madrid,106,35.658,61.23
2025-11-13 10:25:17.554219,Madrid,95,35.415,56.891
2025-11-13 11:25:17.554219,Madrid,76,12.462,52.596
2025-11-13 12:25:17.554219,Madrid,124,17.354,54.005
2025-11-13 13:25:17.554219,Madrid,74,17.998,88.775
2025-11-13 14:25:17.554219,Madrid,115,18.882,53.996
2025-11-13 15:25:17.554219,Madrid,72,13.075,38.969
2025-11-13 16:25:17.554219,Madrid,81,29.81,66.027
2025-11-13 17:25:17.554219,Madrid,66,6.197,85.174
2025-11-13 18:25:17.554219,Madrid,141,13.886,59.986
2025-11-13 19:25:17.554219,Madrid,143,14.627,64.579
2025-11-13 20:25:17.554219,Madrid,111,26.902,83.313
2025-11-13 21:25:17.554219,Madrid,109,15.006,33.026
2025-11-13 22:25:17.554219,Madrid,119,10.007,49.935
2025-11-13 23:25:17.554219,Madrid,121,9.423,60.814
2025-11-14 00:25:17.554219,Madrid,114,19.926,58.988
2025-11-14 01:25:17.554219,Madrid,122,30.001,53.233
2025-11-14 02:25:17.554219,Madrid,78,24.768,26.919
2025-11-14 03:25:17.554219,Madrid,133,22.332,85.332
2025-11-14 04:25:17.554219,Madrid,137,19.251,88.498
2025-11-14 05:25:17.554219,Madrid,106,37.287,75.976
2025-11-14 06:25:17.554219,Madrid,129,18.365,59.549
2025-11-14 07:25:17.554219,Madrid,161,33.61,81.744
2025-11-14 08:25:17.554219,Madrid,99,22.583,46.755
2025-11-14 09:25:17.554219,Madrid,66,16.646,72.196
2025-11-14 10:25:17.554219,Madrid,125,33.723,46.236
2025-11-14 11:25:17.554219,Madrid,136,35.205,31.778
2025-11-14 12:25:17.554219,Madrid,101,32.018,62.371
2025-11-14 13:25:17.554219,Madrid,108,33.847,36.278
2025-11-14 14:25:17.554219,Madrid,123,24.608,52.162
2025-11-14 15:25:17.554219,Madrid,131,24.848,46.176
2025-11-14 16:25:17.554219,Madrid,107,15.772,84.265
2025-11-14 17:25:17.554219,Madrid,100,22.178,36.004
2025-11-14 18:25:17.554219,Madrid,93,23.117,29.04
2025-11-14 19:25:17.554219,Madrid,103,30.391,58.35
2025-11-14 20:25:17.554219,Madrid,102,18.961,34.563
2025-11-14 21:25:17.554219,Madrid,135,30.219,77.326
2025-11-14 22:25:17.554219,Madrid,116,29.737,43.313
2025-11-14 23:25:17.554219,Madrid,101,29.857,55.411
2025-11-15 00:25:17.554219,Madrid,101,16.537,42.013
2025-11-15 01:25:17.554219,Madrid,108,19.067,44.529
2025-11-15 02:25:17.554219,Madrid,118,17.782,53.931
2025-11-15 03:25:17.554219,Madrid,65,12.783,62.306
2025-11-15 04:25:17.554219,Madrid,128,20.4,52.343
2025-11-15 05:25:17.554219,Madrid,122,16.338,67.381
2025-11-15 06:25:17.554219,Madrid,124,20.537,86.225
2025-11-15 07:25:17.554219,Madrid,111,20.023,88.158
2025-11-15 08:25:17.554219,Madrid,119,36.625,76.283
2025-11-15 09:25:17.554219,Madrid,80,37.643,65.532
2025-11-15 10:25:17.554219,Madrid,176,19.969,34.901
2025-11-15 11:25:17.554219,Madrid,90,28.984,86.769
2025-11-15 12:25:17.554219,Madrid,41,28.483,46.532
2025-11-15 13:25:17.554219,Madrid,133,36.327,65.124
2025-11-15 14:25:17.554219,Madrid,152,29.249,47.338
2025-11-15 15:25:17.554219,Madrid,78,21.165,28.19
2025-11-15 16:25:17.554219,Madrid,142,35.419,34.749
2025-11-15 17:25:17.554219,Madrid,115,9.728,25.789
2025-11-15 18:25:17.554219,Madrid,125,8.921,65.721
2025-11-15 19:25:17.554219,Madrid,97,18.127,76.026
2025-11-15 20:25:17.554219,Madrid,90,27.455,77.455
2025-11-15 21:25:17.554219,Madrid,81,28.03,81.652
2025-11-15 22:25:17.554219,Madrid,91,10.178,29.149
2025-11-15 23:25:17.554219,Madrid,61,22.678,36.643
2025-11-16 00:25:17.554219,Madrid,82,9.028,49.674
2025-11-16 01:25:17.554219,Madrid,155,37.372,69.283
2025-11-16 02:25:17.554219,Madrid,95,15.455,47.528
2025-11-16 03:25:17.554219,Madrid,125,37.278,40.728
2025-11-16 04:25:17.554219,Madrid,87,27.333,48.049
2025-11-16 05:25:17.554219,Madrid,183,10.153,81.103
2025-11-16 06:25:17.554219,Madrid,119,16.747,79.407
2025-11-16 07:25:17.554219,Madrid,91,16.455,75.827
2025-11-16 08:25:17.554219,Madrid,77,16.815,59.69
2025-11-16 09:25:17.554219,Madrid,118,37.929,35.201
2025-11-16 10:25:17.554219,Madrid,104,25.295,87.923
2025-11-16 11:25:17.554219,Madrid,94,8.629,68.934
2025-11-16 12:25:17.554219,Madrid,129,11.741,42.633
2025-11-16 13:25:17.554219,Madrid,112,36.44,46.804
2025-11-16 14:25:17.554219,Madrid,89,23.906,74.782
2025-11-16 15:25:17.554219,Madrid,120,11.464,62.531
2025-11-16 16:25:17.554219,Madrid,99,21.882,73.515
2025-11-16 17:25:17.554219,Madrid,127,23.617,89.362
2025-11-16 18:25:17.554219,Madrid,141,23.224,36.094
2025-11-16 19:25:17.554219,Madrid,92,30.519,48.894
2025-11-16 20:25:17.554219,Madrid,110,26.39,33.155
2025-11-16 21:25:17.554219,Madrid,98,26.489,43.902
2025-11-16 22:25:17.554219,Madrid,77,21.549,32.142
2025-11-16 23:25:17.554219,Madrid,134,26.329,28.49
2025-11-17 00:25:17.554219,Madrid,134,18.12,39.132
2025-11-17 01:25:17.554219,Madrid,101,12.193,78.648
2025-11-17 02:25:17.554219,Madrid,98,37.757,25.536
2025-11-17 03:25:17.554219,Madrid,93,29.202,58.694
2025-11-17 04:25:17.554219,Madrid,110,16.168,69.656
2025-11-17 05:25:17.554219,Madrid,100,19.779,85.632
2025-11-17 06:25:17.554219,Madrid,59,12.61,78.086
2025-11-17 07:25:17.554219,Madrid,114,23.683,86.873
2025-11-17 08:25:17.554219,Madrid,106,12.63,28.545
2025-11-17 09:25:17.554219,Madrid,125,34.419,78.469
2025-11-17 10:25:17.554219,Madrid,79,11.309,87.219
2025-11-17 11:25:17.554219,Madrid,109,24.109,41.977
2025-11-17 12:25:17.554219,Madrid,53,33.109,49.7
2025-11-17 13:25:17.554219,Madrid,117,28.414,38.536
2025-11-17 14:25:17.554219,Madrid,94,29.308,39.174
2025-11-17 15:25:17.554219,Madrid,59,19.758,25.883
2025-11-17 16:25:17.554219,Madrid,139,27.938,83.287
2025-11-17 17:25:17.554219,Madrid,92,33.663,60.995
2025-11-17 18:25:17.554219,Madrid,121,12.472,84.654
2025-11-17 19:25:17.554219,Madrid,148,25.987,44.891
2025-11-17 20:25:17.554219,Madrid,103,16.599,81.413
2025-11-17 21:25:17.554219,Madrid,83,14.532,71.704
2025-11-17 22:25:17.554219,Madrid,70,20.233,76.907
2025-11-17 23:25:17.554219,Madrid,83,7.269,50.529
2025-11-18 00:25:17.554219,Madrid,99,33.224,39.943
2025-11-18 01:25:17.554219,Madrid,121,14.338,71.804
2025-11-18 02:25:17.554219,Madrid,151,33.235,55.511
2025-11-18 03:25:17.554219,Madrid,76,19.762,40.554
2025-11-18 04:25:17.554219,Madrid,54,15.438,88.25
2025-11-18 05:25:17.554219,Madrid,87,34.773,50.756
2025-11-18 06:25:17.554219,Madrid,67,15.042,26.424
2025-11-18 07:25:17.554219,Madrid,138,11.348,42.522
2025-11-18 08:25:17.554219,Madrid,78,17.014,63.643
2025-11-18 09:25:17.554219,Madrid,103,23.305,35.525
2025-11-18 10:25:17.554219,Madrid,102,12.409,76.907
2025-11-18 11:25:17.554219,Madrid,104,36.155,43.101
2025-11-18 12:25:17.554219,Madrid,128,18.361,79.028
2025-11-18 13:25:17.554219,Madrid,81,20.641,87.803
2025-11-18 14:25:17.554219,Madrid,106,23.596,57.109
2025-11-18 15:25:17.554219,Madrid,60,31.633,55.778
2025-11-18 16:25:17.554219,Madrid,99,7.406,40.45
2025-11-18 17:25:17.554219,Madrid,146,36.739,42.881
2025-11-18 18:25:17.554219,Madrid,75,5.625,56.801
2025-11-18 19:25:17.554219,Madrid,99,36.278,29.948
2025-11-18 20:25:17.554219,Madrid,108,34.159,52.944
2025-11-18 21:25:17.554219,Madrid,140,19.85,50.636
2025-11-18 22:25:17.554219,Madrid,124,11.906,86.451
2025-11-18 23:25:17.554219,Madrid,112,9.808,27.51
2025-11-19 00:25:17.554219,Madrid,81,17.394,70.708
2025-11-19 01:25:17.554219,Madrid,139,21.88,85.275
2025-11-19 02:25:17.554219,Madrid,104,15.733,42.184
2025-11-19 03:25:17.554219,Madrid,69,22.655,55.519
2025-11-19 04:25:17.554219,Madrid,88,12.896,43.774
2025-11-19 05:25:17.554219,Madrid,82,11.28,74.845
2025-11-19 06:25:17.554219,Madrid,110,30.889,69.182
2025-11-19 07:25:17.554219,Madrid,81,13.361,72.5
2025-11-19 08:25:17.554219,Madrid,108,24.316,32.373
2025-11-19 09:25:17.554219,Madrid,158,8.578,36.755
2025-11-19 10:25:17.554219,Madrid,74,14.381,25.831
2025-11-19 11:25:17.554219,Madrid,142,36.421,65.287
2025-11-19 12:25:17.554219,Madrid,85,30.78,45.256
2025-11-19 13:25:17.554219,Madrid,79,28.546,35.996
2025-11-19 14:25:17.554219,Madrid,87,24.575,73.428
2025-11-19 15:25:17.554219,Madrid,76,10.519,33.49
2025-11-19 16:25:17.554219,Madrid,127,27.937,48.955
2025-11-19 17:25:17.554219,Madrid,116,11.527,34.139
2025-11-04 18:25:17.554219,Rome,97,36.053,66.045
2025-11-04 19:25:17.554219,Rome,78,6.495,50.766
2025-11-04 20:25:17.554219,Rome,135,28.985,58.229
2025-11-04 21:25:17.554219,Rome,61,30.648,55.331
2025-11-04 22:25:17.554219,Rome,80,8.622,89.243
2025-11-04 23:25:17.554219,Rome,90,28.873,78.17
2025-11-05 00:25:17.554219,Rome,47,9.429,60.593
2025-11-05 01:25:17.554219,Rome,101,35.235,78.322
2025-11-05 02:25:17.554219,Rome,119,32.242,88.543
2025-11-05 03:25:17.554219,Rome,84,32.36,69.84
2025-11-05 04:25:17.554219,Rome,143,28.354,31.087
2025-11-05 05:25:17.554219,Rome,175,31.079,45.699
2025-11-05 06:25:17.554219,Rome,129,5.926,31.451
2025-11-05 07:25:17.554219,Rome,93,12.118,49.825
2025-11-05 08:25:17.554219,Rome,75,19.86,81.578
2025-11-05 09:25:17.554219,Rome,80,8.564,41.178
2025-11-05 10:25:17.554219,Rome,119,15.062,82.498
2025-11-05 11:25:17.554219,Rome,97,35.065,88.26
2025-11-05 12:25:17.554219,Rome,135,16.214,35.887
2025-11-05 13:25:17.554219,Rome,91,10.698,45.519
2025-11-05 14:25:17.554219,Rome,100,7.482,76.69
2025-11-05 15:25:17.554219,Rome,115,16.849,25.15
2025-11-05 16:25:17.554219,Rome,91,7.261,50.584
2025-11-05 17:25:17.554219,Rome,101,18.631,61.862
2025-11-05 18:25:17.554219,Rome,87,13.342,66.472
2025-11-05 19:25:17.554219,Rome,130,34.148,36.856
2025-11-05 20:25:17.554219,Rome,126,35.025,75.647
2025-11-05 21:25:17.554219,Rome,108,28.852,38.221
2025-11-05 22:25:17.554219,Rome,118,22.621,80.03
2025-11-05 23:25:17.554219,Rome,106,17.835,46.845
2025-11-06 00:25:17.554219,Rome,57,29.693,83.592
2025-11-06 01:25:17.554219,Rome,92,17.785,58.559
2025-11-06 02:25:17.554219,Rome,108,9.239,74.943
2025-11-06 03:25:17.554219,Rome,122,6.806,48.36
2025-11-06 04:25:17.554219,Rome,127,17.846,42.209
2025-11-06 05:25:17.554219,Rome,94,33.44,29.973
2025-11-06 06:25:17.554219,Rome,66,6.349,29.573
2025-11-06 07:25:17.554219,Rome,140,9.827,36.997
2025-11-06 08:25:17.554219,Rome,132,15.464,53.093
2025-11-06 09:25:17.554219,Rome,89,27.831,28.946
2025-11-06 10:25:17.554219,Rome,137,19.226,39.47
2025-11-06 11:25:17.554219,Rome,66,23.203,62.167
2025-11-06 12:25:17.554219,Rome,140,27.023,31.599
2025-11-06 13:25:17.554219,Rome,152,15.074,55.737
2025-11-06 14:25:17.554219,Rome,107,13.857,38.441
2025-11-06 15:25:17.554219,Rome,127,32.784,57.535
2025-11-06 16:25:17.554219,Rome,113,24.416,82.957
2025-11-06 17:25:17.554219,Rome,138,34.941,71.546
2025-11-06 18:25:17.554219,Rome,94,27.509,35.506
2025-11-06 19:25:17.554219,Rome,101,35.344,57.988
2025-11-06 20:25:17.554219,Rome,128,25.698,70.636
2025-11-06 21:25:17.554219,Rome,122,32.722,79.715
2025-11-06 22:25:17.554219,Rome,136,36.396,61.987
2025-11-06 23:25:17.554219,Rome,67,28.691,72.099
2025-11-07 00:25:17.554219,Rome,135,36.523,54.553
2025-11-07 01:25:17.554219,Rome,121,12.543,56.523
2025-11-07 02:25:17.554219,Rome,111,20.206,49.711
2025-11-07 03:25:17.554219,Rome,69,19.78,70.803
2025-11-07 04:25:17.554219,Rome,124,6.735,69.097
2025-11-07 05:25:17.554219,Rome,99,30.024,61.03
2025-11-07 06:25:17.554219,Rome,99,11.134,89.196
2025-11-07 07:25:17.554219,Rome,103,18.315,86.724
2025-11-07 08:25:17.554219,Rome,125,24.732,25.563
2025-11-07 09:25:17.554219,Rome,124,21.685,31.887
2025-11-07 10:25:17.554219,Rome,137,5.459,73.491
2025-11-07 11:25:17.554219,Rome,130,31.561,78.715
2025-11-07 12:25:17.554219,Rome,124,37.662,48.25
2025-11-07 13:25:17.554219,Rome,99,22.474,25.123
2025-11-07 14:25:17.554219,Rome,78,35.197,47.303
2025-11-07 15:25:17.554219,Rome,97,33.33,72.333
2025-11-07 16:25:17.554219,Rome,107,26.345,58.458
2025-11-07 17:25:17.554219,Rome,99,37.568,81.198
2025-11-07 18:25:17.554219,Rome,84,7.549,76.154
2025-11-07 19:25:17.554219,Rome,83,28.36,66.315
2025-11-07 20:25:17.554219,Rome,178,16.217,89.595
2025-11-07 21:25:17.554219,Rome,88,7.4,31.502
2025-11-07 22:25:17.554219,Rome,93,19.021,72.596
2025-11-07 23:25:17.554219,Rome,120,18.723,31.182
2025-11-08 00:25:17.554219,Rome,77,17.896,70.567
2025-11-08 01:25:17.554219,Rome,80,9.68,35.308
2025-11-08 02:25:17.554219,Rome,94,34.895,64.08
2025-11-08 03:25:17.554219,Rome,97,28.674,77.385
2025-11-08 04:25:17.554219,Rome,109,26.662,58.393
2025-11-08 05:25:17.554219,Rome,65,34.657,56.475
2025-11-08 06:25:17.554219,Rome,102,6.277,38.157
2025-11-08 07:25:17.554219,Rome,111,14.677,29.689
2025-11-08 08:25:17.554219,Rome,92,8.513,82.883
2025-11-08 09:25:17.554219,Rome,119,32.368,83.351
2025-11-08 10:25:17.554219,Rome,100,28.143,89.787
2025-11-08 11:25:17.554219,Rome,147,19.773,40.423
2025-11-08 12:25:17.554219,Rome,81,13.531,88.513
2025-11-08 13:25:17.554219,Rome,151,35.124,84.925
2025-11-08 14:25:17.554219,Rome,97,9.872,82.976
2025-11-08 15:25:17.554219,Rome,113,7.576,34.092
2025-11-08 16:25:17.554219,Rome,106,37.883,67.58
2025-11-08 17:25:17.554219,Rome,97,19.849,76.734
2025-11-08 18:25:17.554219,Rome,86,9.771,54.507
2025-11-08 19:25:17.554219,Rome,114,16.807,65.202
2025-11-08 20:25:17.554219,Rome,102,20.885,44.646
2025-11-08 21:25:17.554219,Rome,144,32.887,36.74
2025-11-08 22:25:17.554219,Rome,60,35.013,75.736
2025-11-08 23:25:17.554219,Rome,97,25.044,43.675
2025-11-09 00:25:17.554219,Rome,126,31.526,87.659
2025-11-09 01:25:17.554219,Rome,117,10.031,29.881
2025-11-09 02:25:17.554219,Rome,113,11.361,74.005
2025-11-09 03:25:17.554219,Rome,126,34.407,63.033
2025-11-09 04:25:17.554219,Rome,84,26.121,52.144
2025-11-09 05:25:17.554219,Rome,124,8.79,83.577
2025-11-09 06:25:17.554219,Rome,134,21.922,34.652
2025-11-09 07:25:17.554219,Rome,99,12.143,69.291
2025-11-09 08:25:17.554219,Rome,101,8.784,28.716
2025-11-09 09:25:17.554219,Rome,101,13.249,34.627
2025-11-09 10:25:17.554219,Rome,123,23.005,60.242
2025-11-09 11:25:17.554219,Rome,94,8.439,46.859
2025-11-09 12:25:17.554219,Rome,112,16.165,88.075
2025-11-09 13:25:17.554219,Rome,129,32.962,28.081
2025-11-09 14:25:17.554219,Rome,141,14.608,32.393
2025-11-09 15:25:17.554219,Rome,95,26.693,50.228
2025-11-09 16:25:17.554219,Rome,109,7.014,52.463
2025-11-09 17:25:17.554219,Rome,91,29.555,73.216
2025-11-09 18:25:17.554219,Rome,109,5.334,27.132
2025-11-09 19:25:17.554219,Rome,156,8.07,60.818
2025-11-09 20:25:17.554219,Rome,95,22.666,69.542
2025-11-09 21:25:17.554219,Rome,127,7.849,72.141
2025-11-09 22:25:17.554219,Rome,156,20.608,36.116
2025-11-09 23:25:17.554219,Rome,157,23.762,77.641
2025-11-10 00:25:17.554219,Rome,130,18.61,50.138
2025-11-10 01:25:17.554219,Rome,50,27.871,47.488
2025-11-10 02:25:17.554219,Rome,108,34.185,60.332
2025-11-10 03:25:17.554219,Rome,100,21.534,73.342
2025-11-10 04:25:17.554219,Rome,73,5.027,87.448
2025-11-10 05:25:17.554219,Rome,75,7.701,73.165
2025-11-10 06:25:17.554219,Rome,74,20.619,79.616
2025-11-10 07:25:17.554219,Rome,108,28.948,59.826
2025-11-10 08:25:17.554219,Rome,88,17.099,34.99
2025-11-10 09:25:17.554219,Rome,67,35.342,69.838
2025-11-10 10:25:17.554219,Rome,76,31.981,67.176
2025-11-10 11:25:17.554219,Rome,115,6.211,45.083
2025-11-10 12:25:17.554219,Rome,81,37.673,86.276
2025-11-10 13:25:17.554219,Rome,92,20.952,57.08
2025-11-10 14:25:17.554219,Rome,84,10.188,38.498
2025-11-10 15:25:17.554219,Rome,106,15.08,51.488
2025-11-10 16:25:17.554219,Rome,70,19.354,85.026
2025-11-10 17:25:17.554219,Rome,119,30.061,70.471
2025-11-10 18:25:17.554219,Rome,83,23.235,65.333
2025-11-10 19:25:17.554219,Rome,136,16.195,75.578
2025-11-10 20:25:17.554219,Rome,95,29.619,79.596
2025-11-10 21:25:17.554219,Rome,146,17.383,48.543
2025-11-10 22:25:17.554219,Rome,77,21.55,64.323
2025-11-10 23:25:17.554219,Rome,126,36.394,49.716
2025-11-11 00:25:17.554219,Rome,125,12.001,76.15
2025-11-11 01:25:17.554219,Rome,82,32.008,74.481
2025-11-11 02:25:17.554219,Rome,155,30.872,34.781
2025-11-11 03:25:17.554219,Rome,61,13.314,26.846
2025-11-11 04:25:17.554219,Rome,101,11.093,72.255
2025-11-11 05:25:17.554219,Rome,88,18.322,38.136
2025-11-11 06:25:17.554219,Rome,68,18.494,59.91
2025-11-11 07:25:17.554219,Rome,71,25.108,81.924
2025-11-11 08:25:17.554219,Rome,114,23.18,82.288
2025-11-11 09:25:17.554219,Rome,104,34.75,40.478
2025-11-11 10:25:17.554219,Rome,116,23.523,61.892
2025-11-11 11:25:17.554219,Rome,121,22.141,50.293
2025-11-11 12:25:17.554219,Rome,67,25.202,44.834
2025-11-11 13:25:17.554219,Rome,54,21.598,30.313
2025-11-11 14:25:17.554219,Rome,123,22.434,29.67
2025-11-11 15:25:17.554219,Rome,82,37.919,34.623
2025-11-11 16:25:17.554219,Rome,143,23.501,45.841
2025-11-11 17:25:17.554219,Rome,143,35.011,55.736
2025-11-11 18:25:17.554219,Rome,171,26.209,81.169
2025-11-11 19:25:17.554219,Rome,101,20.867,51.511
2025-11-11 20:25:17.554219,Rome,104,6.321,28.479
2025-11-11 21:25:17.554219,Rome,75,22.098,38.799
2025-11-11 22:25:17.554219,Rome,60,31.266,48.866
2025-11-11 23:25:17.554219,Rome,159,37.422,68.98
2025-11-12 00:25:17.554219,Rome,123,35.854,49.203
2025-11-12 01:25:17.554219,Rome,67,35.618,42.587
2025-11-12 02:25:17.554219,Rome,144,5.652,77.21
2025-11-12 03:25:17.554219,Rome,153,35.668,60.664
2025-11-12 04:25:17.554219,Rome,53,14.772,75.656
2025-11-12 05:25:17.554219,Rome,88,35.92,86.351
2025-11-12 06:25:17.554219,Rome,93,13.89,40.622
2025-11-12 07:25:17.554219,Rome,115,27.202,71.912
2025-11-12 08:25:17.554219,Rome,126,23.577,86.118
2025-11-12 09:25:17.554219,Rome,113,9.374,65.178
2025-11-12 10:25:17.554219,Rome,61,26.117,66.05
2025-11-12 11:25:17.554219,Rome,63,24.938,61.255
2025-11-12 12:25:17.554219,Rome,123,14.727,80.568
2025-11-12 13:25:17.554219,Rome,146,9.457,36.482
2025-11-12 14:25:17.554219,Rome,71,29.49,28.192
2025-11-12 15:25:17.554219,Rome,99,6.367,30.036
2025-11-12 16:25:17.554219,Rome,80,10.368,27.067
2025-11-12 17:25:17.554219,Rome,151,13.12,47.206
2025-11-12 18:25:17.554219,Rome,73,18.398,79.207
2025-11-12 19:25:17.554219,Rome,85,24.169,30.735
2025-11-12 20:25:17.554219,Rome,116,32.523,64.586
2025-11-12 21:25:17.554219,Rome,69,16.291,47.536
2025-11-12 22:25:17.554219,Rome,101,30.547,44.71
2025-11-12 23:25:17.554219,Rome,49,19.248,29.81
2025-11-13 00:25:17.554219,Rome,81,9.902,37.387
2025-11-13 01:25:17.554219,Rome,96,35.701,73.076
2025-11-13 02:25:17.554219,Rome,107,7.958,36.459
2025-11-13 03:25:17.554219,Rome,161,20.475,74.502
2025-11-13 04:25:17.554219,Rome,76,13.034,64.354
2025-11-13 05:25:17.554219,Rome,95,35.627,73.721
2025-11-13 06:25:17.554219,Rome,90,33.621,49.005
2025-11-13 07:25:17.554219,Rome,89,11.755,73.062
2025-11-13 08:25:17.554219,Rome,100,7.224,87.297
2025-11-13 09:25:17.554219,Rome,93,17.266,63.537
2025-11-13 10:25:17.554219,Rome,130,31.712,36.996
2025-11-13 11:25:17.554219,Rome,118,14.138,50.899
2025-11-13 12:25:17.554219,Rome,126,8.562,86.925
2025-11-13 13:25:17.554219,Rome,102,17.429,37.449
2025-11-13 14:25:17.554219,Rome,107,10.889,82.965
2025-11-13 15:25:17.554219,Rome,138,34.802,31.179
2025-11-13 16:25:17.554219,Rome,137,20.418,63.157
2025-11-13 17:25:17.554219,Rome,135,20.668,48.737
2025-11-13 18:25:17.554219,Rome,98,13.866,25.051
2025-11-13 19:25:17.554219,Rome,100,21.236,25.566
2025-11-13 20:25:17.554219,Rome,89,30.818,45.546
2025-11-13 21:25:17.554219,Rome,76,31.47,86.005
2025-11-13 22:25:17.554219,Rome,136,11.896,85.889
2025-11-13 23:25:17.554219,Rome,101,14.114,89.306
2025-11-14 00:25:17.554219,Rome,129,19.018,34.262
2025-11-14 01:25:17.554219,Rome,103,18.967,57.534
2025-11-14 02:25:17.554219,Rome,121,10.646,26.522
2025-11-14 03:25:17.554219,Rome,122,8.662,61.644
2025-11-14 04:25:17.554219,Rome,104,12.531,88.895
2025-11-14 05:25:17.554219,Rome,99,32.172,30.243
2025-11-14 06:25:17.554219,Rome,118,17.488,82.828
2025-11-14 07:25:17.554219,Rome,87,8.633,85.027
2025-11-14 08:25:17.554219,Rome,46,17.226,38.973
2025-11-14 09:25:17.554219,Rome,89,12.896,45.46
2025-11-14 10:25:17.554219,Rome,108,15.729,59.861
2025-11-14 11:25:17.554219,Rome,120,32.486,62.569
2025-11-14 12:25:17.554219,Rome,87,32.961,36.028
2025-11-14 13:25:17.554219,Rome,102,30.39,85.717
2025-11-14 14:25:17.554219,Rome,113,21.838,69.822
2025-11-14 15:25:17.554219,Rome,132,27.059,51.822
2025-11-14 16:25:17.554219,Rome,82,10.107,78.454
2025-11-14 17:25:17.554219,Rome,115,18.508,77.742
2025-11-14 18:25:17.554219,Rome,111,14.583,70.634
2025-11-14 19:25:17.554219,Rome,102,12.014,28.567
2025-11-14 20:25:17.554219,Rome,77,16.721,80.602
2025-11-14 21:25:17.554219,Rome,152,15.795,82.604
2025-11-14 22:25:17.554219,Rome,65,14.178,62.893
2025-11-14 23:25:17.554219,Rome,77,16.631,38.933
2025-11-15 00:25:17.554219,Rome,81,21.114,33.928
2025-11-15 01:25:17.554219,Rome,94,11.507,33.718
2025-11-15 02:25:17.554219,Rome,51,28.376,33.763
2025-11-15 03:25:17.554219,Rome,86,9.415,73.175
2025-11-15 04:25:17.554219,Rome,61,25.687,87.542
2025-11-15 05:25:17.554219,Rome,117,25.877,82.87
2025-11-15 06:25:17.554219,Rome,91,25.706,29.024
2025-11-15 07:25:17.554219,Rome,110,24.678,85.323
2025-11-15 08:25:17.554219,Rome,101,31.375,31.088
2025-11-15 09:25:17.554219,Rome,97,29.618,53.813
2025-11-15 10:25:17.554219,Rome,67,16.074,60.436
2025-11-15 11:25:17.554219,Rome,128,32.934,72.704
2025-11-15 12:25:17.554219,Rome,143,24.677,81.471
2025-11-15 13:25:17.554219,Rome,92,36.311,51.593
2025-11-15 14:25:17.554219,Rome,89,6.267,45.352
2025-11-15 15:25:17.554219,Rome,68,24.563,78.669
2025-11-15 16:25:17.554219,Rome,95,31.61,25.639
2025-11-15 17:25:17.554219,Rome,95,14.642,76.591
2025-11-15 18:25:17.554219,Rome,109,10.307,64.154
2025-11-15 19:25:17.554219,Rome,120,6.359,82.826
2025-11-15 20:25:17.554219,Rome,82,10.289,56.816
2025-11-15 21:25:17.554219,Rome,114,30.658,40.35
2025-11-15 22:25:17.554219,Rome,71,27.328,39.579
2025-11-15 23:25:17.554219,Rome,86,22.032,64.381
2025-11-16 00:25:17.554219,Rome,128,9.534,43.104
2025-11-16 01:25:17.554219,Rome,60,23.447,63.386
2025-11-16 02:25:17.554219,Rome,143,22.851,54.277
2025-11-16 03:25:17.554219,Rome,125,19.453,73.908
2025-11-16 04:25:17.554219,Rome,68,36.027,59.193
2025-11-16 05:25:17.554219,Rome,112,10.097,36.698
2025-11-16 06:25:17.554219,Rome,77,17.816,52.495
2025-11-16 07:25:17.554219,Rome,139,30.939,39.689
2025-11-16 08:25:17.554219,Rome,127,28.932,71.532
2025-11-16 09:25:17.554219,Rome,151,13.95,46.433
2025-11-16 10:25:17.554219,Rome,125,10.452,56.295
2025-11-16 11:25:17.554219,Rome,87,15.351,76.199
2025-11-16 12:25:17.554219,Rome,172,34.336,71.579
2025-11-16 13:25:17.554219,Rome,86,25.624,80.484
2025-11-16 14:25:17.554219,Rome,68,17.576,44.299
2025-11-16 15:25:17.554219,Rome,97,18.671,82.744
2025-11-16 16:25:17.554219,Rome,190,29.19,70.885
2025-11-16 17:25:17.554219,Rome,90,14.492,87.442
2025-11-16 18:25:17.554219,Rome,75,31.431,68.586
2025-11-16 19:25:17.554219,Rome,125,29.917,50.711
2025-11-16 20:25:17.554219,Rome,68,20.875,46.645
2025-11-16 21:25:17.554219,Rome,157,28.946,51.011
2025-11-16 22:25:17.554219,Rome,127,22.334,78.643
2025-11-16 23:25:17.554219,Rome,103,36.455,67.751
2025-11-17 00:25:17.554219,Rome,92,5.301,53.5
2025-11-17 01:25:17.554219,Rome,61,37.213,89.348
2025-11-17 02:25:17.554219,Rome,134,6.15,43.714
2025-11-17 03:25:17.554219,Rome,80,37.357,44.516
2025-11-17 04:25:17.554219,Rome,100,32.769,74.19
2025-11-17 05:25:17.554219,Rome,100,13.366,66.119
2025-11-17 06:25:17.554219,Rome,124,34.94,70.202
2025-11-17 07:25:17.554219,Rome,100,29.427,78.951
2025-11-17 08:25:17.554219,Rome,121,33.651,49.337
2025-11-17 09:25:17.554219,Rome,138,6.052,51.653
2025-11-17 10:25:17.554219,Rome,73,32.187,27.469
2025-11-17 11:25:17.554219,Rome,59,34.06,37.332
2025-11-17 12:25:17.554219,Rome,89,8.164,52.612
2025-11-17 13:25:17.554219,Rome,84,18.517,44.107
2025-11-17 14:25:17.554219,Rome,82,23.589,69.304
2025-11-17 15:25:17.554219,Rome,116,6.726,33.368
2025-11-17 16:25:17.554219,Rome,127,19.907,67.34
2025-11-17 17:25:17.554219,Rome,139,13.556,53.961
2025-11-17 18:25:17.554219,Rome,103,11.473,73.666
2025-11-17 19:25:17.554219,Rome,164,30.602,60.211
2025-11-17 20:25:17.554219,Rome,60,21.978,63.384
2025-11-17 21:25:17.554219,Rome,75,19.475,74.089
2025-11-17 22:25:17.554219,Rome,129,21.532,60.233
2025-11-17 23:25:17.554219,Rome,101,7.075,54.992
2025-11-18 00:25:17.554219,Rome,142,35.021,68.631
2025-11-18 01:25:17.554219,Rome,77,35.961,58.066
2025-11-18 02:25:17.554219,Rome,87,26.051,57.5
2025-11-18 03:25:17.554219,Rome,132,11.364,73.039
2025-11-18 04:25:17.554219,Rome,77,24.177,30.829
2025-11-18 05:25:17.554219,Rome,135,7.645,76.31
2025-11-18 06:25:17.554219,Rome,117,30.224,87.207
2025-11-18 07:25:17.554219,Rome,130,29.792,58.707
2025-11-18 08:25:17.554219,Rome,111,18.799,41.845
2025-11-18 09:25:17.554219,Rome,124,12.201,45.816
2025-11-18 10:25:17.554219,Rome,152,37.387,76.454
2025-11-18 11:25:17.554219,Rome,100,14.176,36.206
2025-11-18 12:25:17.554219,Rome,142,19.529,66.361
2025-11-18 13:25:17.554219,Rome,114,14.68,25.179
2025-11-18 14:25:17.554219,Rome,76,28.625,84.804
2025-11-18 15:25:17.554219,Rome,85,35.991,43.21
2025-11-18 16:25:17.554219,Rome,112,21.762,77.811
2025-11-18 17:25:17.554219,Rome,72,6.321,45.838
2025-11-18 18:25:17.554219,Rome,84,5.463,49.662
2025-11-18 19:25:17.554219,Rome,97,10.469,36.469
2025-11-18 20:25:17.554219,Rome,132,18.331,58.375
2025-11-18 21:25:17.554219,Rome,128,22.85,27.583
2025-11-18 22:25:17.554219,Rome,98,20.507,39.636
2025-11-18 23:25:17.554219,Rome,95,18.922,32.002
2025-11-19 00:25:17.554219,Rome,157,7.237,73.347
2025-11-19 01:25:17.554219,Rome,105,13.063,83.917
2025-11-19 02:25:17.554219,Rome,114,22.994,65.062
2025-11-19 03:25:17.554219,Rome,81,6.764,36.798
2025-11-19 04:25:17.554219,Rome,105,22.19,50.392
2025-11-19 05:25:17.554219,Rome,108,25.168,55.3
2025-11-19 06:25:17.554219,Rome,107,27.409,78.104
2025-11-19 07:25:17.554219,Rome,111,8.189,88.856
2025-11-19 08:25:17.554219,Rome,110,36.214,47.805
2025-11-19 09:25:17.554219,Rome,90,13.125,30.928
2025-11-19 10:25:17.554219,Rome,107,5.683,85.088
2025-11-19 11:25:17.554219,Rome,125,29.041,50.348
2025-11-19 12:25:17.554219,Rome,77,19.992,34.718
2025-11-19 13:25:17.554219,Rome,138,24.531,65.211
2025-11-19 14:25:17.554219,Rome,89,25.107,66.12
2025-11-19 15:25:17.554219,Rome,128,7.746,36.572
2025-11-19 16:25:17.554219,Rome,101,37.211,78.963
2025-11-19 17:25:17.554219,Rome,117,16.851,89.781
2025-11-04 18:25:17.554219,Toronto,142,30.05,77.669
2025-11-04 19:25:17.554219,Toronto,42,9.141,43.774
2025-11-04 20:25:17.554219,Toronto,91,12.839,82.084
2025-11-04 21:25:17.554219,Toronto,98,13.321,64.69
2025-11-04 22:25:17.554219,Toronto,110,37.257,73.865
2025-11-04 23:25:17.554219,Toronto,96,27.123,83.204
2025-11-05 00:25:17.554219,Toronto,130,14.743,77.664
2025-11-05 01:25:17.554219,Toronto,111,9.254,78.06
2025-11-05 02:25:17.554219,Toronto,118,7.338,43.046
2025-11-05 03:25:17.554219,Toronto,106,30.985,65.783
2025-11-05 04:25:17.554219,Toronto,75,13.049,67.621
2025-11-05 05:25:17.554219,Toronto,106,11.834,57.478
2025-11-05 06:25:17.554219,Toronto,100,34.288,36.167
2025-11-05 07:25:17.554219,Toronto,105,14.925,50.14
2025-11-05 08:25:17.554219,Toronto,133,34.283,86.916
2025-11-05 09:25:17.554219,Toronto,86,8.902,46.975
2025-11-05 10:25:17.554219,Toronto,102,32.019,89.544
2025-11-05 11:25:17.554219,Toronto,99,28.208,76.641
2025-11-05 12:25:17.554219,Toronto,112,8.285,87.005
2025-11-05 13:25:17.554219,Toronto,81,21.833,84.254
2025-11-05 14:25:17.554219,Toronto,134,27.23,30.715
2025-11-05 15:25:17.554219,Toronto,82,20.415,42.527
2025-11-05 16:25:17.554219,Toronto,141,36.823,52.293
2025-11-05 17:25:17.554219,Toronto,114,12.843,69.648
2025-11-05 18:25:17.554219,Toronto,113,32.946,55.705
2025-11-05 19:25:17.554219,Toronto,91,8.757,76.157
2025-11-05 20:25:17.554219,Toronto,114,23.373,56.985
2025-11-05 21:25:17.554219,Toronto,176,20.461,83.858
2025-11-05 22:25:17.554219,Toronto,104,23.798,74.434
2025-11-05 23:25:17.554219,Toronto,92,13.663,53.08
2025-11-06 00:25:17.554219,Toronto,109,23.417,26.616
2025-11-06 01:25:17.554219,Toronto,108,9.712,50.611
2025-11-06 02:25:17.554219,Toronto,106,12.079,43.673
2025-11-06 03:25:17.554219,Toronto,90,7.054,39.55
2025-11-06 04:25:17.554219,Toronto,124,36.94,26.112
2025-11-06 05:25:17.554219,Toronto,126,12.866,47.85
2025-11-06 06:25:17.554219,Toronto,57,15.484,83.304
2025-11-06 07:25:17.554219,Toronto,104,10.476,28.481
2025-11-06 08:25:17.554219,Toronto,101,14.289,27.324
2025-11-06 09:25:17.554219,Toronto,83,32.556,52.533
2025-11-06 10:25:17.554219,Toronto,82,8.87,58.467
2025-11-06 11:25:17.554219,Toronto,119,13.924,45.033
2025-11-06 12:25:17.554219,Toronto,66,26.146,57.341
2025-11-06 13:25:17.554219,Toronto,86,17.368,32.537
2025-11-06 14:25:17.554219,Toronto,69,21.149,36.389
2025-11-06 15:25:17.554219,Toronto,120,13.55,86.926
2025-11-06 16:25:17.554219,Toronto,76,16.128,79.397
2025-11-06 17:25:17.554219,Toronto,103,9.168,32.844
2025-11-06 18:25:17.554219,Toronto,93,12.151,52.059
2025-11-06 19:25:17.554219,Toronto,121,36.448,81.751
2025-11-06 20:25:17.554219,Toronto,89,18.991,85.181
2025-11-06 21:25:17.554219,Toronto,123,5.223,45.443
2025-11-06 22:25:17.554219,Toronto,105,35.489,58.889
2025-11-06 23:25:17.554219,Toronto,66,19.984,36.494
2025-11-07 00:25:17.554219,Toronto,119,22.555,40.499
2025-11-07 01:25:17.554219,Toronto,92,35.676,38.436
2025-11-07 02:25:17.554219,Toronto,122,36.449,55.192
2025-11-07 03:25:17.554219,Toronto,110,8.024,74.759
2025-11-07 04:25:17.554219,Toronto,100,6.655,72.994
2025-11-07 05:25:17.554219,Toronto,83,19.175,88.059
2025-11-07 06:25:17.554219,Toronto,71,10.94,63.054
2025-11-07 07:25:17.554219,Toronto,102,14.187,85.804
2025-11-07 08:25:17.554219,Toronto,61,30.529,43.6
2025-11-07 09:25:17.554219,Toronto,123,37.501,43.861
2025-11-07 10:25:17.554219,Toronto,119,20.297,42.794
2025-11-07 11:25:17.554219,Toronto,93,26.107,64.996
2025-11-07 12:25:17.554219,Toronto,109,34.483,76.182
2025-11-07 13:25:17.554219,Toronto,115,25.285,45.828
2025-11-07 14:25:17.554219,Toronto,138,26.116,51.977
2025-11-07 15:25:17.554219,Toronto,121,24.625,30.929
2025-11-07 16:25:17.554219,Toronto,82,6.304,72.978
2025-11-07 17:25:17.554219,Toronto,45,6.796,89.971
2025-11-07 18:25:17.554219,Toronto,59,12.032,77.424
2025-11-07 19:25:17.554219,Toronto,81,9.834,70.343
2025-11-07 20:25:17.554219,Toronto,112,9.101,50.261
2025-11-07 21:25:17.554219,Toronto,110,8.212,66.893
2025-11-07 22:25:17.554219,Toronto,89,14.157,50.98
2025-11-07 23:25:17.554219,Toronto,81,37.106,32.408
2025-11-08 00:25:17.554219,Toronto,149,26.841,89.574
2025-11-08 01:25:17.554219,Toronto,78,21.558,48.927
2025-11-08 02:25:17.554219,Toronto,92,23.027,27.022
2025-11-08 03:25:17.554219,Toronto,86,9.112,76.622
2025-11-08 04:25:17.554219,Toronto,115,28.756,89.737
2025-11-08 05:25:17.554219,Toronto,122,24.496,79.666
2025-11-08 06:25:17.554219,Toronto,156,19.801,31.05
2025-11-08 07:25:17.554219,Toronto,90,8.965,58.222
2025-11-08 08:25:17.554219,Toronto,97,19.865,87.818
2025-11-08 09:25:17.554219,Toronto,82,20.56,47.818
2025-11-08 10:25:17.554219,Toronto,130,8.979,40.713
2025-11-08 11:25:17.554219,Toronto,129,27.779,45.018
2025-11-08 12:25:17.554219,Toronto,80,14.814,31.796
2025-11-08 13:25:17.554219,Toronto,131,19.152,82.375
2025-11-08 14:25:17.554219,Toronto,80,32.832,36.52
2025-11-08 15:25:17.554219,Toronto,79,15.939,36.717
2025-11-08 16:25:17.554219,Toronto,110,28.597,44.854
2025-11-08 17:25:17.554219,Toronto,103,13.119,50.683
2025-11-08 18:25:17.554219,Toronto,109,9.753,73.419
2025-11-08 19:25:17.554219,Toronto,147,36.912,25.706
2025-11-08 20:25:17.554219,Toronto,121,8.221,32.284
2025-11-08 21:25:17.554219,Toronto,112,6.186,47.852
2025-11-08 22:25:17.554219,Toronto,130,17.692,73.462
2025-11-08 23:25:17.554219,Toronto,94,27.021,76.594
2025-11-09 00:25:17.554219,Toronto,79,27.595,76.429
2025-11-09 01:25:17.554219,Toronto,108,20.562,38.558
2025-11-09 02:25:17.554219,Toronto,79,17.386,26.404
2025-11-09 03:25:17.554219,Toronto,101,24.433,81.363
2025-11-09 04:25:17.554219,Toronto,162,34.253,62.599
2025-11-09 05:25:17.554219,Toronto,84,36.863,44.731
2025-11-09 06:25:17.554219,Toronto,94,34.35,43.739
2025-11-09 07:25:17.554219,Toronto,108,10.465,52.727
2025-11-09 08:25:17.554219,Toronto,106,16.883,42.047
2025-11-09 09:25:17.554219,Toronto,163,28.099,58.851
2025-11-09 10:25:17.554219,Toronto,93,28.86,42.942
2025-11-09 11:25:17.554219,Toronto,69,18.038,45.343
2025-11-09 12:25:17.554219,Toronto,89,24.093,70.893
2025-11-09 13:25:17.554219,Toronto,53,33.616,75.695
2025-11-09 14:25:17.554219,Toronto,94,22.024,60.408
2025-11-09 15:25:17.554219,Toronto,131,36.35,29.8
2025-11-09 16:25:17.554219,Toronto,79,29.557,27.596
2025-11-09 17:25:17.554219,Toronto,134,9.063,71.424
2025-11-09 18:25:17.554219,Toronto,90,13.394,79.691
2025-11-09 19:25:17.554219,Toronto,140,33.836,29.127
2025-11-09 20:25:17.554219,Toronto,89,25.171,73.781
2025-11-09 21:25:17.554219,Toronto,147,31.862,31.236
2025-11-09 22:25:17.554219,Toronto,92,8.927,44.038
2025-11-09 23:25:17.554219,Toronto,64,14.476,33.379
2025-11-10 00:25:17.554219,Toronto,58,23.365,29.802
2025-11-10 01:25:17.554219,Toronto,66,12.271,70.829
2025-11-10 02:25:17.554219,Toronto,97,30.347,40.764
2025-11-10 03:25:17.554219,Toronto,114,5.994,44.553
2025-11-10 04:25:17.554219,Toronto,93,20.734,89.462
2025-11-10 05:25:17.554219,Toronto,113,21.228,70.123
2025-11-10 06:25:17.554219,Toronto,115,9.099,43.386
2025-11-10 07:25:17.554219,Toronto,85,24.079,51.59
2025-11-10 08:25:17.554219,Toronto,107,33.291,68.907
2025-11-10 09:25:17.554219,Toronto,123,6.54,74.893
2025-11-10 10:25:17.554219,Toronto,78,13.79,75.683
2025-11-10 11:25:17.554219,Toronto,119,8.074,66.607
2025-11-10 12:25:17.554219,Toronto,106,6.775,73.329
2025-11-10 13:25:17.554219,Toronto,108,14.835,78.638
2025-11-10 14:25:17.554219,Toronto,110,13.54,56.028
2025-11-10 15:25:17.554219,Toronto,124,7.157,50.539
2025-11-10 16:25:17.554219,Toronto,109,25.733,75.408
2025-11-10 17:25:17.554219,Toronto,93,31.407,46.546
2025-11-10 18:25:17.554219,Toronto,135,33.146,40.603
2025-11-10 19:25:17.554219,Toronto,126,14.048,65.423
2025-11-10 20:25:17.554219,Toronto,147,24.481,47.229
2025-11-10 21:25:17.554219,Toronto,84,13.537,71.999
2025-11-10 22:25:17.554219,Toronto,61,15.282,42.894
2025-11-10 23:25:17.554219,Toronto,112,31.669,61.299
2025-11-11 00:25:17.554219,Toronto,135,5.913,43.149
2025-11-11 01:25:17.554219,Toronto,128,35.055,63.767
2025-11-11 02:25:17.554219,Toronto,104,19.016,69.122
2025-11-11 03:25:17.554219,Toronto,153,29.631,55.714
2025-11-11 04:25:17.554219,Toronto,79,8.241,48.536
2025-11-11 05:25:17.554219,Toronto,145,29.748,43.385
2025-11-11 06:25:17.554219,Toronto,86,29.638,76.268
2025-11-11 07:25:17.554219,Toronto,135,34.44,35.96
2025-11-11 08:25:17.554219,Toronto,95,10.081,45.828
2025-11-11 09:25:17.554219,Toronto,148,35.598,41.104
2025-11-11 10:25:17.554219,Toronto,91,36.377,49.227
2025-11-11 11:25:17.554219,Toronto,67,15.067,85.544
2025-11-11 12:25:17.554219,Toronto,87,33.656,60.693
2025-11-11 13:25:17.554219,Toronto,131,22.323,46.07
2025-11-11 14:25:17.554219,Toronto,134,15.981,54.629
2025-11-11 15:25:17.554219,Toronto,106,15.543,71.715
2025-11-11 16:25:17.554219,Toronto,109,7.33,54.388
2025-11-11 17:25:17.554219,Toronto,148,13.21,52.482
2025-11-11 18:25:17.554219,Toronto,77,8.845,48.829
2025-11-11 19:25:17.554219,Toronto,126,18.25,48.269
2025-11-11 20:25:17.554219,Toronto,90,20.836,82.591
2025-11-11 21:25:17.554219,Toronto,99,27.45,84.015
2025-11-11 22:25:17.554219,Toronto,97,23.689,83.958
2025-11-11 23:25:17.554219,Toronto,95,26.148,37.761
2025-11-12 00:25:17.554219,Toronto,117,30.001,54.134
2025-11-12 01:25:17.554219,Toronto,65,32.057,39.2
2025-11-12 02:25:17.554219,Toronto,68,24.098,30.988
2025-11-12 03:25:17.554219,Toronto,99,34.471,74.616
2025-11-12 04:25:17.554219,Toronto,84,32.351,38.197
2025-11-12 05:25:17.554219,Toronto,82,9.06,49.275
2025-11-12 06:25:17.554219,Toronto,111,37.001,60.492
2025-11-12 07:25:17.554219,Toronto,149,32.268,88.173
2025-11-12 08:25:17.554219,Toronto,148,10.911,40.455
2025-11-12 09:25:17.554219,Toronto,42,9.454,46.893
2025-11-12 10:25:17.554219,Toronto,116,28.049,80.643
2025-11-12 11:25:17.554219,Toronto,94,19.236,89.771
2025-11-12 12:25:17.554219,Toronto,90,19.581,53.345
2025-11-12 13:25:17.554219,Toronto,132,37.27,77.46
2025-11-12 14:25:17.554219,Toronto,104,11.246,66.922
2025-11-12 15:25:17.554219,Toronto,129,32.085,26.035
2025-11-12 16:25:17.554219,Toronto,75,28.932,36.793
2025-11-12 17:25:17.554219,Toronto,99,14.406,64.391
2025-11-12 18:25:17.554219,Toronto,89,34.124,39.634
2025-11-12 19:25:17.554219,Toronto,120,21.159,74.692
2025-11-12 20:25:17.554219,Toronto,143,29.962,29.352
2025-11-12 21:25:17.554219,Toronto,119,22.865,41.331
2025-11-12 22:25:17.554219,Toronto,158,19.615,78.323
2025-11-12 23:25:17.554219,Toronto,102,25.797,77.208
2025-11-13 00:25:17.554219,Toronto,160,29.33,31.624
2025-11-13 01:25:17.554219,Toronto,115,12.777,67.702
2025-11-13 02:25:17.554219,Toronto,95,22.022,30.783
2025-11-13 03:25:17.554219,Toronto,105,6.973,44.658
2025-11-13 04:25:17.554219,Toronto,87,5,88.53
2025-11-13 05:25:17.554219,Toronto,89,12.584,36.428
2025-11-13 06:25:17.554219,Toronto,74,8.789,45.153
2025-11-13 07:25:17.554219,Toronto,118,29.089,48.78
2025-11-13 08:25:17.554219,Toronto,86,21.955,66.427
2025-11-13 09:25:17.554219,Toronto,112,15.157,65.129
2025-11-13 10:25:17.554219,Toronto,73,14.08,77.035
2025-11-13 11:25:17.554219,Toronto,44,35.75,29.359
2025-11-13 12:25:17.554219,Toronto,72,37.658,32.149
2025-11-13 13:25:17.554219,Toronto,110,27.429,28.435
2025-11-13 14:25:17.554219,Toronto,94,17.032,31.024
2025-11-13 15:25:17.554219,Toronto,81,25.087,58.786
2025-11-13 16:25:17.554219,Toronto,95,37.636,45.347
2025-11-13 17:25:17.554219,Toronto,94,27.511,80.167
2025-11-13 18:25:17.554219,Toronto,92,28.85,59.685
2025-11-13 19:25:17.554219,Toronto,74,32.81,88.152
2025-11-13 20:25:17.554219,Toronto,119,16.74,77.241
2025-11-13 21:25:17.554219,Toronto,156,28.54,55.254
2025-11-13 22:25:17.554219,Toronto,97,33.679,40.235
2025-11-13 23:25:17.554219,Toronto,72,26.956,55.351
2025-11-14 00:25:17.554219,Toronto,99,21.681,33.775
2025-11-14 01:25:17.554219,Toronto,87,5.366,37.106
2025-11-14 02:25:17.554219,Toronto,100,30.537,37.208
2025-11-14 03:25:17.554219,Toronto,95,17.962,68.229
2025-11-14 04:25:17.554219,Toronto,79,35.468,56.792
2025-11-14 05:25:17.554219,Toronto,68,9.93,86.338
2025-11-14 06:25:17.554219,Toronto,95,9.93,59.042
2025-11-14 07:25:17.554219,Toronto,132,5.42,44.334
2025-11-14 08:25:17.554219,Toronto,132,20.683,68.631
2025-11-14 09:25:17.554219,Toronto,144,9.775,67.516
2025-11-14 10:25:17.554219,Toronto,126,13.017,67.535
2025-11-14 11:25:17.554219,Toronto,139,7.577,81.81
2025-11-14 12:25:17.554219,Toronto,68,19.721,78.568
2025-11-14 13:25:17.554219,Toronto,68,20.691,47.854
2025-11-14 14:25:17.554219,Toronto,97,29.309,40.103
2025-11-14 15:25:17.554219,Toronto,104,23.624,83.231
2025-11-14 16:25:17.554219,Toronto,93,28.802,66.471
2025-11-14 17:25:17.554219,Toronto,78,16.891,29.178
2025-11-14 18:25:17.554219,Toronto,145,19.396,63.659
2025-11-14 19:25:17.554219,Toronto,150,13.805,72.557
2025-11-14 20:25:17.554219,Toronto,84,30.032,39.898
2025-11-14 21:25:17.554219,Toronto,104,17.768,63.091
2025-11-14 22:25:17.554219,Toronto,81,35.641,83.7
2025-11-14 23:25:17.554219,Toronto,77,24.477,74.337
2025-11-15 00:25:17.554219,Toronto,121,12.638,50.807
2025-11-15 01:25:17.554219,Toronto,90,20.36,82.514
2025-11-15 02:25:17.554219,Toronto,76,12.602,78.491
2025-11-15 03:25:17.554219,Toronto,101,21.619,58.957
2025-11-15 04:25:17.554219,Toronto,170,33.802,81.866
2025-11-15 05:25:17.554219,Toronto,103,22.344,88.001
2025-11-15 06:25:17.554219,Toronto,90,5.346,82.359
2025-11-15 07:25:17.554219,Toronto,67,28.974,47.63
2025-11-15 08:25:17.554219,Toronto,137,29.284,70.73
2025-11-15 09:25:17.554219,Toronto,137,29.115,40.581
2025-11-15 10:25:17.554219,Toronto,101,35.232,85.324
2025-11-15 11:25:17.554219,Toronto,104,33.366,70.795
2025-11-15 12:25:17.554219,Toronto,88,37.306,51.529
2025-11-15 13:25:17.554219,Toronto,88,24.231,56.295
2025-11-15 14:25:17.554219,Toronto,80,5.362,76.248
2025-11-15 15:25:17.554219,Toronto,81,5.437,78.084
2025-11-15 16:25:17.554219,Toronto,94,25.381,74.338
2025-11-15 17:25:17.554219,Toronto,130,36.702,76.283
2025-11-15 18:25:17.554219,Toronto,108,13.22,28.916
2025-11-15 19:25:17.554219,Toronto,122,11.537,33.244
2025-11-15 20:25:17.554219,Toronto,108,18.435,58.866
2025-11-15 21:25:17.554219,Toronto,76,25.363,62.3
2025-11-15 22:25:17.554219,Toronto,66,36.145,37.782
2025-11-15 23:25:17.554219,Toronto,127,24.132,33.972
2025-11-16 00:25:17.554219,Toronto,138,22.1,71.877
2025-11-16 01:25:17.554219,Toronto,112,20.823,31.306
2025-11-16 02:25:17.554219,Toronto,98,7.567,71.117
2025-11-16 03:25:17.554219,Toronto,104,32.828,32.015
2025-11-16 04:25:17.554219,Toronto,121,17.595,85.231
2025-11-16 05:25:17.554219,Toronto,109,14.822,86.806
2025-11-16 06:25:17.554219,Toronto,134,20.121,60.176
2025-11-16 07:25:17.554219,Toronto,126,11.979,29.126
2025-11-16 08:25:17.554219,Toronto,92,25.931,63.696
2025-11-16 09:25:17.554219,Toronto,123,18.467,73.705
2025-11-16 10:25:17.554219,Toronto,155,27.152,81.356
2025-11-16 11:25:17.554219,Toronto,91,30.288,68.168
2025-11-16 12:25:17.554219,Toronto,116,16.903,65.283
2025-11-16 13:25:17.554219,Toronto,92,25.098,47.031
2025-11-16 14:25:17.554219,Toronto,102,6.199,44.403
2025-11-16 15:25:17.554219,Toronto,102,18.337,70.703
2025-11-16 16:25:17.554219,Toronto,112,26.606,70.323
2025-11-16 17:25:17.554219,Toronto,116,25.99,71.1
2025-11-16 18:25:17.554219,Toronto,108,8.313,52.019
2025-11-16 19:25:17.554219,Toronto,76,25.566,82.077
2025-11-16 20:25:17.554219,Toronto,101,13.373,74.646
2025-11-16 21:25:17.554219,Toronto,122,9.542,26.267
2025-11-16 22:25:17.554219,Toronto,80,34.318,59.017
2025-11-16 23:25:17.554219,Toronto,145,29.907,49.294
2025-11-17 00:25:17.554219,Toronto,114,31.144,69.379
2025-11-17 01:25:17.554219,Toronto,95,8.197,29.163
2025-11-17 02:25:17.554219,Toronto,104,7.833,71.27
2025-11-17 03:25:17.554219,Toronto,84,14.702,29.591
2025-11-17 04:25:17.554219,Toronto,79,34.396,54.539
2025-11-17 05:25:17.554219,Toronto,112,30.193,57.049
2025-11-17 06:25:17.554219,Toronto,81,25.557,51.134
2025-11-17 07:25:17.554219,Toronto,110,30.488,79.713
2025-11-17 08:25:17.554219,Toronto,92,28.446,48.499
2025-11-17 09:25:17.554219,Toronto,94,24.243,74.976
2025-11-17 10:25:17.554219,Toronto,78,29.181,29.169
2025-11-17 11:25:17.554219,Toronto,115,27.851,45.369
2025-11-17 12:25:17.554219,Toronto,124,19.275,68.115
2025-11-17 13:25:17.554219,Toronto,143,18.393,69.185
2025-11-17 14:25:17.554219,Toronto,77,22.496,27.158
2025-11-17 15:25:17.554219,Toronto,84,25.07,80.94
2025-11-17 16:25:17.554219,Toronto,119,20.827,77.628
2025-11-17 17:25:17.554219,Toronto,109,16.885,34.715
2025-11-17 18:25:17.554219,Toronto,82,23.653,49.671
2025-11-17 19:25:17.554219,Toronto,60,21.075,78.003
2025-11-17 20:25:17.554219,Toronto,125,34.211,72.041
2025-11-17 21:25:17.554219,Toronto,109,8.537,40.169
2025-11-17 22:25:17.554219,Toronto,107,31.184,81.72
2025-11-17 23:25:17.554219,Toronto,125,14.757,83.94
2025-11-18 00:25:17.554219,Toronto,111,9.064,52.888
2025-11-18 01:25:17.554219,Toronto,79,6.501,40.201
2025-11-18 02:25:17.554219,Toronto,97,25.314,89.531
2025-11-18 03:25:17.554219,Toronto,129,23.606,82.406
2025-11-18 04:25:17.554219,Toronto,105,25.657,58.271
2025-11-18 05:25:17.554219,Toronto,79,17.283,59.022
2025-11-18 06:25:17.554219,Toronto,112,35.316,61.533
2025-11-18 07:25:17.554219,Toronto,92,9.082,77.837
2025-11-18 08:25:17.554219,Toronto,120,6.22,34.596
2025-11-18 09:25:17.554219,Toronto,135,10.857,88.922
2025-11-18 10:25:17.554219,Toronto,97,20.586,89.465
2025-11-18 11:25:17.554219,Toronto,77,37.415,28.254
2025-11-18 12:25:17.554219,Toronto,106,12.113,74.339
2025-11-18 13:25:17.554219,Toronto,74,17.729,69.982
2025-11-18 14:25:17.554219,Toronto,76,27.945,31.27
2025-11-18 15:25:17.554219,Toronto,120,30.212,54.431
2025-11-18 16:25:17.554219,Toronto,87,25.337,32.997
2025-11-18 17:25:17.554219,Toronto,71,14.468,71.098
2025-11-18 18:25:17.554219,Toronto,149,32.174,31.661
2025-11-18 19:25:17.554219,Toronto,134,9.113,65.205
2025-11-18 20:25:17.554219,Toronto,87,12.5,48.647
2025-11-18 21:25:17.554219,Toronto,117,21.545,89.359
2025-11-18 22:25:17.554219,Toronto,114,8.244,32.544
2025-11-18 23:25:17.554219,Toronto,82,5.899,76.775
2025-11-19 00:25:17.554219,Toronto,95,18.956,77.516
2025-11-19 01:25:17.554219,Toronto,81,12.391,86.805
2025-11-19 02:25:17.554219,Toronto,125,31.95,50.727
2025-11-19 03:25:17.554219,Toronto,70,27.668,58.748
2025-11-19 04:25:17.554219,Toronto,174,7.916,31.475
2025-11-19 05:25:17.554219,Toronto,133,33.526,77.686
2025-11-19 06:25:17.554219,Toronto,73,34.432,32.629
2025-11-19 07:25:17.554219,Toronto,91,25.925,62.672
2025-11-19 08:25:17.554219,Toronto,83,10.319,46.651
2025-11-19 09:25:17.554219,Toronto,115,27.237,64.419
2025-11-19 10:25:17.554219,Toronto,127,36.639,77.305
2025-11-19 11:25:17.554219,Toronto,96,18.166,25.975
2025-11-19 12:25:17.554219,Toronto,96,19.155,86.809
2025-11-19 13:25:17.554219,Toronto,132,29.957,37.918
2025-11-19 14:25:17.554219,Toronto,88,20.747,63.655
2025-11-19 15:25:17.554219,Toronto,124,32.685,54.816
2025-11-19 16:25:17.554219,Toronto,91,27.527,35.514
2025-11-19 17:25:17.554219,Toronto,127,24.762,58.486
2025-11-04 18:25:17.554219,Mexico City,119,12.566,31.089
2025-11-04 19:25:17.554219,Mexico City,160,34.86,80.858
2025-11-04 20:25:17.554219,Mexico City,127,31.289,63.244
2025-11-04 21:25:17.554219,Mexico City,146,25.842,30.532
2025-11-04 22:25:17.554219,Mexico City,137,31.27,42.591
2025-11-04 23:25:17.554219,Mexico City,126,23.322,70.906
2025-11-05 00:25:17.554219,Mexico City,109,32.971,31.31
2025-11-05 01:25:17.554219,Mexico City,93,18.785,31.156
2025-11-05 02:25:17.554219,Mexico City,73,23.371,28.416
2025-11-05 03:25:17.554219,Mexico City,70,5.024,89.501
2025-11-05 04:25:17.554219,Mexico City,76,27.951,80.042
2025-11-05 05:25:17.554219,Mexico City,89,12.506,86.504
2025-11-05 06:25:17.554219,Mexico City,97,30.436,44.157
2025-11-05 07:25:17.554219,Mexico City,68,13.696,63.238
2025-11-05 08:25:17.554219,Mexico City,108,25.385,61.649
2025-11-05 09:25:17.554219,Mexico City,87,19.549,28.071
2025-11-05 10:25:17.554219,Mexico City,119,23.788,37.967
2025-11-05 11:25:17.554219,Mexico City,106,37.911,25.291
2025-11-05 12:25:17.554219,Mexico City,82,14.809,32.89
2025-11-05 13:25:17.554219,Mexico City,110,8.971,88.006
2025-11-05 14:25:17.554219,Mexico City,112,15.368,50.686
2025-11-05 15:25:17.554219,Mexico City,141,14.213,27.389
2025-11-05 16:25:17.554219,Mexico City,120,15.795,88.062
2025-11-05 17:25:17.554219,Mexico City,96,8.742,71.533
2025-11-05 18:25:17.554219,Mexico City,118,22.351,69.03
2025-11-05 19:25:17.554219,Mexico City,62,19.949,53.604
2025-11-05 20:25:17.554219,Mexico City,132,27.59,30.819
2025-11-05 21:25:17.554219,Mexico City,117,18.209,56.896
2025-11-05 22:25:17.554219,Mexico City,83,32.071,47.62
2025-11-05 23:25:17.554219,Mexico City,110,15.393,38.374
2025-11-06 00:25:17.554219,Mexico City,115,18.343,37.876
2025-11-06 01:25:17.554219,Mexico City,100,15.661,34.101
2025-11-06 02:25:17.554219,Mexico City,104,29.465,46.798
2025-11-06 03:25:17.554219,Mexico City,107,25.501,85.894
2025-11-06 04:25:17.554219,Mexico City,85,35.878,73.839
2025-11-06 05:25:17.554219,Mexico City,101,35.807,80.59
2025-11-06 06:25:17.554219,Mexico City,101,37.329,32.875
2025-11-06 07:25:17.554219,Mexico City,132,16.21,84.768
2025-11-06 08:25:17.554219,Mexico City,102,10.767,57.985
2025-11-06 09:25:17.554219,Mexico City,120,26.67,83.533
2025-11-06 10:25:17.554219,Mexico City,141,21.562,54.355
2025-11-06 11:25:17.554219,Mexico City,131,6.658,50.883
2025-11-06 12:25:17.554219,Mexico City,106,20.451,48.273
2025-11-06 13:25:17.554219,Mexico City,80,23.084,28.252
2025-11-06 14:25:17.554219,Mexico City,102,7.917,31.333
2025-11-06 15:25:17.554219,Mexico City,140,37.381,27.717
2025-11-06 16:25:17.554219,Mexico City,80,7.578,38.493
2025-11-06 17:25:17.554219,Mexico City,131,17.219,82.463
2025-11-06 18:25:17.554219,Mexico City,101,27.218,63.83
2025-11-06 19:25:17.554219,Mexico City,98,22.545,78.025
2025-11-06 20:25:17.554219,Mexico City,76,25.46,54.122
2025-11-06 21:25:17.554219,Mexico City,107,18.751,84.497
2025-11-06 22:25:17.554219,Mexico City,90,14.392,65.64
2025-11-06 23:25:17.554219,Mexico City,58,7.748,55.751
2025-11-07 00:25:17.554219,Mexico City,104,26.75,80.558
2025-11-07 01:25:17.554219,Mexico City,118,14.427,51.956
2025-11-07 02:25:17.554219,Mexico City,73,8.649,46.359
2025-11-07 03:25:17.554219,Mexico City,151,36.462,61.637
2025-11-07 04:25:17.554219,Mexico City,106,26.517,86.543
2025-11-07 05:25:17.554219,Mexico City,133,32.704,50.341
2025-11-07 06:25:17.554219,Mexico City,104,20.551,69.747
2025-11-07 07:25:17.554219,Mexico City,99,9.392,39.871
2025-11-07 08:25:17.554219,Mexico City,145,17.235,37.175
2025-11-07 09:25:17.554219,Mexico City,118,16.171,37.84
2025-11-07 10:25:17.554219,Mexico City,84,21.562,40.854
2025-11-07 11:25:17.554219,Mexico City,115,9.331,63.888
2025-11-07 12:25:17.554219,Mexico City,114,9.703,70.168
2025-11-07 13:25:17.554219,Mexico City,107,19.706,71.97
2025-11-07 14:25:17.554219,Mexico City,118,9.076,74.454
2025-11-07 15:25:17.554219,Mexico City,107,27.144,64.729
2025-11-07 16:25:17.554219,Mexico City,110,24.744,49.204
2025-11-07 17:25:17.554219,Mexico City,106,35.165,28.233
2025-11-07 18:25:17.554219,Mexico City,100,16.752,32.769
2025-11-07 19:25:17.554219,Mexico City,90,21.115,33.378
2025-11-07 20:25:17.554219,Mexico City,90,27.229,83.498
2025-11-07 21:25:17.554219,Mexico City,148,27.503,58.832
2025-11-07 22:25:17.554219,Mexico City,143,10.618,30.291
2025-11-07 23:25:17.554219,Mexico City,81,6.007,86.846
2025-11-08 00:25:17.554219,Mexico City,138,24.536,26.691
2025-11-08 01:25:17.554219,Mexico City,129,31.37,77.298
2025-11-08 02:25:17.554219,Mexico City,97,37.819,55.875
2025-11-08 03:25:17.554219,Mexico City,113,25.511,34.081
2025-11-08 04:25:17.554219,Mexico City,125,7.355,63.677
2025-11-08 05:25:17.554219,Mexico City,138,23.174,45.951
2025-11-08 06:25:17.554219,Mexico City,167,37.796,89.528
2025-11-08 07:25:17.554219,Mexico City,77,15.26,54.961
2025-11-08 08:25:17.554219,Mexico City,86,26.055,26.27
2025-11-08 09:25:17.554219,Mexico City,48,27.656,43.698
2025-11-08 10:25:17.554219,Mexico City,123,33.799,73.798
2025-11-08 11:25:17.554219,Mexico City,98,20.245,46.512
2025-11-08 12:25:17.554219,Mexico City,107,10.618,65.074
2025-11-08 13:25:17.554219,Mexico City,92,11.608,31.692
2025-11-08 14:25:17.554219,Mexico City,83,26.886,45.62
2025-11-08 15:25:17.554219,Mexico City,116,28.524,55.501
2025-11-08 16:25:17.554219,Mexico City,149,37.507,85.478
2025-11-08 17:25:17.554219,Mexico City,107,15.277,56.049
2025-11-08 18:25:17.554219,Mexico City,141,17.225,48.08
2025-11-08 19:25:17.554219,Mexico City,123,6.273,61.959
2025-11-08 20:25:17.554219,Mexico City,143,37.88,79.717
2025-11-08 21:25:17.554219,Mexico City,83,35.817,61.585
2025-11-08 22:25:17.554219,Mexico City,135,14.623,25.053
2025-11-08 23:25:17.554219,Mexico City,80,26.491,34.428
2025-11-09 00:25:17.554219,Mexico City,133,29.384,81.914
2025-11-09 01:25:17.554219,Mexico City,88,12.931,41.996
2025-11-09 02:25:17.554219,Mexico City,135,37.15,87.496
2025-11-09 03:25:17.554219,Mexico City,105,26.261,56.584
2025-11-09 04:25:17.554219,Mexico City,88,17.301,53.638
2025-11-09 05:25:17.554219,Mexico City,95,8.387,76.32
2025-11-09 06:25:17.554219,Mexico City,78,29.891,36.738
2025-11-09 07:25:17.554219,Mexico City,94,20.882,60.927
2025-11-09 08:25:17.554219,Mexico City,115,33.652,88.146
2025-11-09 09:25:17.554219,Mexico City,92,24.588,68.039
2025-11-09 10:25:17.554219,Mexico City,127,5.374,75.62
2025-11-09 11:25:17.554219,Mexico City,108,25.024,50.671
2025-11-09 12:25:17.554219,Mexico City,93,34.031,76.041
2025-11-09 13:25:17.554219,Mexico City,87,15.66,38.622
2025-11-09 14:25:17.554219,Mexico City,70,21.556,85.562
2025-11-09 15:25:17.554219,Mexico City,93,8.693,51.187
2025-11-09 16:25:17.554219,Mexico City,127,33.753,27.856
2025-11-09 17:25:17.554219,Mexico City,80,36.717,33.518
2025-11-09 18:25:17.554219,Mexico City,113,36.893,66.917
2025-11-09 19:25:17.554219,Mexico City,154,16.963,29.147
2025-11-09 20:25:17.554219,Mexico City,104,13.025,76.995
2025-11-09 21:25:17.554219,Mexico City,105,25.589,86.307
2025-11-09 22:25:17.554219,Mexico City,76,34.961,75.55
2025-11-09 23:25:17.554219,Mexico City,137,29.762,73.08
2025-11-10 00:25:17.554219,Mexico City,81,9.638,55.027
2025-11-10 01:25:17.554219,Mexico City,77,16.646,86.675
2025-11-10 02:25:17.554219,Mexico City,97,22.599,25.309
2025-11-10 03:25:17.554219,Mexico City,83,28.858,51.471
2025-11-10 04:25:17.554219,Mexico City,78,34.204,42.363
2025-11-10 05:25:17.554219,Mexico City,103,19.354,51.802
2025-11-10 06:25:17.554219,Mexico City,142,36.501,27.553
2025-11-10 07:25:17.554219,Mexico City,97,35.432,63
2025-11-10 08:25:17.554219,Mexico City,121,18.794,53.138
2025-11-10 09:25:17.554219,Mexico City,165,13.332,46.974
2025-11-10 10:25:17.554219,Mexico City,65,7.937,47.298
2025-11-10 11:25:17.554219,Mexico City,108,37.265,46.748
2025-11-10 12:25:17.554219,Mexico City,125,22.708,57.779
2025-11-10 13:25:17.554219,Mexico City,103,16.527,77.569
2025-11-10 14:25:17.554219,Mexico City,65,33.064,47.145
2025-11-10 15:25:17.554219,Mexico City,151,16.179,49.589
2025-11-10 16:25:17.554219,Mexico City,151,33.084,60.859
2025-11-10 17:25:17.554219,Mexico City,93,22.15,25.872
2025-11-10 18:25:17.554219,Mexico City,90,14.662,76.833
2025-11-10 19:25:17.554219,Mexico City,98,23.178,57.518
2025-11-10 20:25:17.554219,Mexico City,130,5.079,64.444
2025-11-10 21:25:17.554219,Mexico City,124,24.208,70.479
2025-11-10 22:25:17.554219,Mexico City,155,25.49,81.815
2025-11-10 23:25:17.554219,Mexico City,118,32.269,41.711
2025-11-11 00:25:17.554219,Mexico City,116,32.174,64.622
2025-11-11 01:25:17.554219,Mexico City,122,13.663,69.609
2025-11-11 02:25:17.554219,Mexico City,125,20.518,42.458
2025-11-11 03:25:17.554219,Mexico City,156,25.444,34.085
2025-11-11 04:25:17.554219,Mexico City,127,32.181,45.856
2025-11-11 05:25:17.554219,Mexico City,109,9.05,55.029
2025-11-11 06:25:17.554219,Mexico City,113,17.006,67.008
2025-11-11 07:25:17.554219,Mexico City,85,29.568,40.324
2025-11-11 08:25:17.554219,Mexico City,98,21.282,73.197
2025-11-11 09:25:17.554219,Mexico City,114,23.228,83.732
2025-11-11 10:25:17.554219,Mexico City,156,20.985,26.972
2025-11-11 11:25:17.554219,Mexico City,100,17.186,57.76
2025-11-11 12:25:17.554219,Mexico City,104,12.487,57.201
2025-11-11 13:25:17.554219,Mexico City,148,29.615,85.929
2025-11-11 14:25:17.554219,Mexico City,114,5.994,56.832
2025-11-11 15:25:17.554219,Mexico City,180,24.565,37.914
2025-11-11 16:25:17.554219,Mexico City,81,8.316,76.101
2025-11-11 17:25:17.554219,Mexico City,78,30.501,66.629
2025-11-11 18:25:17.554219,Mexico City,80,7.294,64.76
2025-11-11 19:25:17.554219,Mexico City,97,9.097,61.035
2025-11-11 20:25:17.554219,Mexico City,154,29.046,38.973
2025-11-11 21:25:17.554219,Mexico City,92,5.124,66.852
2025-11-11 22:25:17.554219,Mexico City,64,7.819,65.152
2025-11-11 23:25:17.554219,Mexico City,84,35.449,53.32
2025-11-12 00:25:17.554219,Mexico City,90,29.208,37.166
2025-11-12 01:25:17.554219,Mexico City,108,5.576,83.325
2025-11-12 02:25:17.554219,Mexico City,102,16.136,62.225
2025-11-12 03:25:17.554219,Mexico City,78,18.782,75.123
2025-11-12 04:25:17.554219,Mexico City,122,33.204,66.928
2025-11-12 05:25:17.554219,Mexico City,111,37.405,69.381
2025-11-12 06:25:17.554219,Mexico City,84,15.58,36.372
2025-11-12 07:25:17.554219,Mexico City,57,8.256,65.816
2025-11-12 08:25:17.554219,Mexico City,102,32.178,37.726
2025-11-12 09:25:17.554219,Mexico City,63,28.078,26.912
2025-11-12 10:25:17.554219,Mexico City,102,8.68,83.069
2025-11-12 11:25:17.554219,Mexico City,106,26.361,58.274
2025-11-12 12:25:17.554219,Mexico City,143,7.538,29.229
2025-11-12 13:25:17.554219,Mexico City,99,25.634,54.305
2025-11-12 14:25:17.554219,Mexico City,48,26.063,53.168
2025-11-12 15:25:17.554219,Mexico City,96,8.025,65.892
2025-11-12 16:25:17.554219,Mexico City,104,22.292,67.138
2025-11-12 17:25:17.554219,Mexico City,84,34.955,86.178
2025-11-12 18:25:17.554219,Mexico City,83,19.428,46.653
2025-11-12 19:25:17.554219,Mexico City,80,20.237,30.425
2025-11-12 20:25:17.554219,Mexico City,120,17.114,32.624
2025-11-12 21:25:17.554219,Mexico City,181,15.219,47.663
2025-11-12 22:25:17.554219,Mexico City,96,12.215,29.553
2025-11-12 23:25:17.554219,Mexico City,115,35.029,67.685
2025-11-13 00:25:17.554219,Mexico City,93,18.87,89.352
2025-11-13 01:25:17.554219,Mexico City,66,6.285,56.053
2025-11-13 02:25:17.554219,Mexico City,127,30.389,61.314
2025-11-13 03:25:17.554219,Mexico City,118,26.208,26.6
2025-11-13 04:25:17.554219,Mexico City,94,28.328,74.02
2025-11-13 05:25:17.554219,Mexico City,75,28.031,32.678
2025-11-13 06:25:17.554219,Mexico City,76,11.264,50.082
2025-11-13 07:25:17.554219,Mexico City,138,6.694,86.139
2025-11-13 08:25:17.554219,Mexico City,97,36.996,53.396
2025-11-13 09:25:17.554219,Mexico City,54,24.638,64.914
2025-11-13 10:25:17.554219,Mexico City,112,26.189,65.576
2025-11-13 11:25:17.554219,Mexico City,117,5.532,88.971
2025-11-13 12:25:17.554219,Mexico City,98,16.689,73.001
2025-11-13 13:25:17.554219,Mexico City,62,7.813,86.491
2025-11-13 14:25:17.554219,Mexico City,92,30.204,58.74
2025-11-13 15:25:17.554219,Mexico City,125,12.834,61.667
2025-11-13 16:25:17.554219,Mexico City,95,24.735,28.706
2025-11-13 17:25:17.554219,Mexico City,96,12.434,83.278
2025-11-13 18:25:17.554219,Mexico City,96,29.892,81.334
2025-11-13 19:25:17.554219,Mexico City,132,14.038,50.111
2025-11-13 20:25:17.554219,Mexico City,132,14.938,59.021
2025-11-13 21:25:17.554219,Mexico City,84,5.848,42.254
2025-11-13 22:25:17.554219,Mexico City,122,19.427,77.901
2025-11-13 23:25:17.554219,Mexico City,86,24.3,69.69
2025-11-14 00:25:17.554219,Mexico City,174,12.966,39.288
2025-11-14 01:25:17.554219,Mexico City,138,15.108,74.494
2025-11-14 02:25:17.554219,Mexico City,120,20.136,51.476
2025-11-14 03:25:17.554219,Mexico City,153,32.944,75.841
2025-11-14 04:25:17.554219,Mexico City,155,23.486,67.915
2025-11-14 05:25:17.554219,Mexico City,77,28.612,79.748
2025-11-14 06:25:17.554219,Mexico City,90,32.275,37.541
2025-11-14 07:25:17.554219,Mexico City,107,17.327,84.779
2025-11-14 08:25:17.554219,Mexico City,124,21.824,31.627
2025-11-14 09:25:17.554219,Mexico City,104,24.119,25.011
2025-11-14 10:25:17.554219,Mexico City,114,33.806,88.56
2025-11-14 11:25:17.554219,Mexico City,99,22.86,34.28
2025-11-14 12:25:17.554219,Mexico City,81,33.831,83.367
2025-11-14 13:25:17.554219,Mexico City,196,30.738,66.421
2025-11-14 14:25:17.554219,Mexico City,86,34.789,80.722
2025-11-14 15:25:17.554219,Mexico City,65,9.016,63.042
2025-11-14 16:25:17.554219,Mexico City,84,33.317,47.628
2025-11-14 17:25:17.554219,Mexico City,67,32.035,25.903
2025-11-14 18:25:17.554219,Mexico City,114,16.601,77.516
2025-11-14 19:25:17.554219,Mexico City,117,33.314,46.893
2025-11-14 20:25:17.554219,Mexico City,122,22.134,77.15
2025-11-14 21:25:17.554219,Mexico City,117,20.501,42.335
2025-11-14 22:25:17.554219,Mexico City,77,23.031,25.796
2025-11-14 23:25:17.554219,Mexico City,97,26.839,78
2025-11-15 00:25:17.554219,Mexico City,83,22.426,80.399
2025-11-15 01:25:17.554219,Mexico City,86,21.917,49.937
2025-11-15 02:25:17.554219,Mexico City,168,35.614,83.163
2025-11-15 03:25:17.554219,Mexico City,123,34.275,61.03
2025-11-15 04:25:17.554219,Mexico City,98,5.757,67.509
2025-11-15 05:25:17.554219,Mexico City,128,6.987,33.796
2025-11-15 06:25:17.554219,Mexico City,83,31.373,27.231
2025-11-15 07:25:17.554219,Mexico City,54,12.664,57.124
2025-11-15 08:25:17.554219,Mexico City,75,18.495,28.8
2025-11-15 09:25:17.554219,Mexico City,141,29.549,50.844
2025-11-15 10:25:17.554219,Mexico City,100,18.564,78.498
2025-11-15 11:25:17.554219,Mexico City,125,15.213,34.164
2025-11-15 12:25:17.554219,Mexico City,83,16.881,55.93
2025-11-15 13:25:17.554219,Mexico City,92,30.835,77.421
2025-11-15 14:25:17.554219,Mexico City,98,36.494,84.482
2025-11-15 15:25:17.554219,Mexico City,108,18.359,60.94
2025-11-15 16:25:17.554219,Mexico City,92,12.776,80.768
2025-11-15 17:25:17.554219,Mexico City,100,35.421,67.807
2025-11-15 18:25:17.554219,Mexico City,112,28.211,27.416
2025-11-15 19:25:17.554219,Mexico City,153,18.322,48.911
2025-11-15 20:25:17.554219,Mexico City,123,33.029,80.808
2025-11-15 21:25:17.554219,Mexico City,129,32.854,64.945
2025-11-15 22:25:17.554219,Mexico City,106,32.909,78.53
2025-11-15 23:25:17.554219,Mexico City,84,35.131,26.055
2025-11-16 00:25:17.554219,Mexico City,78,18.55,63.394
2025-11-16 01:25:17.554219,Mexico City,132,15.636,25.374
2025-11-16 02:25:17.554219,Mexico City,84,34.322,84.224
2025-11-16 03:25:17.554219,Mexico City,107,21.321,53.428
2025-11-16 04:25:17.554219,Mexico City,112,25.919,65.523
2025-11-16 05:25:17.554219,Mexico City,159,26.835,57.026
2025-11-16 06:25:17.554219,Mexico City,140,16.064,30.728
2025-11-16 07:25:17.554219,Mexico City,116,37.495,55.475
2025-11-16 08:25:17.554219,Mexico City,105,17.156,86.957
2025-11-16 09:25:17.554219,Mexico City,40,34.993,55.484
2025-11-16 10:25:17.554219,Mexico City,112,29.843,34.188
2025-11-16 11:25:17.554219,Mexico City,89,28.89,37.279
2025-11-16 12:25:17.554219,Mexico City,128,30.027,67.036
2025-11-16 13:25:17.554219,Mexico City,142,19.44,68.53
2025-11-16 14:25:17.554219,Mexico City,90,11.43,52.67
2025-11-16 15:25:17.554219,Mexico City,87,33.527,30.422
2025-11-16 16:25:17.554219,Mexico City,75,37.865,47.906
2025-11-16 17:25:17.554219,Mexico City,118,37.627,33.582
2025-11-16 18:25:17.554219,Mexico City,70,30.692,82.113
2025-11-16 19:25:17.554219,Mexico City,76,18.35,85.753
2025-11-16 20:25:17.554219,Mexico City,71,28.529,83.239
2025-11-16 21:25:17.554219,Mexico City,157,34.62,87.396
2025-11-16 22:25:17.554219,Mexico City,110,16.122,52.905
2025-11-16 23:25:17.554219,Mexico City,107,21.27,73.391
2025-11-17 00:25:17.554219,Mexico City,109,30.82,89.102
2025-11-17 01:25:17.554219,Mexico City,82,31.207,38.605
2025-11-17 02:25:17.554219,Mexico City,88,14.734,79.291
2025-11-17 03:25:17.554219,Mexico City,116,6.244,80.416
2025-11-17 04:25:17.554219,Mexico City,92,22.302,38.765
2025-11-17 05:25:17.554219,Mexico City,99,23.064,28.086
2025-11-17 06:25:17.554219,Mexico City,101,16.988,29.954
2025-11-17 07:25:17.554219,Mexico City,124,13.745,69.19
2025-11-17 08:25:17.554219,Mexico City,117,32.993,51.419
2025-11-17 09:25:17.554219,Mexico City,90,22.873,81.109
2025-11-17 10:25:17.554219,Mexico City,99,13.968,83.01
2025-11-17 11:25:17.554219,Mexico City,79,6.83,72.896
2025-11-17 12:25:17.554219,Mexico City,58,23.453,44.875
2025-11-17 13:25:17.554219,Mexico City,150,22.432,67.105
2025-11-17 14:25:17.554219,Mexico City,100,14.474,44.03
2025-11-17 15:25:17.554219,Mexico City,118,28.196,65.415
2025-11-17 16:25:17.554219,Mexico City,113,11.219,72.215
2025-11-17 17:25:17.554219,Mexico City,122,5.912,38.802
2025-11-17 18:25:17.554219,Mexico City,67,37.091,65.152
2025-11-17 19:25:17.554219,Mexico City,68,33.601,61.237
2025-11-17 20:25:17.554219,Mexico City,55,27.445,53.878
2025-11-17 21:25:17.554219,Mexico City,70,29.35,57.627
2025-11-17 22:25:17.554219,Mexico City,93,17.221,28.301
2025-11-17 23:25:17.554219,Mexico City,115,14.204,80.698
2025-11-18 00:25:17.554219,Mexico City,159,12.998,42.957
2025-11-18 01:25:17.554219,Mexico City,89,9.277,61.156
2025-11-18 02:25:17.554219,Mexico City,87,37.609,50.702
2025-11-18 03:25:17.554219,Mexico City,148,36.046,30.8
2025-11-18 04:25:17.554219,Mexico City,106,7.408,60.777
2025-11-18 05:25:17.554219,Mexico City,110,9.582,42.264
2025-11-18 06:25:17.554219,Mexico City,112,23.199,84.518
2025-11-18 07:25:17.554219,Mexico City,120,33.287,36.564
2025-11-18 08:25:17.554219,Mexico City,115,5.968,36.733
2025-11-18 09:25:17.554219,Mexico City,64,21.765,44.523
2025-11-18 10:25:17.554219,Mexico City,89,7.857,71.499
2025-11-18 11:25:17.554219,Mexico City,110,36.16,72.151
2025-11-18 12:25:17.554219,Mexico City,102,27.547,27.463
2025-11-18 13:25:17.554219,Mexico City,90,37.436,25.885
2025-11-18 14:25:17.554219,Mexico City,96,18.42,82.748
2025-11-18 15:25:17.554219,Mexico City,112,35.742,69.286
2025-11-18 16:25:17.554219,Mexico City,122,10.675,57.994
2025-11-18 17:25:17.554219,Mexico City,88,28.155,28.436
2025-11-18 18:25:17.554219,Mexico City,84,13.409,39.456
2025-11-18 19:25:17.554219,Mexico City,117,11.954,50.465
2025-11-18 20:25:17.554219,Mexico City,118,14.162,82.182
2025-11-18 21:25:17.554219,Mexico City,70,28.215,68.557
2025-11-18 22:25:17.554219,Mexico City,109,30.959,69.767
2025-11-18 23:25:17.554219,Mexico City,137,26.21,68.974
2025-11-19 00:25:17.554219,Mexico City,67,16.938,54.524
2025-11-19 01:25:17.554219,Mexico City,104,22.063,44.739
2025-11-19 02:25:17.554219,Mexico City,85,13.741,53.716
2025-11-19 03:25:17.554219,Mexico City,93,32.5,52.095
2025-11-19 04:25:17.554219,Mexico City,85,19.613,65.719
2025-11-19 05:25:17.554219,Mexico City,85,31.837,42.064
2025-11-19 06:25:17.554219,Mexico City,116,30.775,70.96
2025-11-19 07:25:17.554219,Mexico City,120,36.517,64.643
2025-11-19 08:25:17.554219,Mexico City,79,24.904,72.811
2025-11-19 09:25:17.554219,Mexico City,146,21.285,84.602
2025-11-19 10:25:17.554219,Mexico City,147,25.156,55.038
2025-11-19 11:25:17.554219,Mexico City,89,16.428,70.865
2025-11-19 12:25:17.554219,Mexico City,86,20.047,68.543
2025-11-19 13:25:17.554219,Mexico City,111,13.541,57.763
2025-11-19 14:25:17.554219,Mexico City,168,8.553,47.79
2025-11-19 15:25:17.554219,Mexico City,58,12.689,76.507
2025-11-19 16:25:17.554219,Mexico City,84,10.747,47.285
2025-11-19 17:25:17.554219,Mexico City,84,18.502,26.395
2025-11-04 18:25:17.554219,São Paulo,118,26.544,27.263
2025-11-04 19:25:17.554219,São Paulo,109,6.92,55.815
2025-11-04 20:25:17.554219,São Paulo,120,13.024,52.229
2025-11-04 21:25:17.554219,São Paulo,107,27.024,45.441
2025-11-04 22:25:17.554219,São Paulo,70,33.087,30.53
2025-11-04 23:25:17.554219,São Paulo,117,18.019,64.679
2025-11-05 00:25:17.554219,São Paulo,159,18.274,88.234
2025-11-05 01:25:17.554219,São Paulo,113,31.902,30.153
2025-11-05 02:25:17.554219,São Paulo,104,23.368,73.775
2025-11-05 03:25:17.554219,São Paulo,102,11.879,44.729
2025-11-05 04:25:17.554219,São Paulo,111,22.003,32.484
2025-11-05 05:25:17.554219,São Paulo,91,28.248,31.34
2025-11-05 06:25:17.554219,São Paulo,108,5.887,31.176
2025-11-05 07:25:17.554219,São Paulo,93,21.744,86.224
2025-11-05 08:25:17.554219,São Paulo,99,7.205,40.393
2025-11-05 09:25:17.554219,São Paulo,130,31.24,78.349
2025-11-05 10:25:17.554219,São Paulo,77,32.462,87.514
2025-11-05 11:25:17.554219,São Paulo,144,22.802,85.705
2025-11-05 12:25:17.554219,São Paulo,111,31.632,72.208
2025-11-05 13:25:17.554219,São Paulo,171,14.278,68.33
2025-11-05 14:25:17.554219,São Paulo,114,27.485,37.766
2025-11-05 15:25:17.554219,São Paulo,149,17.117,41.65
2025-11-05 16:25:17.554219,São Paulo,109,8.57,55.676
2025-11-05 17:25:17.554219,São Paulo,95,11.623,83.996
2025-11-05 18:25:17.554219,São Paulo,156,20.27,89.511
2025-11-05 19:25:17.554219,São Paulo,101,30.382,29.168
2025-11-05 20:25:17.554219,São Paulo,104,15.997,28.965
2025-11-05 21:25:17.554219,São Paulo,117,30.101,55.761
2025-11-05 22:25:17.554219,São Paulo,93,14.088,79.016
2025-11-05 23:25:17.554219,São Paulo,116,30.732,59.062
2025-11-06 00:25:17.554219,São Paulo,108,31.19,48.122
2025-11-06 01:25:17.554219,São Paulo,56,23.26,54.481
2025-11-06 02:25:17.554219,São Paulo,127,35.647,88.337
2025-11-06 03:25:17.554219,São Paulo,110,31.498,84.989
2025-11-06 04:25:17.554219,São Paulo,109,8.788,86.154
2025-11-06 05:25:17.554219,São Paulo,82,14.676,79.942
2025-11-06 06:25:17.554219,São Paulo,144,9.8,57.239
2025-11-06 07:25:17.554219,São Paulo,90,6.811,44.178
2025-11-06 08:25:17.554219,São Paulo,119,20.432,48.04
2025-11-06 09:25:17.554219,São Paulo,108,22.664,27.394
2025-11-06 10:25:17.554219,São Paulo,61,18.214,53.68
2025-11-06 11:25:17.554219,São Paulo,88,13.379,59.86
2025-11-06 12:25:17.554219,São Paulo,92,14.825,34.207
2025-11-06 13:25:17.554219,São Paulo,97,34.104,66.22
2025-11-06 14:25:17.554219,São Paulo,58,6.707,87.828
2025-11-06 15:25:17.554219,São Paulo,103,23.071,34.504
2025-11-06 16:25:17.554219,São Paulo,101,10.084,46.125
2025-11-06 17:25:17.554219,São Paulo,89,23.627,88.492
2025-11-06 18:25:17.554219,São Paulo,129,26.879,36.285
2025-11-06 19:25:17.554219,São Paulo,101,21.447,51.124
2025-11-06 20:25:17.554219,São Paulo,116,7.671,42.476
2025-11-06 21:25:17.554219,São Paulo,78,29.995,81.211
2025-11-06 22:25:17.554219,São Paulo,111,32.04,89.958
2025-11-06 23:25:17.554219,São Paulo,126,6.641,42.321
2025-11-07 00:25:17.554219,São Paulo,84,12.115,61.84
2025-11-07 01:25:17.554219,São Paulo,39,17.249,34.646
2025-11-07 02:25:17.554219,São Paulo,116,32.571,63.394
2025-11-07 03:25:17.554219,São Paulo,104,11.619,68.296
2025-11-07 04:25:17.554219,São Paulo,114,22.066,62.575
2025-11-07 05:25:17.554219,São Paulo,100,26.61,88.024
2025-11-07 06:25:17.554219,São Paulo,153,21.301,81.836
2025-11-07 07:25:17.554219,São Paulo,80,5.882,32.733
2025-11-07 08:25:17.554219,São Paulo,141,36.594,30.335
2025-11-07 09:25:17.554219,São Paulo,65,34.208,47.344
2025-11-07 10:25:17.554219,São Paulo,123,29.097,32.506
2025-11-07 11:25:17.554219,São Paulo,131,13.127,25.288
2025-11-07 12:25:17.554219,São Paulo,63,29.301,50.69
2025-11-07 13:25:17.554219,São Paulo,67,28.578,80.573
2025-11-07 14:25:17.554219,São Paulo,93,35.991,30.633
2025-11-07 15:25:17.554219,São Paulo,79,30.178,68.453
2025-11-07 16:25:17.554219,São Paulo,75,26.891,65.33
2025-11-07 17:25:17.554219,São Paulo,121,10.39,84.718
2025-11-07 18:25:17.554219,São Paulo,100,37.268,46.072
2025-11-07 19:25:17.554219,São Paulo,92,29.36,51.51
2025-11-07 20:25:17.554219,São Paulo,98,5.59,75.96
2025-11-07 21:25:17.554219,São Paulo,94,33.991,26.878
2025-11-07 22:25:17.554219,São Paulo,81,25.397,73.273
2025-11-07 23:25:17.554219,São Paulo,169,17.212,59.324
2025-11-08 00:25:17.554219,São Paulo,46,16.568,82.171
2025-11-08 01:25:17.554219,São Paulo,79,10.046,55.014
2025-11-08 02:25:17.554219,São Paulo,100,9.926,30.116
2025-11-08 03:25:17.554219,São Paulo,76,26.009,43.49
2025-11-08 04:25:17.554219,São Paulo,169,23.777,56.059
2025-11-08 05:25:17.554219,São Paulo,108,30.26,87.048
2025-11-08 06:25:17.554219,São Paulo,113,29.106,70.984
2025-11-08 07:25:17.554219,São Paulo,81,33.854,62.131
2025-11-08 08:25:17.554219,São Paulo,58,26.945,87.117
2025-11-08 09:25:17.554219,São Paulo,129,23.876,59.392
2025-11-08 10:25:17.554219,São Paulo,140,28.918,74.284
2025-11-08 11:25:17.554219,São Paulo,129,12.987,29.408
2025-11-08 12:25:17.554219,São Paulo,45,31.068,75.602
2025-11-08 13:25:17.554219,São Paulo,126,5.823,31.002
2025-11-08 14:25:17.554219,São Paulo,68,23.564,30.958
2025-11-08 15:25:17.554219,São Paulo,101,12.702,40.424
2025-11-08 16:25:17.554219,São Paulo,107,5.744,69.635
2025-11-08 17:25:17.554219,São Paulo,147,6.608,49.878
2025-11-08 18:25:17.554219,São Paulo,83,20.143,76.508
2025-11-08 19:25:17.554219,São Paulo,108,8.195,87.931
2025-11-08 20:25:17.554219,São Paulo,130,16.107,65.145
2025-11-08 21:25:17.554219,São Paulo,69,31.358,35.57
2025-11-08 22:25:17.554219,São Paulo,152,15.276,62.561
2025-11-08 23:25:17.554219,São Paulo,105,15.761,81.867
2025-11-09 00:25:17.554219,São Paulo,117,6.653,82.35
2025-11-09 01:25:17.554219,São Paulo,96,22.2,48.054
2025-11-09 02:25:17.554219,São Paulo,76,26.532,30.906
2025-11-09 03:25:17.554219,São Paulo,98,37.833,69.888
2025-11-09 04:25:17.554219,São Paulo,136,5.763,85.643
2025-11-09 05:25:17.554219,São Paulo,65,20.101,52.95
2025-11-09 06:25:17.554219,São Paulo,85,24.025,83.851
2025-11-09 07:25:17.554219,São Paulo,123,22.73,40.05
2025-11-09 08:25:17.554219,São Paulo,83,32.386,89.528
2025-11-09 09:25:17.554219,São Paulo,110,31.885,32.849
2025-11-09 10:25:17.554219,São Paulo,68,27.191,61.114
2025-11-09 11:25:17.554219,São Paulo,109,8.619,33.091
2025-11-09 12:25:17.554219,São Paulo,89,26.224,64.684
2025-11-09 13:25:17.554219,São Paulo,95,16.023,81.674
2025-11-09 14:25:17.554219,São Paulo,112,29.573,29.979
2025-11-09 15:25:17.554219,São Paulo,127,37.644,42.086
2025-11-09 16:25:17.554219,São Paulo,120,32.135,68.249
2025-11-09 17:25:17.554219,São Paulo,95,30.126,57.645
2025-11-09 18:25:17.554219,São Paulo,127,17.559,89.096
2025-11-09 19:25:17.554219,São Paulo,93,9.139,52.958
2025-11-09 20:25:17.554219,São Paulo,125,31.421,52.687
2025-11-09 21:25:17.554219,São Paulo,142,29.948,42.451
2025-11-09 22:25:17.554219,São Paulo,107,37.074,63.671
2025-11-09 23:25:17.554219,São Paulo,83,17.602,55.605
2025-11-10 00:25:17.554219,São Paulo,85,24.782,76.926
2025-11-10 01:25:17.554219,São Paulo,106,36.978,26.267
2025-11-10 02:25:17.554219,São Paulo,58,24.951,26.283
2025-11-10 03:25:17.554219,São Paulo,86,26.152,79.269
2025-11-10 04:25:17.554219,São Paulo,91,8.729,34.334
2025-11-10 05:25:17.554219,São Paulo,68,22.279,50.357
2025-11-10 06:25:17.554219,São Paulo,105,5.789,43.531
2025-11-10 07:25:17.554219,São Paulo,140,20.778,83.594
2025-11-10 08:25:17.554219,São Paulo,97,37.533,71.71
2025-11-10 09:25:17.554219,São Paulo,103,21.061,83.567
2025-11-10 10:25:17.554219,São Paulo,108,37.343,74.782
2025-11-10 11:25:17.554219,São Paulo,82,26.782,37.279
2025-11-10 12:25:17.554219,São Paulo,102,17.311,32.235
2025-11-10 13:25:17.554219,São Paulo,110,6.678,88.159
2025-11-10 14:25:17.554219,São Paulo,97,33.431,67.006
2025-11-10 15:25:17.554219,São Paulo,111,20.658,36.095
2025-11-10 16:25:17.554219,São Paulo,97,33.023,32.011
2025-11-10 17:25:17.554219,São Paulo,95,19.284,40.842
2025-11-10 18:25:17.554219,São Paulo,122,35.203,74.471
2025-11-10 19:25:17.554219,São Paulo,106,33.096,69.123
2025-11-10 20:25:17.554219,São Paulo,148,13.488,58.576
2025-11-10 21:25:17.554219,São Paulo,112,5.04,88.08
2025-11-10 22:25:17.554219,São Paulo,120,16.968,79.183
2025-11-10 23:25:17.554219,São Paulo,104,31.35,65.045
2025-11-11 00:25:17.554219,São Paulo,110,29.849,33.458
2025-11-11 01:25:17.554219,São Paulo,91,16.794,70.472
2025-11-11 02:25:17.554219,São Paulo,168,9.474,34.714
2025-11-11 03:25:17.554219,São Paulo,150,13.502,44.273
2025-11-11 04:25:17.554219,São Paulo,102,30.411,59.172
2025-11-11 05:25:17.554219,São Paulo,97,14.495,31.154
2025-11-11 06:25:17.554219,São Paulo,96,6.146,39.19
2025-11-11 07:25:17.554219,São Paulo,111,18.285,88.86
2025-11-11 08:25:17.554219,São Paulo,79,25.269,73.82
2025-11-11 09:25:17.554219,São Paulo,64,24.413,52.428
2025-11-11 10:25:17.554219,São Paulo,100,19.772,75.538
2025-11-11 11:25:17.554219,São Paulo,117,20.468,82.677
2025-11-11 12:25:17.554219,São Paulo,120,35.555,39.569
2025-11-11 13:25:17.554219,São Paulo,120,26.85,56.734
2025-11-11 14:25:17.554219,São Paulo,118,31.877,60.268
2025-11-11 15:25:17.554219,São Paulo,162,27.66,32.236
2025-11-11 16:25:17.554219,São Paulo,110,32.755,87.918
2025-11-11 17:25:17.554219,São Paulo,128,20.183,54.346
2025-11-11 18:25:17.554219,São Paulo,116,11.787,30.994
2025-11-11 19:25:17.554219,São Paulo,104,37.531,58.936
2025-11-11 20:25:17.554219,São Paulo,107,22.993,44.26
2025-11-11 21:25:17.554219,São Paulo,153,5.632,65.581
2025-11-11 22:25:17.554219,São Paulo,63,18.888,41.643
2025-11-11 23:25:17.554219,São Paulo,116,29.286,42.357
2025-11-12 00:25:17.554219,São Paulo,76,21.312,26.82
2025-11-12 01:25:17.554219,São Paulo,104,21.498,37.739
2025-11-12 02:25:17.554219,São Paulo,100,25.887,57.374
2025-11-12 03:25:17.554219,São Paulo,41,31.117,45.154
2025-11-12 04:25:17.554219,São Paulo,84,37.523,69.928
2025-11-12 05:25:17.554219,São Paulo,68,16.449,31.637
2025-11-12 06:25:17.554219,São Paulo,100,6.981,54.207
2025-11-12 07:25:17.554219,São Paulo,157,34.905,74.153
2025-11-12 08:25:17.554219,São Paulo,96,19.57,40.018
2025-11-12 09:25:17.554219,São Paulo,62,34.9,79.063
2025-11-12 10:25:17.554219,São Paulo,90,30.478,31.774
2025-11-12 11:25:17.554219,São Paulo,139,34.737,32.252
2025-11-12 12:25:17.554219,São Paulo,124,9.802,27.418
2025-11-12 13:25:17.554219,São Paulo,91,28.225,45.934
2025-11-12 14:25:17.554219,São Paulo,142,16.994,45.72
2025-11-12 15:25:17.554219,São Paulo,84,14.554,66.883
2025-11-12 16:25:17.554219,São Paulo,85,26.649,39.743
2025-11-12 17:25:17.554219,São Paulo,128,31.864,68.844
2025-11-12 18:25:17.554219,São Paulo,96,28.715,39.726
2025-11-12 19:25:17.554219,São Paulo,142,9.602,64.381
2025-11-12 20:25:17.554219,São Paulo,89,18.072,85.833
2025-11-12 21:25:17.554219,São Paulo,111,23.413,57.5
2025-11-12 22:25:17.554219,São Paulo,79,10.31,80.486
2025-11-12 23:25:17.554219,São Paulo,129,33.869,47.287
2025-11-13 00:25:17.554219,São Paulo,120,10.235,70.633
2025-11-13 01:25:17.554219,São Paulo,99,21.825,70.143
2025-11-13 02:25:17.554219,São Paulo,92,5.329,72.57
2025-11-13 03:25:17.554219,São Paulo,168,9.105,80.271
2025-11-13 04:25:17.554219,São Paulo,144,12.537,38.085
2025-11-13 05:25:17.554219,São Paulo,103,31.388,86.479
2025-11-13 06:25:17.554219,São Paulo,129,11.032,39.56
2025-11-13 07:25:17.554219,São Paulo,99,35.883,34.511
2025-11-13 08:25:17.554219,São Paulo,102,29.068,37.368
2025-11-13 09:25:17.554219,São Paulo,129,33.373,72.407
2025-11-13 10:25:17.554219,São Paulo,135,17.096,70.911
2025-11-13 11:25:17.554219,São Paulo,102,9.671,49.37
2025-11-13 12:25:17.554219,São Paulo,68,31.785,73.959
2025-11-13 13:25:17.554219,São Paulo,112,30.884,40.812
2025-11-13 14:25:17.554219,São Paulo,113,16.866,74.771
2025-11-13 15:25:17.554219,São Paulo,87,12.672,47.832
2025-11-13 16:25:17.554219,São Paulo,122,36.704,87.026
2025-11-13 17:25:17.554219,São Paulo,114,29.681,88.084
2025-11-13 18:25:17.554219,São Paulo,107,9.503,82.848
2025-11-13 19:25:17.554219,São Paulo,78,9.16,30.484
2025-11-13 20:25:17.554219,São Paulo,90,31.314,41.613
2025-11-13 21:25:17.554219,São Paulo,96,24.688,48.895
2025-11-13 22:25:17.554219,São Paulo,94,36.591,56.093
2025-11-13 23:25:17.554219,São Paulo,86,9.426,66.129
2025-11-14 00:25:17.554219,São Paulo,79,24.139,67.51
2025-11-14 01:25:17.554219,São Paulo,113,23.544,87.748
2025-11-14 02:25:17.554219,São Paulo,85,37.921,62.201
2025-11-14 03:25:17.554219,São Paulo,69,22.878,61.413
2025-11-14 04:25:17.554219,São Paulo,93,12.52,51.901
2025-11-14 05:25:17.554219,São Paulo,97,21.609,63.496
2025-11-14 06:25:17.554219,São Paulo,126,35.259,36.246
2025-11-14 07:25:17.554219,São Paulo,92,33.04,34.785
2025-11-14 08:25:17.554219,São Paulo,96,32.064,26.495
2025-11-14 09:25:17.554219,São Paulo,76,22.123,82.021
2025-11-14 10:25:17.554219,São Paulo,46,9.053,86.994
2025-11-14 11:25:17.554219,São Paulo,102,13.12,73.548
2025-11-14 12:25:17.554219,São Paulo,142,18.74,62.505
2025-11-14 13:25:17.554219,São Paulo,94,8.605,26.426
2025-11-14 14:25:17.554219,São Paulo,145,20.036,48.476
2025-11-14 15:25:17.554219,São Paulo,147,31.991,81.941
2025-11-14 16:25:17.554219,São Paulo,94,22.29,27.299
2025-11-14 17:25:17.554219,São Paulo,91,29.064,43.093
2025-11-14 18:25:17.554219,São Paulo,95,13.76,66.842
2025-11-14 19:25:17.554219,São Paulo,140,12.682,74.751
2025-11-14 20:25:17.554219,São Paulo,128,26.066,80.432
2025-11-14 21:25:17.554219,São Paulo,83,15.899,62.235
2025-11-14 22:25:17.554219,São Paulo,141,13.979,27.812
2025-11-14 23:25:17.554219,São Paulo,60,10.274,77.538
2025-11-15 00:25:17.554219,São Paulo,127,18.859,69.135
2025-11-15 01:25:17.554219,São Paulo,119,27.585,79.786
2025-11-15 02:25:17.554219,São Paulo,160,10.367,49.819
2025-11-15 03:25:17.554219,São Paulo,120,17.189,65.918
2025-11-15 04:25:17.554219,São Paulo,114,12.136,39.117
2025-11-15 05:25:17.554219,São Paulo,84,26.523,64.68
2025-11-15 06:25:17.554219,São Paulo,92,34.568,68.22
2025-11-15 07:25:17.554219,São Paulo,92,9.485,80.512
2025-11-15 08:25:17.554219,São Paulo,99,37.318,25.667
2025-11-15 09:25:17.554219,São Paulo,83,13.257,77.696
2025-11-15 10:25:17.554219,São Paulo,144,31.394,58.7
2025-11-15 11:25:17.554219,São Paulo,138,25.08,42.751
2025-11-15 12:25:17.554219,São Paulo,139,13.48,39.343
2025-11-15 13:25:17.554219,São Paulo,110,33.36,86.43
2025-11-15 14:25:17.554219,São Paulo,146,20.787,87.39
2025-11-15 15:25:17.554219,São Paulo,108,33.846,40.49
2025-11-15 16:25:17.554219,São Paulo,105,25.843,70.245
2025-11-15 17:25:17.554219,São Paulo,113,5.723,81.154
2025-11-15 18:25:17.554219,São Paulo,108,25.02,38.632
2025-11-15 19:25:17.554219,São Paulo,85,10.994,89.159
2025-11-15 20:25:17.554219,São Paulo,107,32.892,62.258
2025-11-15 21:25:17.554219,São Paulo,112,19.565,69.186
2025-11-15 22:25:17.554219,São Paulo,97,28.76,50.141
2025-11-15 23:25:17.554219,São Paulo,119,9.606,82.149
2025-11-16 00:25:17.554219,São Paulo,45,33.689,55.586
2025-11-16 01:25:17.554219,São Paulo,117,16.257,54.4
2025-11-16 02:25:17.554219,São Paulo,102,18.523,74.6
2025-11-16 03:25:17.554219,São Paulo,71,36.542,64.039
2025-11-16 04:25:17.554219,São Paulo,118,13.416,30.94
2025-11-16 05:25:17.554219,São Paulo,88,29.659,48.937
2025-11-16 06:25:17.554219,São Paulo,82,12.739,47.574
2025-11-16 07:25:17.554219,São Paulo,104,28.937,30.526
2025-11-16 08:25:17.554219,São Paulo,133,18.986,68.977
2025-11-16 09:25:17.554219,São Paulo,88,28.298,61.932
2025-11-16 10:25:17.554219,São Paulo,127,23.694,78.685
2025-11-16 11:25:17.554219,São Paulo,87,30.68,77.89
2025-11-16 12:25:17.554219,São Paulo,111,25.592,58.133
2025-11-16 13:25:17.554219,São Paulo,83,10.582,57.254
2025-11-16 14:25:17.554219,São Paulo,93,6.77,30.963
2025-11-16 15:25:17.554219,São Paulo,93,14.556,55.45
2025-11-16 16:25:17.554219,São Paulo,141,29.907,44.509
2025-11-16 17:25:17.554219,São Paulo,113,30.032,75.377
2025-11-16 18:25:17.554219,São Paulo,71,25.661,35.092
2025-11-16 19:25:17.554219,São Paulo,83,35.55,83.149
2025-11-16 20:25:17.554219,São Paulo,99,16.846,54.672
2025-11-16 21:25:17.554219,São Paulo,82,34.444,42.977
2025-11-16 22:25:17.554219,São Paulo,91,7.887,30.104
2025-11-16 23:25:17.554219,São Paulo,126,32.816,82.27
2025-11-17 00:25:17.554219,São Paulo,120,16.806,66.359
2025-11-17 01:25:17.554219,São Paulo,94,37.275,57.801
2025-11-17 02:25:17.554219,São Paulo,97,33.175,29.548
2025-11-17 03:25:17.554219,São Paulo,120,28.496,54.634
2025-11-17 04:25:17.554219,São Paulo,86,33.354,36.315
2025-11-17 05:25:17.554219,São Paulo,108,36.556,68.32
2025-11-17 06:25:17.554219,São Paulo,126,25.694,52.285
2025-11-17 07:25:17.554219,São Paulo,123,34.414,58.142
2025-11-17 08:25:17.554219,São Paulo,82,8.168,29.867
2025-11-17 09:25:17.554219,São Paulo,120,13.088,36.121
2025-11-17 10:25:17.554219,São Paulo,96,15.409,88.299
2025-11-17 11:25:17.554219,São Paulo,109,33.498,54.749
2025-11-17 12:25:17.554219,São Paulo,96,5.425,71.273
2025-11-17 13:25:17.554219,São Paulo,85,20.709,46.629
2025-11-17 14:25:17.554219,São Paulo,115,9.469,81.804
2025-11-17 15:25:17.554219,São Paulo,100,21.511,89.219
2025-11-17 16:25:17.554219,São Paulo,98,30.084,59.517
2025-11-17 17:25:17.554219,São Paulo,101,26.58,66.076
2025-11-17 18:25:17.554219,São Paulo,78,32.148,76.269
2025-11-17 19:25:17.554219,São Paulo,132,28.521,52.895
2025-11-17 20:25:17.554219,São Paulo,107,27.097,77.525
2025-11-17 21:25:17.554219,São Paulo,88,6.27,84.32
2025-11-17 22:25:17.554219,São Paulo,98,13.22,49.854
2025-11-17 23:25:17.554219,São Paulo,129,18.865,64.397
2025-11-18 00:25:17.554219,São Paulo,72,10.817,36.003
2025-11-18 01:25:17.554219,São Paulo,106,33.651,87.025
2025-11-18 02:25:17.554219,São Paulo,91,5.886,88.589
2025-11-18 03:25:17.554219,São Paulo,100,29.452,49.461
2025-11-18 04:25:17.554219,São Paulo,92,33.429,58.365
2025-11-18 05:25:17.554219,São Paulo,123,34.204,48.186
2025-11-18 06:25:17.554219,São Paulo,93,20.007,47.933
2025-11-18 07:25:17.554219,São Paulo,100,35.492,81.86
2025-11-18 08:25:17.554219,São Paulo,83,33.98,83.794
2025-11-18 09:25:17.554219,São Paulo,157,27.263,67.881
2025-11-18 10:25:17.554219,São Paulo,103,13.28,41.04
2025-11-18 11:25:17.554219,São Paulo,119,23.739,78.539
2025-11-18 12:25:17.554219,São Paulo,86,20.996,73.033
2025-11-18 13:25:17.554219,São Paulo,118,35.774,79.82
2025-11-18 14:25:17.554219,São Paulo,113,35.851,61.555
2025-11-18 15:25:17.554219,São Paulo,77,8.982,61.429
2025-11-18 16:25:17.554219,São Paulo,69,19.551,84.41
2025-11-18 17:25:17.554219,São Paulo,100,8.173,76.499
2025-11-18 18:25:17.554219,São Paulo,87,21.539,39.625
2025-11-18 19:25:17.554219,São Paulo,106,31.142,88.958
2025-11-18 20:25:17.554219,São Paulo,71,34.392,45.883
2025-11-18 21:25:17.554219,São Paulo,103,28.762,29.073
2025-11-18 22:25:17.554219,São Paulo,133,33.099,53.131
2025-11-18 23:25:17.554219,São Paulo,72,15.985,46.26
2025-11-19 00:25:17.554219,São Paulo,68,37.063,70.996
2025-11-19 01:25:17.554219,São Paulo,115,29.8,31.422
2025-11-19 02:25:17.554219,São Paulo,142,17.094,86.864
2025-11-19 03:25:17.554219,São Paulo,90,35.34,63.917
2025-11-19 04:25:17.554219,São Paulo,76,33.95,31.032
2025-11-19 05:25:17.554219,São Paulo,93,32.026,85.329
2025-11-19 06:25:17.554219,São Paulo,107,6.167,64.749
2025-11-19 07:25:17.554219,São Paulo,112,27.209,36.756
2025-11-19 08:25:17.554219,São Paulo,106,9.556,48.319
2025-11-19 09:25:17.554219,São Paulo,84,7.133,89.82
2025-11-19 10:25:17.554219,São Paulo,182,13.035,88.994
2025-11-19 11:25:17.554219,São Paulo,74,37.372,45.484
2025-11-19 12:25:17.554219,São Paulo,100,7.109,48.098
2025-11-19 13:25:17.554219,São Paulo,98,7.014,87.186
2025-11-19 14:25:17.554219,São Paulo,94,8.554,59.418
2025-11-19 15:25:17.554219,São Paulo,102,21.358,27.457
2025-11-19 16:25:17.554219,São Paulo,105,35.839,39.494
2025-11-19 17:25:17.554219,São Paulo,118,25,77.333
2025-11-04 18:25:17.554219,Buenos Aires,79,18.111,42.543
2025-11-04 19:25:17.554219,Buenos Aires,87,8.301,42.349
2025-11-04 20:25:17.554219,Buenos Aires,115,23.299,62.5
2025-11-04 21:25:17.554219,Buenos Aires,72,29.155,61.59
2025-11-04 22:25:17.554219,Buenos Aires,140,29.645,75.207
2025-11-04 23:25:17.554219,Buenos Aires,89,18.533,30.142
2025-11-05 00:25:17.554219,Buenos Aires,112,29.708,85.895
2025-11-05 01:25:17.554219,Buenos Aires,117,12.426,41.13
2025-11-05 02:25:17.554219,Buenos Aires,102,26.328,43.465
2025-11-05 03:25:17.554219,Buenos Aires,156,10.539,74.237
2025-11-05 04:25:17.554219,Buenos Aires,110,37.615,45.981
2025-11-05 05:25:17.554219,Buenos Aires,70,9.397,85.133
2025-11-05 06:25:17.554219,Buenos Aires,93,19.482,64.749
2025-11-05 07:25:17.554219,Buenos Aires,60,24.742,57.754
2025-11-05 08:25:17.554219,Buenos Aires,105,29.446,56.218
2025-11-05 09:25:17.554219,Buenos Aires,122,14.395,67.441
2025-11-05 10:25:17.554219,Buenos Aires,148,10.278,34.79
2025-11-05 11:25:17.554219,Buenos Aires,89,7.367,42.717
2025-11-05 12:25:17.554219,Buenos Aires,143,23.839,61.684
2025-11-05 13:25:17.554219,Buenos Aires,164,35.219,33.877
2025-11-05 14:25:17.554219,Buenos Aires,125,7.354,38.062
2025-11-05 15:25:17.554219,Buenos Aires,62,14.833,86.926
2025-11-05 16:25:17.554219,Buenos Aires,89,15.618,80.952
2025-11-05 17:25:17.554219,Buenos Aires,110,32.749,68.561
2025-11-05 18:25:17.554219,Buenos Aires,157,5.274,42.729
2025-11-05 19:25:17.554219,Buenos Aires,94,11.064,84.712
2025-11-05 20:25:17.554219,Buenos Aires,94,17.032,36.043
2025-11-05 21:25:17.554219,Buenos Aires,104,34.26,60.102
2025-11-05 22:25:17.554219,Buenos Aires,115,9.262,46.313
2025-11-05 23:25:17.554219,Buenos Aires,124,35.087,55.257
2025-11-06 00:25:17.554219,Buenos Aires,80,7.738,82.77
2025-11-06 01:25:17.554219,Buenos Aires,122,28.739,69.578
2025-11-06 02:25:17.554219,Buenos Aires,148,24.623,56.783
2025-11-06 03:25:17.554219,Buenos Aires,134,11.053,81.469
2025-11-06 04:25:17.554219,Buenos Aires,61,8.914,43.723
2025-11-06 05:25:17.554219,Buenos Aires,130,9.729,37.403
2025-11-06 06:25:17.554219,Buenos Aires,98,10.136,69.378
2025-11-06 07:25:17.554219,Buenos Aires,134,24.735,49.674
2025-11-06 08:25:17.554219,Buenos Aires,119,17.722,53.362
2025-11-06 09:25:17.554219,Buenos Aires,96,31.775,41.219
2025-11-06 10:25:17.554219,Buenos Aires,147,34.694,64.191
2025-11-06 11:25:17.554219,Buenos Aires,93,34.218,71.193
2025-11-06 12:25:17.554219,Buenos Aires,86,24.702,48.47
2025-11-06 13:25:17.554219,Buenos Aires,90,12.578,80.209
2025-11-06 14:25:17.554219,Buenos Aires,62,23.427,79.776
2025-11-06 15:25:17.554219,Buenos Aires,141,12.948,49.404
2025-11-06 16:25:17.554219,Buenos Aires,100,28.472,71.462
2025-11-06 17:25:17.554219,Buenos Aires,118,20.901,62.828
2025-11-06 18:25:17.554219,Buenos Aires,116,11.584,74.262
2025-11-06 19:25:17.554219,Buenos Aires,95,25.691,49.84
2025-11-06 20:25:17.554219,Buenos Aires,44,31.055,45.958
2025-11-06 21:25:17.554219,Buenos Aires,137,36.753,33.611
2025-11-06 22:25:17.554219,Buenos Aires,140,23.881,65.694
2025-11-06 23:25:17.554219,Buenos Aires,112,9.984,38.029
2025-11-07 00:25:17.554219,Buenos Aires,81,6.742,33.081
2025-11-07 01:25:17.554219,Buenos Aires,97,16.267,61.088
2025-11-07 02:25:17.554219,Buenos Aires,150,20.765,26.025
2025-11-07 03:25:17.554219,Buenos Aires,110,27.176,41.509
2025-11-07 04:25:17.554219,Buenos Aires,125,5.638,34.666
2025-11-07 05:25:17.554219,Buenos Aires,125,27.788,35.433
2025-11-07 06:25:17.554219,Buenos Aires,76,22.872,36.582
2025-11-07 07:25:17.554219,Buenos Aires,115,10.797,89.111
2025-11-07 08:25:17.554219,Buenos Aires,139,10.438,43.63
2025-11-07 09:25:17.554219,Buenos Aires,67,33.868,86.533
2025-11-07 10:25:17.554219,Buenos Aires,86,12.751,65.012
2025-11-07 11:25:17.554219,Buenos Aires,129,10.968,42.061
2025-11-07 12:25:17.554219,Buenos Aires,72,17.828,65.832
2025-11-07 13:25:17.554219,Buenos Aires,78,27.764,43.531
2025-11-07 14:25:17.554219,Buenos Aires,153,33.857,64.334
2025-11-07 15:25:17.554219,Buenos Aires,118,36.403,59.997
2025-11-07 16:25:17.554219,Buenos Aires,105,9.836,35.058
2025-11-07 17:25:17.554219,Buenos Aires,157,20.018,83.477
2025-11-07 18:25:17.554219,Buenos Aires,78,6.36,64.109
2025-11-07 19:25:17.554219,Buenos Aires,108,5.873,43.613
2025-11-07 20:25:17.554219,Buenos Aires,112,23.431,29.61
2025-11-07 21:25:17.554219,Buenos Aires,82,19.742,34.265
2025-11-07 22:25:17.554219,Buenos Aires,90,21.171,43.182
2025-11-07 23:25:17.554219,Buenos Aires,135,21.461,70.526
2025-11-08 00:25:17.554219,Buenos Aires,129,15.884,77.756
2025-11-08 01:25:17.554219,Buenos Aires,134,6.067,87.637
2025-11-08 02:25:17.554219,Buenos Aires,81,34.272,35.311
2025-11-08 03:25:17.554219,Buenos Aires,108,26.251,30.791
2025-11-08 04:25:17.554219,Buenos Aires,102,19.808,52.59
2025-11-08 05:25:17.554219,Buenos Aires,102,9.455,51.794
2025-11-08 06:25:17.554219,Buenos Aires,97,7.354,71.245
2025-11-08 07:25:17.554219,Buenos Aires,95,14.445,77.888
2025-11-08 08:25:17.554219,Buenos Aires,70,32.051,48.719
2025-11-08 09:25:17.554219,Buenos Aires,117,25.511,59.711
2025-11-08 10:25:17.554219,Buenos Aires,144,9.289,37.647
2025-11-08 11:25:17.554219,Buenos Aires,132,9.615,73.146
2025-11-08 12:25:17.554219,Buenos Aires,120,33.206,86.298
2025-11-08 13:25:17.554219,Buenos Aires,65,23.774,65.373
2025-11-08 14:25:17.554219,Buenos Aires,79,16.678,60.355
2025-11-08 15:25:17.554219,Buenos Aires,118,5.955,32.351
2025-11-08 16:25:17.554219,Buenos Aires,68,12.241,65.741
2025-11-08 17:25:17.554219,Buenos Aires,90,17.269,89.473
2025-11-08 18:25:17.554219,Buenos Aires,117,13.364,38.655
2025-11-08 19:25:17.554219,Buenos Aires,99,9.301,37.903
2025-11-08 20:25:17.554219,Buenos Aires,110,11.136,70.747
2025-11-08 21:25:17.554219,Buenos Aires,80,5.846,58.445
2025-11-08 22:25:17.554219,Buenos Aires,97,37.636,51.68
2025-11-08 23:25:17.554219,Buenos Aires,94,9.251,62.295
2025-11-09 00:25:17.554219,Buenos Aires,113,10.424,83.488
2025-11-09 01:25:17.554219,Buenos Aires,115,29.622,78.679
2025-11-09 02:25:17.554219,Buenos Aires,145,10.86,81.828
2025-11-09 03:25:17.554219,Buenos Aires,108,29.346,27.386
2025-11-09 04:25:17.554219,Buenos Aires,106,31.641,55.832
2025-11-09 05:25:17.554219,Buenos Aires,75,37.114,49.38
2025-11-09 06:25:17.554219,Buenos Aires,116,23.174,72.832
2025-11-09 07:25:17.554219,Buenos Aires,72,13.789,81.979
2025-11-09 08:25:17.554219,Buenos Aires,96,16.376,62.825
2025-11-09 09:25:17.554219,Buenos Aires,119,14.988,39.29
2025-11-09 10:25:17.554219,Buenos Aires,79,29.604,41.987
2025-11-09 11:25:17.554219,Buenos Aires,98,16.734,41.761
2025-11-09 12:25:17.554219,Buenos Aires,122,9.482,79.018
2025-11-09 13:25:17.554219,Buenos Aires,64,14.986,89.273
2025-11-09 14:25:17.554219,Buenos Aires,82,10.461,48.17
2025-11-09 15:25:17.554219,Buenos Aires,147,28.895,61.111
2025-11-09 16:25:17.554219,Buenos Aires,122,9.602,68.597
2025-11-09 17:25:17.554219,Buenos Aires,140,11.764,25.208
2025-11-09 18:25:17.554219,Buenos Aires,98,17.597,29.518
2025-11-09 19:25:17.554219,Buenos Aires,62,9.975,46.21
2025-11-09 20:25:17.554219,Buenos Aires,103,6.269,64.066
2025-11-09 21:25:17.554219,Buenos Aires,124,12.047,80.967
2025-11-09 22:25:17.554219,Buenos Aires,77,16.822,77.759
2025-11-09 23:25:17.554219,Buenos Aires,134,15.641,64.235
2025-11-10 00:25:17.554219,Buenos Aires,129,27.389,35.68
2025-11-10 01:25:17.554219,Buenos Aires,103,24.644,62.611
2025-11-10 02:25:17.554219,Buenos Aires,86,36.054,64.84
2025-11-10 03:25:17.554219,Buenos Aires,84,25.421,58.858
2025-11-10 04:25:17.554219,Buenos Aires,114,8.454,32.225
2025-11-10 05:25:17.554219,Buenos Aires,82,21.058,38.518
2025-11-10 06:25:17.554219,Buenos Aires,103,7.762,66.188
2025-11-10 07:25:17.554219,Buenos Aires,112,13.571,33.732
2025-11-10 08:25:17.554219,Buenos Aires,133,17.2,36.568
2025-11-10 09:25:17.554219,Buenos Aires,143,11.768,68.278
2025-11-10 10:25:17.554219,Buenos Aires,74,18.84,28.239
2025-11-10 11:25:17.554219,Buenos Aires,105,37.777,82.029
2025-11-10 12:25:17.554219,Buenos Aires,99,12.357,69.241
2025-11-10 13:25:17.554219,Buenos Aires,124,28.367,38.363
2025-11-10 14:25:17.554219,Buenos Aires,99,24.56,49.801
2025-11-10 15:25:17.554219,Buenos Aires,104,15.907,60.572
2025-11-10 16:25:17.554219,Buenos Aires,99,23.921,65.834
2025-11-10 17:25:17.554219,Buenos Aires,110,11.996,43.09
2025-11-10 18:25:17.554219,Buenos Aires,82,10.347,32.366
2025-11-10 19:25:17.554219,Buenos Aires,130,31.946,32.683
2025-11-10 20:25:17.554219,Buenos Aires,61,19.736,54.553
2025-11-10 21:25:17.554219,Buenos Aires,92,33.316,63.604
2025-11-10 22:25:17.554219,Buenos Aires,82,37.267,58.377
2025-11-10 23:25:17.554219,Buenos Aires,178,33.821,85.662
2025-11-11 00:25:17.554219,Buenos Aires,124,29.191,85.973
2025-11-11 01:25:17.554219,Buenos Aires,63,18.497,57.457
2025-11-11 02:25:17.554219,Buenos Aires,156,10.998,75.278
2025-11-11 03:25:17.554219,Buenos Aires,81,19.411,32.418
2025-11-11 04:25:17.554219,Buenos Aires,128,18.355,32.783
2025-11-11 05:25:17.554219,Buenos Aires,128,6.543,44.004
2025-11-11 06:25:17.554219,Buenos Aires,115,34.196,58.053
2025-11-11 07:25:17.554219,Buenos Aires,171,22.877,27.537
2025-11-11 08:25:17.554219,Buenos Aires,86,6.2,55.798
2025-11-11 09:25:17.554219,Buenos Aires,99,25.273,56.398
2025-11-11 10:25:17.554219,Buenos Aires,118,10.149,60.198
2025-11-11 11:25:17.554219,Buenos Aires,81,8.277,86.805
2025-11-11 12:25:17.554219,Buenos Aires,121,7.536,62.687
2025-11-11 13:25:17.554219,Buenos Aires,99,21.928,33.829
2025-11-11 14:25:17.554219,Buenos Aires,114,36.786,32.385
2025-11-11 15:25:17.554219,Buenos Aires,91,9.882,53.086
2025-11-11 16:25:17.554219,Buenos Aires,117,33.466,48.1
2025-11-11 17:25:17.554219,Buenos Aires,122,36.463,40.381
2025-11-11 18:25:17.554219,Buenos Aires,103,35.026,69.745
2025-11-11 19:25:17.554219,Buenos Aires,111,10.099,52.667
2025-11-11 20:25:17.554219,Buenos Aires,119,32.289,35.753
2025-11-11 21:25:17.554219,Buenos Aires,83,15.621,87.29
2025-11-11 22:25:17.554219,Buenos Aires,92,28.519,89.83
2025-11-11 23:25:17.554219,Buenos Aires,105,21.885,85.422
2025-11-12 00:25:17.554219,Buenos Aires,95,17.433,45.596
2025-11-12 01:25:17.554219,Buenos Aires,127,13.727,76.3
2025-11-12 02:25:17.554219,Buenos Aires,73,12.099,69.296
2025-11-12 03:25:17.554219,Buenos Aires,79,37.812,87.268
2025-11-12 04:25:17.554219,Buenos Aires,111,28.056,40.645
2025-11-12 05:25:17.554219,Buenos Aires,100,19.406,34.475
2025-11-12 06:25:17.554219,Buenos Aires,92,14.172,48.845
2025-11-12 07:25:17.554219,Buenos Aires,111,34.905,46.35
2025-11-12 08:25:17.554219,Buenos Aires,148,8.913,50.055
2025-11-12 09:25:17.554219,Buenos Aires,100,24.205,55.922
2025-11-12 10:25:17.554219,Buenos Aires,98,9.879,42.803
2025-11-12 11:25:17.554219,Buenos Aires,111,20.295,81.521
2025-11-12 12:25:17.554219,Buenos Aires,197,16.32,67.502
2025-11-12 13:25:17.554219,Buenos Aires,145,22.26,47.457
2025-11-12 14:25:17.554219,Buenos Aires,109,17.651,38.818
2025-11-12 15:25:17.554219,Buenos Aires,68,24.699,30.411
2025-11-12 16:25:17.554219,Buenos Aires,75,27.133,61.287
2025-11-12 17:25:17.554219,Buenos Aires,121,17.888,29.358
2025-11-12 18:25:17.554219,Buenos Aires,102,11.897,28.541
2025-11-12 19:25:17.554219,Buenos Aires,150,5.157,63.182
2025-11-12 20:25:17.554219,Buenos Aires,81,27.059,77.825
2025-11-12 21:25:17.554219,Buenos Aires,76,22.22,46.606
2025-11-12 22:25:17.554219,Buenos Aires,106,11.065,61.113
2025-11-12 23:25:17.554219,Buenos Aires,117,27.253,66.009
2025-11-13 00:25:17.554219,Buenos Aires,84,17.626,89.924
2025-11-13 01:25:17.554219,Buenos Aires,173,27.725,52.704
2025-11-13 02:25:17.554219,Buenos Aires,55,12.282,74.436
2025-11-13 03:25:17.554219,Buenos Aires,85,18.821,80.092
2025-11-13 04:25:17.554219,Buenos Aires,79,5.509,39.722
2025-11-13 05:25:17.554219,Buenos Aires,93,8.6,76.313
2025-11-13 06:25:17.554219,Buenos Aires,91,19.082,43.944
2025-11-13 07:25:17.554219,Buenos Aires,148,18.511,84.626
2025-11-13 08:25:17.554219,Buenos Aires,99,30.336,69.81
2025-11-13 09:25:17.554219,Buenos Aires,73,11.474,84.646
2025-11-13 10:25:17.554219,Buenos Aires,65,14.918,53.385
2025-11-13 11:25:17.554219,Buenos Aires,151,7.748,74.037
2025-11-13 12:25:17.554219,Buenos Aires,85,20.361,31.042
2025-11-13 13:25:17.554219,Buenos Aires,114,24.893,64.13
2025-11-13 14:25:17.554219,Buenos Aires,128,9.652,45.986
2025-11-13 15:25:17.554219,Buenos Aires,116,12.672,34.16
2025-11-13 16:25:17.554219,Buenos Aires,53,26.3,77.095
2025-11-13 17:25:17.554219,Buenos Aires,82,13.089,71.136
2025-11-13 18:25:17.554219,Buenos Aires,89,33.093,76.073
2025-11-13 19:25:17.554219,Buenos Aires,84,30.934,61.107
2025-11-13 20:25:17.554219,Buenos Aires,99,7.415,35.291
2025-11-13 21:25:17.554219,Buenos Aires,129,11.197,82.082
2025-11-13 22:25:17.554219,Buenos Aires,150,11.935,33.347
2025-11-13 23:25:17.554219,Buenos Aires,100,9.729,56.22
2025-11-14 00:25:17.554219,Buenos Aires,113,27.221,89.192
2025-11-14 01:25:17.554219,Buenos Aires,97,7.613,77.395
2025-11-14 02:25:17.554219,Buenos Aires,154,35.055,44.425
2025-11-14 03:25:17.554219,Buenos Aires,133,13.379,83.76
2025-11-14 04:25:17.554219,Buenos Aires,145,23.185,60.861
2025-11-14 05:25:17.554219,Buenos Aires,84,10.986,70.3
2025-11-14 06:25:17.554219,Buenos Aires,61,30.107,83.763
2025-11-14 07:25:17.554219,Buenos Aires,109,24.841,36.375
2025-11-14 08:25:17.554219,Buenos Aires,107,26.697,32.266
2025-11-14 09:25:17.554219,Buenos Aires,109,9.914,38.58
2025-11-14 10:25:17.554219,Buenos Aires,47,13.145,85.469
2025-11-14 11:25:17.554219,Buenos Aires,114,15.834,75.741
2025-11-14 12:25:17.554219,Buenos Aires,116,23.623,62.373
2025-11-14 13:25:17.554219,Buenos Aires,130,34.853,25.222
2025-11-14 14:25:17.554219,Buenos Aires,119,6.81,41.814
2025-11-14 15:25:17.554219,Buenos Aires,70,14.783,84.184
2025-11-14 16:25:17.554219,Buenos Aires,104,31.375,67.375
2025-11-14 17:25:17.554219,Buenos Aires,134,32.962,42.243
2025-11-14 18:25:17.554219,Buenos Aires,124,12.839,65.154
2025-11-14 19:25:17.554219,Buenos Aires,121,36.95,41.286
2025-11-14 20:25:17.554219,Buenos Aires,144,19.399,44.79
2025-11-14 21:25:17.554219,Buenos Aires,66,25.287,59.56
2025-11-14 22:25:17.554219,Buenos Aires,122,25.23,54.654
2025-11-14 23:25:17.554219,Buenos Aires,90,32.911,48.456
2025-11-15 00:25:17.554219,Buenos Aires,97,7.999,76.715
2025-11-15 01:25:17.554219,Buenos Aires,94,17.823,57.101
2025-11-15 02:25:17.554219,Buenos Aires,86,19.734,75.722
2025-11-15 03:25:17.554219,Buenos Aires,62,28.377,38.636
2025-11-15 04:25:17.554219,Buenos Aires,97,36.208,87.803
2025-11-15 05:25:17.554219,Buenos Aires,102,7.5,28.369
2025-11-15 06:25:17.554219,Buenos Aires,106,6.643,58.204
2025-11-15 07:25:17.554219,Buenos Aires,117,27.554,30.782
2025-11-15 08:25:17.554219,Buenos Aires,134,36.287,47.995
2025-11-15 09:25:17.554219,Buenos Aires,75,28.904,65.404
2025-11-15 10:25:17.554219,Buenos Aires,128,33.59,62.501
2025-11-15 11:25:17.554219,Buenos Aires,79,36.668,89.913
2025-11-15 12:25:17.554219,Buenos Aires,81,8.954,83.895
2025-11-15 13:25:17.554219,Buenos Aires,118,17.042,25.707
2025-11-15 14:25:17.554219,Buenos Aires,61,14.217,29.524
2025-11-15 15:25:17.554219,Buenos Aires,83,16.687,88.509
2025-11-15 16:25:17.554219,Buenos Aires,114,24.529,47.694
2025-11-15 17:25:17.554219,Buenos Aires,119,30.559,34.86
2025-11-15 18:25:17.554219,Buenos Aires,103,27.863,56.404
2025-11-15 19:25:17.554219,Buenos Aires,78,11.231,42.293
2025-11-15 20:25:17.554219,Buenos Aires,73,22.298,76.613
2025-11-15 21:25:17.554219,Buenos Aires,94,22.44,75.467
2025-11-15 22:25:17.554219,Buenos Aires,77,27.375,89.598
2025-11-15 23:25:17.554219,Buenos Aires,85,25.664,88.414
2025-11-16 00:25:17.554219,Buenos Aires,73,33.551,32.345
2025-11-16 01:25:17.554219,Buenos Aires,155,22.196,67.782
2025-11-16 02:25:17.554219,Buenos Aires,102,37.366,72.604
2025-11-16 03:25:17.554219,Buenos Aires,102,17.314,59.221
2025-11-16 04:25:17.554219,Buenos Aires,139,24.535,60.325
2025-11-16 05:25:17.554219,Buenos Aires,95,31.782,60.757
2025-11-16 06:25:17.554219,Buenos Aires,87,9.169,52.237
2025-11-16 07:25:17.554219,Buenos Aires,133,12.939,46.675
2025-11-16 08:25:17.554219,Buenos Aires,146,18.176,53.32
2025-11-16 09:25:17.554219,Buenos Aires,70,25.132,29.925
2025-11-16 10:25:17.554219,Buenos Aires,103,29.172,79.228
2025-11-16 11:25:17.554219,Buenos Aires,88,27.349,78.161
2025-11-16 12:25:17.554219,Buenos Aires,68,29.364,45.465
2025-11-16 13:25:17.554219,Buenos Aires,109,18.588,48.216
2025-11-16 14:25:17.554219,Buenos Aires,187,7.04,79.525
2025-11-16 15:25:17.554219,Buenos Aires,69,9.853,60.246
2025-11-16 16:25:17.554219,Buenos Aires,88,25.224,60.809
2025-11-16 17:25:17.554219,Buenos Aires,114,34.116,49.825
2025-11-16 18:25:17.554219,Buenos Aires,97,20.86,37.097
2025-11-16 19:25:17.554219,Buenos Aires,84,10.927,29.543
2025-11-16 20:25:17.554219,Buenos Aires,91,8.71,61.609
2025-11-16 21:25:17.554219,Buenos Aires,90,19.109,73.034
2025-11-16 22:25:17.554219,Buenos Aires,136,15.647,46.433
2025-11-16 23:25:17.554219,Buenos Aires,92,32.853,72.316
2025-11-17 00:25:17.554219,Buenos Aires,124,21.144,28.494
2025-11-17 01:25:17.554219,Buenos Aires,104,29.046,62.247
2025-11-17 02:25:17.554219,Buenos Aires,81,18.76,78.988
2025-11-17 03:25:17.554219,Buenos Aires,108,20.19,50.426
2025-11-17 04:25:17.554219,Buenos Aires,73,26.01,82.273
2025-11-17 05:25:17.554219,Buenos Aires,131,21.524,66.448
2025-11-17 06:25:17.554219,Buenos Aires,112,22.61,79.592
2025-11-17 07:25:17.554219,Buenos Aires,136,22.898,50.908
2025-11-17 08:25:17.554219,Buenos Aires,102,20.46,76.715
2025-11-17 09:25:17.554219,Buenos Aires,159,5.273,79.383
2025-11-17 10:25:17.554219,Buenos Aires,128,31.502,68.576
2025-11-17 11:25:17.554219,Buenos Aires,172,27.359,81.753
2025-11-17 12:25:17.554219,Buenos Aires,133,34.605,74.524
2025-11-17 13:25:17.554219,Buenos Aires,91,24.319,87.277
2025-11-17 14:25:17.554219,Buenos Aires,112,6.941,28.43
2025-11-17 15:25:17.554219,Buenos Aires,107,33.558,56.074
2025-11-17 16:25:17.554219,Buenos Aires,119,19.34,26.777
2025-11-17 17:25:17.554219,Buenos Aires,104,10.984,84.655
2025-11-17 18:25:17.554219,Buenos Aires,127,17.326,32.95
2025-11-17 19:25:17.554219,Buenos Aires,114,34.859,73.028
2025-11-17 20:25:17.554219,Buenos Aires,114,18.513,47.643
2025-11-17 21:25:17.554219,Buenos Aires,112,19.505,76.289
2025-11-17 22:25:17.554219,Buenos Aires,161,26.901,40.431
2025-11-17 23:25:17.554219,Buenos Aires,156,18.255,88.33
2025-11-18 00:25:17.554219,Buenos Aires,109,35.558,68.788
2025-11-18 01:25:17.554219,Buenos Aires,99,29.833,31.729
2025-11-18 02:25:17.554219,Buenos Aires,90,12.759,70.496
2025-11-18 03:25:17.554219,Buenos Aires,94,7.981,64.337
2025-11-18 04:25:17.554219,Buenos Aires,85,6.533,43.156
2025-11-18 05:25:17.554219,Buenos Aires,118,26.992,88.492
2025-11-18 06:25:17.554219,Buenos Aires,119,20.127,83.854
2025-11-18 07:25:17.554219,Buenos Aires,109,36.968,39.168
2025-11-18 08:25:17.554219,Buenos Aires,106,27.876,56.598
2025-11-18 09:25:17.554219,Buenos Aires,158,22.885,85.11
2025-11-18 10:25:17.554219,Buenos Aires,59,18.045,42.198
2025-11-18 11:25:17.554219,Buenos Aires,112,21.334,49.871
2025-11-18 12:25:17.554219,Buenos Aires,61,20.592,65.595
2025-11-18 13:25:17.554219,Buenos Aires,107,29.603,37.613
2025-11-18 14:25:17.554219,Buenos Aires,148,21.25,42.199
2025-11-18 15:25:17.554219,Buenos Aires,90,21.117,36.821
2025-11-18 16:25:17.554219,Buenos Aires,139,34.312,36.884
2025-11-18 17:25:17.554219,Buenos Aires,91,23.898,43.879
2025-11-18 18:25:17.554219,Buenos Aires,84,27.361,42.853
2025-11-18 19:25:17.554219,Buenos Aires,156,19.484,82.327
2025-11-18 20:25:17.554219,Buenos Aires,112,8.7,81.624
2025-11-18 21:25:17.554219,Buenos Aires,81,18.459,31.356
2025-11-18 22:25:17.554219,Buenos Aires,106,29.732,31.074
2025-11-18 23:25:17.554219,Buenos Aires,103,7.176,27.373
2025-11-19 00:25:17.554219,Buenos Aires,84,31.967,59.088
2025-11-19 01:25:17.554219,Buenos Aires,79,10.1,71.103
2025-11-19 02:25:17.554219,Buenos Aires,103,28.922,37.762
2025-11-19 03:25:17.554219,Buenos Aires,73,33.991,85.029
2025-11-19 04:25:17.554219,Buenos Aires,129,9.071,28.954
2025-11-19 05:25:17.554219,Buenos Aires,97,27.739,36.163
2025-11-19 06:25:17.554219,Buenos Aires,96,6.943,70.677
2025-11-19 07:25:17.554219,Buenos Aires,122,16.253,75.453
2025-11-19 08:25:17.554219,Buenos Aires,122,23.716,59.772
2025-11-19 09:25:17.554219,Buenos Aires,151,10.872,81.338
2025-11-19 10:25:17.554219,Buenos Aires,87,32.187,69.701
2025-11-19 11:25:17.554219,Buenos Aires,68,32.692,40.149
2025-11-19 12:25:17.554219,Buenos Aires,66,30.737,30.048
2025-11-19 13:25:17.554219,Buenos Aires,64,18.059,77.582
2025-11-19 14:25:17.554219,Buenos Aires,85,35.05,42.118
2025-11-19 15:25:17.554219,Buenos Aires,114,5.134,74.641
2025-11-19 16:25:17.554219,Buenos Aires,90,10.274,58.852
2025-11-19 17:25:17.554219,Buenos Aires,127,24.785,40.963
2025-11-04 18:25:17.554219,Cape Town,105,10.124,44.411
2025-11-04 19:25:17.554219,Cape Town,78,15.429,48.017
2025-11-04 20:25:17.554219,Cape Town,56,12.241,56.933
2025-11-04 21:25:17.554219,Cape Town,60,30.882,25.481
2025-11-04 22:25:17.554219,Cape Town,130,28.937,31.623
2025-11-04 23:25:17.554219,Cape Town,116,15.964,75.738
2025-11-05 00:25:17.554219,Cape Town,155,25.572,84.612
2025-11-05 01:25:17.554219,Cape Town,95,26.735,87.317
2025-11-05 02:25:17.554219,Cape Town,91,18.158,51.329
2025-11-05 03:25:17.554219,Cape Town,155,13.31,78.781
2025-11-05 04:25:17.554219,Cape Town,124,34.587,84.354
2025-11-05 05:25:17.554219,Cape Town,78,5.475,86.496
2025-11-05 06:25:17.554219,Cape Town,103,25.51,87.424
2025-11-05 07:25:17.554219,Cape Town,106,10.51,75.082
2025-11-05 08:25:17.554219,Cape Town,82,23.178,35.89
2025-11-05 09:25:17.554219,Cape Town,84,14.073,61.479
2025-11-05 10:25:17.554219,Cape Town,92,22.118,28.104
2025-11-05 11:25:17.554219,Cape Town,82,14.677,33.215
2025-11-05 12:25:17.554219,Cape Town,132,28.857,76.991
2025-11-05 13:25:17.554219,Cape Town,67,37.516,77.519
2025-11-05 14:25:17.554219,Cape Town,108,33.663,52.402
2025-11-05 15:25:17.554219,Cape Town,64,7.442,37.759
2025-11-05 16:25:17.554219,Cape Town,139,33.38,34.8
2025-11-05 17:25:17.554219,Cape Town,179,6.694,52.273
2025-11-05 18:25:17.554219,Cape Town,102,35.814,37.474
2025-11-05 19:25:17.554219,Cape Town,89,19.592,58.918
2025-11-05 20:25:17.554219,Cape Town,84,25.077,55.973
2025-11-05 21:25:17.554219,Cape Town,183,7.842,82.596
2025-11-05 22:25:17.554219,Cape Town,107,13.122,56.686
2025-11-05 23:25:17.554219,Cape Town,109,18.154,31.714
2025-11-06 00:25:17.554219,Cape Town,109,25.281,63.558
2025-11-06 01:25:17.554219,Cape Town,77,37.365,55.998
2025-11-06 02:25:17.554219,Cape Town,124,7.159,66.37
2025-11-06 03:25:17.554219,Cape Town,72,35.633,72.051
2025-11-06 04:25:17.554219,Cape Town,118,34.512,56.679
2025-11-06 05:25:17.554219,Cape Town,92,25.22,87.37
2025-11-06 06:25:17.554219,Cape Town,93,34.795,81.326
2025-11-06 07:25:17.554219,Cape Town,127,21.149,59.064
2025-11-06 08:25:17.554219,Cape Town,96,24.628,85.586
2025-11-06 09:25:17.554219,Cape Town,95,20.441,81.459
2025-11-06 10:25:17.554219,Cape Town,141,33.513,57.251
2025-11-06 11:25:17.554219,Cape Town,78,27.341,46.855
2025-11-06 12:25:17.554219,Cape Town,71,8.654,47.069
2025-11-06 13:25:17.554219,Cape Town,112,31.4,57.641
2025-11-06 14:25:17.554219,Cape Town,70,35.328,78.422
2025-11-06 15:25:17.554219,Cape Town,125,13.187,42.958
2025-11-06 16:25:17.554219,Cape Town,143,12.387,66.291
2025-11-06 17:25:17.554219,Cape Town,102,33.684,89.919
2025-11-06 18:25:17.554219,Cape Town,111,21.394,53.944
2025-11-06 19:25:17.554219,Cape Town,79,27.753,64.983
2025-11-06 20:25:17.554219,Cape Town,145,14.915,34.289
2025-11-06 21:25:17.554219,Cape Town,118,30.156,83.985
2025-11-06 22:25:17.554219,Cape Town,35,31.148,39.252
2025-11-06 23:25:17.554219,Cape Town,74,26.678,27.612
2025-11-07 00:25:17.554219,Cape Town,88,33.841,42.083
2025-11-07 01:25:17.554219,Cape Town,94,36.738,44.96
2025-11-07 02:25:17.554219,Cape Town,99,23.195,25.179
2025-11-07 03:25:17.554219,Cape Town,108,8.269,69.255
2025-11-07 04:25:17.554219,Cape Town,144,17.806,32.18
2025-11-07 05:25:17.554219,Cape Town,85,35.818,39.378
2025-11-07 06:25:17.554219,Cape Town,117,17.294,85.685
2025-11-07 07:25:17.554219,Cape Town,109,13.987,62.2
2025-11-07 08:25:17.554219,Cape Town,128,31.979,32.695
2025-11-07 09:25:17.554219,Cape Town,103,14.636,85.839
2025-11-07 10:25:17.554219,Cape Town,122,13.569,53.158
2025-11-07 11:25:17.554219,Cape Town,116,15.41,38.821
2025-11-07 12:25:17.554219,Cape Town,86,19.775,49.866
2025-11-07 13:25:17.554219,Cape Town,92,7.67,51.63
2025-11-07 14:25:17.554219,Cape Town,87,27.582,26.4
2025-11-07 15:25:17.554219,Cape Town,83,25.092,53.059
2025-11-07 16:25:17.554219,Cape Town,90,25.756,71.073
2025-11-07 17:25:17.554219,Cape Town,107,9.093,79.576
2025-11-07 18:25:17.554219,Cape Town,78,21.368,29.445
2025-11-07 19:25:17.554219,Cape Town,109,21.314,25.542
2025-11-07 20:25:17.554219,Cape Town,109,27.794,41.449
2025-11-07 21:25:17.554219,Cape Town,90,7.627,47.461
2025-11-07 22:25:17.554219,Cape Town,104,32.998,79.246
2025-11-07 23:25:17.554219,Cape Town,134,22.812,88.75
2025-11-08 00:25:17.554219,Cape Town,164,35.614,80.844
2025-11-08 01:25:17.554219,Cape Town,113,15,37.185
2025-11-08 02:25:17.554219,Cape Town,80,10.07,76.365
2025-11-08 03:25:17.554219,Cape Town,114,8.119,30.669
2025-11-08 04:25:17.554219,Cape Town,144,37.165,74.287
2025-11-08 05:25:17.554219,Cape Town,92,27.194,45.42
2025-11-08 06:25:17.554219,Cape Town,128,35.558,37.181
2025-11-08 07:25:17.554219,Cape Town,92,7.254,58.861
2025-11-08 08:25:17.554219,Cape Town,103,15.191,74.515
2025-11-08 09:25:17.554219,Cape Town,140,10.625,67.593
2025-11-08 10:25:17.554219,Cape Town,108,16.422,53.846
2025-11-08 11:25:17.554219,Cape Town,76,27.838,36.548
2025-11-08 12:25:17.554219,Cape Town,125,12.948,53.508
2025-11-08 13:25:17.554219,Cape Town,75,13.186,80.241
2025-11-08 14:25:17.554219,Cape Town,97,33.447,27.378
2025-11-08 15:25:17.554219,Cape Town,92,11.619,49.598
2025-11-08 16:25:17.554219,Cape Town,122,12.332,74.262
2025-11-08 17:25:17.554219,Cape Town,110,35.492,49.76
2025-11-08 18:25:17.554219,Cape Town,121,8.622,71.72
2025-11-08 19:25:17.554219,Cape Town,83,9.556,60.953
2025-11-08 20:25:17.554219,Cape Town,131,12.29,79.586
2025-11-08 21:25:17.554219,Cape Town,84,31.085,44.681
2025-11-08 22:25:17.554219,Cape Town,94,8.827,88.201
2025-11-08 23:25:17.554219,Cape Town,104,37.497,40.743
2025-11-09 00:25:17.554219,Cape Town,63,31.069,28.263
2025-11-09 01:25:17.554219,Cape Town,88,36.813,76.333
2025-11-09 02:25:17.554219,Cape Town,125,27.028,37.777
2025-11-09 03:25:17.554219,Cape Town,117,30.209,38.557
2025-11-09 04:25:17.554219,Cape Town,149,13.67,49.748
2025-11-09 05:25:17.554219,Cape Town,79,13.605,38.237
2025-11-09 06:25:17.554219,Cape Town,87,11.708,56.399
2025-11-09 07:25:17.554219,Cape Town,96,37.116,81.013
2025-11-09 08:25:17.554219,Cape Town,92,33.966,28.905
2025-11-09 09:25:17.554219,Cape Town,132,23.34,45.066
2025-11-09 10:25:17.554219,Cape Town,85,20.656,31.722
2025-11-09 11:25:17.554219,Cape Town,120,17.675,61.783
2025-11-09 12:25:17.554219,Cape Town,96,14.534,42.439
2025-11-09 13:25:17.554219,Cape Town,105,21.95,46.664
2025-11-09 14:25:17.554219,Cape Town,110,35.148,85.145
2025-11-09 15:25:17.554219,Cape Town,124,36.511,69.066
2025-11-09 16:25:17.554219,Cape Town,108,7.324,25.533
2025-11-09 17:25:17.554219,Cape Town,77,27.496,32.659
2025-11-09 18:25:17.554219,Cape Town,76,37.873,44.111
2025-11-09 19:25:17.554219,Cape Town,171,32.948,50.542
2025-11-09 20:25:17.554219,Cape Town,72,16.694,51.789
2025-11-09 21:25:17.554219,Cape Town,119,36.05,49.93
2025-11-09 22:25:17.554219,Cape Town,112,6.968,61.956
2025-11-09 23:25:17.554219,Cape Town,100,28.054,50.631
2025-11-10 00:25:17.554219,Cape Town,77,37.081,44.029
2025-11-10 01:25:17.554219,Cape Town,101,28.04,77.563
2025-11-10 02:25:17.554219,Cape Town,129,36.265,68.694
2025-11-10 03:25:17.554219,Cape Town,80,33.131,82.53
2025-11-10 04:25:17.554219,Cape Town,98,5.074,30.255
2025-11-10 05:25:17.554219,Cape Town,159,24.733,31.837
2025-11-10 06:25:17.554219,Cape Town,77,33.14,40.999
2025-11-10 07:25:17.554219,Cape Town,120,37.552,49.619
2025-11-10 08:25:17.554219,Cape Town,98,30.088,75.903
2025-11-10 09:25:17.554219,Cape Town,90,17.025,25.006
2025-11-10 10:25:17.554219,Cape Town,117,34.896,61.486
2025-11-10 11:25:17.554219,Cape Town,142,29.81,81.85
2025-11-10 12:25:17.554219,Cape Town,118,20.246,53.062
2025-11-10 13:25:17.554219,Cape Town,94,35.104,81.709
2025-11-10 14:25:17.554219,Cape Town,137,6.746,67.885
2025-11-10 15:25:17.554219,Cape Town,115,5.914,65.722
2025-11-10 16:25:17.554219,Cape Town,118,6.336,78.857
2025-11-10 17:25:17.554219,Cape Town,112,28.11,41.257
2025-11-10 18:25:17.554219,Cape Town,91,23.514,43.348
2025-11-10 19:25:17.554219,Cape Town,119,18.899,88.099
2025-11-10 20:25:17.554219,Cape Town,91,30.953,31.023
2025-11-10 21:25:17.554219,Cape Town,115,27.343,78.979
2025-11-10 22:25:17.554219,Cape Town,123,33.856,38.077
2025-11-10 23:25:17.554219,Cape Town,74,25.866,57.508
2025-11-11 00:25:17.554219,Cape Town,133,21.084,60.83
2025-11-11 01:25:17.554219,Cape Town,132,17.515,82.071
2025-11-11 02:25:17.554219,Cape Town,132,18.276,64.977
2025-11-11 03:25:17.554219,Cape Town,115,33.772,65.053
2025-11-11 04:25:17.554219,Cape Town,90,14.251,29.505
2025-11-11 05:25:17.554219,Cape Town,82,9.867,68.088
2025-11-11 06:25:17.554219,Cape Town,111,17.963,76.099
2025-11-11 07:25:17.554219,Cape Town,116,34.481,74.433
2025-11-11 08:25:17.554219,Cape Town,137,7.489,79.312
2025-11-11 09:25:17.554219,Cape Town,78,22.775,54.033
2025-11-11 10:25:17.554219,Cape Town,126,31.602,79.125
2025-11-11 11:25:17.554219,Cape Town,129,23.038,31.648
2025-11-11 12:25:17.554219,Cape Town,129,24.604,77.7
2025-11-11 13:25:17.554219,Cape Town,112,22.593,25.336
2025-11-11 14:25:17.554219,Cape Town,94,13.126,33.53
2025-11-11 15:25:17.554219,Cape Town,131,32.508,48.133
2025-11-11 16:25:17.554219,Cape Town,117,24.354,89.571
2025-11-11 17:25:17.554219,Cape Town,147,28.129,77.917
2025-11-11 18:25:17.554219,Cape Town,122,12.877,60.421
2025-11-11 19:25:17.554219,Cape Town,125,26.375,82.73
2025-11-11 20:25:17.554219,Cape Town,84,7.869,89.796
2025-11-11 21:25:17.554219,Cape Town,92,23.397,60.072
2025-11-11 22:25:17.554219,Cape Town,129,7.881,37.175
2025-11-11 23:25:17.554219,Cape Town,79,16.17,36.938
2025-11-12 00:25:17.554219,Cape Town,78,21.895,89.365
2025-11-12 01:25:17.554219,Cape Town,135,13.877,77.979
2025-11-12 02:25:17.554219,Cape Town,116,19.463,55.437
2025-11-12 03:25:17.554219,Cape Town,100,23.128,56.079
2025-11-12 04:25:17.554219,Cape Town,81,18.047,56.139
2025-11-12 05:25:17.554219,Cape Town,76,27.907,37.971
2025-11-12 06:25:17.554219,Cape Town,134,29.766,34.719
2025-11-12 07:25:17.554219,Cape Town,104,20.252,70.857
2025-11-12 08:25:17.554219,Cape Town,138,27.496,57.371
2025-11-12 09:25:17.554219,Cape Town,80,33.145,35.653
2025-11-12 10:25:17.554219,Cape Town,103,36.686,80.213
2025-11-12 11:25:17.554219,Cape Town,103,25.439,63.362
2025-11-12 12:25:17.554219,Cape Town,83,28.839,44.066
2025-11-12 13:25:17.554219,Cape Town,108,9.862,74.32
2025-11-12 14:25:17.554219,Cape Town,94,36.735,62.047
2025-11-12 15:25:17.554219,Cape Town,130,26.327,50.398
2025-11-12 16:25:17.554219,Cape Town,72,13.857,75.414
2025-11-12 17:25:17.554219,Cape Town,75,36.638,84.161
2025-11-12 18:25:17.554219,Cape Town,108,37.321,47.017
2025-11-12 19:25:17.554219,Cape Town,112,30.268,78.057
2025-11-12 20:25:17.554219,Cape Town,99,35.325,80.63
2025-11-12 21:25:17.554219,Cape Town,119,20.72,27.562
2025-11-12 22:25:17.554219,Cape Town,112,8.635,30.735
2025-11-12 23:25:17.554219,Cape Town,98,29.787,39.893
2025-11-13 00:25:17.554219,Cape Town,120,27.607,37.332
2025-11-13 01:25:17.554219,Cape Town,139,9.777,35.59
2025-11-13 02:25:17.554219,Cape Town,89,29.35,55.656
2025-11-13 03:25:17.554219,Cape Town,80,37.633,48.288
2025-11-13 04:25:17.554219,Cape Town,108,32.696,30.312
2025-11-13 05:25:17.554219,Cape Town,106,32.815,63.899
2025-11-13 06:25:17.554219,Cape Town,128,5.987,88.053
2025-11-13 07:25:17.554219,Cape Town,90,28.198,57.051
2025-11-13 08:25:17.554219,Cape Town,100,18.76,36.784
2025-11-13 09:25:17.554219,Cape Town,113,5.449,33.574
2025-11-13 10:25:17.554219,Cape Town,91,21.824,87.384
2025-11-13 11:25:17.554219,Cape Town,102,7.214,42.237
2025-11-13 12:25:17.554219,Cape Town,110,31.002,69.437
2025-11-13 13:25:17.554219,Cape Town,84,37.39,51.787
2025-11-13 14:25:17.554219,Cape Town,103,22.633,47.862
2025-11-13 15:25:17.554219,Cape Town,81,9.698,66.908
2025-11-13 16:25:17.554219,Cape Town,88,17.695,65.734
2025-11-13 17:25:17.554219,Cape Town,114,20.721,27.5
2025-11-13 18:25:17.554219,Cape Town,80,23.28,74.626
2025-11-13 19:25:17.554219,Cape Town,151,8.606,75.62
2025-11-13 20:25:17.554219,Cape Town,119,24.067,33.881
2025-11-13 21:25:17.554219,Cape Town,78,37.523,57.862
2025-11-13 22:25:17.554219,Cape Town,73,11.133,57.68
2025-11-13 23:25:17.554219,Cape Town,117,36.386,31.703
2025-11-14 00:25:17.554219,Cape Town,109,33.214,55.692
2025-11-14 01:25:17.554219,Cape Town,55,13.1,64.615
2025-11-14 02:25:17.554219,Cape Town,49,20.861,38.292
2025-11-14 03:25:17.554219,Cape Town,84,15.803,62.414
2025-11-14 04:25:17.554219,Cape Town,137,21.497,82.672
2025-11-14 05:25:17.554219,Cape Town,131,11.163,53.746
2025-11-14 06:25:17.554219,Cape Town,128,33.514,28.926
2025-11-14 07:25:17.554219,Cape Town,103,13.868,86.916
2025-11-14 08:25:17.554219,Cape Town,116,33.807,29.278
2025-11-14 09:25:17.554219,Cape Town,146,22.014,72.411
2025-11-14 10:25:17.554219,Cape Town,127,10.303,42.166
2025-11-14 11:25:17.554219,Cape Town,101,36.165,86.351
2025-11-14 12:25:17.554219,Cape Town,155,30.66,73.979
2025-11-14 13:25:17.554219,Cape Town,48,6.923,26.981
2025-11-14 14:25:17.554219,Cape Town,79,20.225,75.251
2025-11-14 15:25:17.554219,Cape Town,73,13.826,63.236
2025-11-14 16:25:17.554219,Cape Town,84,17.899,45.12
2025-11-14 17:25:17.554219,Cape Town,111,8.333,31.318
2025-11-14 18:25:17.554219,Cape Town,86,17.805,64.938
2025-11-14 19:25:17.554219,Cape Town,102,20.083,86.125
2025-11-14 20:25:17.554219,Cape Town,115,29.026,83.862
2025-11-14 21:25:17.554219,Cape Town,129,31.837,36.406
2025-11-14 22:25:17.554219,Cape Town,103,32.348,86.492
2025-11-14 23:25:17.554219,Cape Town,126,11.563,73.038
2025-11-15 00:25:17.554219,Cape Town,102,31.848,73.982
2025-11-15 01:25:17.554219,Cape Town,67,24.839,65.6
2025-11-15 02:25:17.554219,Cape Town,115,16.854,51.901
2025-11-15 03:25:17.554219,Cape Town,114,17.377,68.099
2025-11-15 04:25:17.554219,Cape Town,67,35.94,61.854
2025-11-15 05:25:17.554219,Cape Town,135,10.177,84.266
2025-11-15 06:25:17.554219,Cape Town,119,31.399,80.288
2025-11-15 07:25:17.554219,Cape Town,118,15.127,78.999
2025-11-15 08:25:17.554219,Cape Town,89,16.485,39.911
2025-11-15 09:25:17.554219,Cape Town,153,16.256,36.036
2025-11-15 10:25:17.554219,Cape Town,106,30.577,31.531
2025-11-15 11:25:17.554219,Cape Town,101,30.588,85.75
2025-11-15 12:25:17.554219,Cape Town,80,5.048,60.221
2025-11-15 13:25:17.554219,Cape Town,73,29.69,87.748
2025-11-15 14:25:17.554219,Cape Town,92,35.96,73.971
2025-11-15 15:25:17.554219,Cape Town,114,19.428,76.78
2025-11-15 16:25:17.554219,Cape Town,93,32.504,86.373
2025-11-15 17:25:17.554219,Cape Town,71,7.11,38.511
2025-11-15 18:25:17.554219,Cape Town,138,29.638,81.863
2025-11-15 19:25:17.554219,Cape Town,101,10.838,88.197
2025-11-15 20:25:17.554219,Cape Town,159,14.248,61.25
2025-11-15 21:25:17.554219,Cape Town,139,30.244,76.516
2025-11-15 22:25:17.554219,Cape Town,114,7.687,41.898
2025-11-15 23:25:17.554219,Cape Town,109,13.671,30.327
2025-11-16 00:25:17.554219,Cape Town,113,10.275,78.988
2025-11-16 01:25:17.554219,Cape Town,81,31.918,66.529
2025-11-16 02:25:17.554219,Cape Town,125,34.944,60.565
2025-11-16 03:25:17.554219,Cape Town,121,32.611,36.04
2025-11-16 04:25:17.554219,Cape Town,93,28.604,58.645
2025-11-16 05:25:17.554219,Cape Town,96,16.492,47.475
2025-11-16 06:25:17.554219,Cape Town,162,17.39,47.579
2025-11-16 07:25:17.554219,Cape Town,120,34.426,89.611
2025-11-16 08:25:17.554219,Cape Town,109,7.664,79.603
2025-11-16 09:25:17.554219,Cape Town,127,5.085,40.141
2025-11-16 10:25:17.554219,Cape Town,99,25.694,32.18
2025-11-16 11:25:17.554219,Cape Town,110,22.401,25.816
2025-11-16 12:25:17.554219,Cape Town,190,24.406,32.408
2025-11-16 13:25:17.554219,Cape Town,79,24.481,27.584
2025-11-16 14:25:17.554219,Cape Town,118,19.175,29.962
2025-11-16 15:25:17.554219,Cape Town,91,5.79,40.441
2025-11-16 16:25:17.554219,Cape Town,71,11.185,39.868
2025-11-16 17:25:17.554219,Cape Town,120,35.004,58.234
2025-11-16 18:25:17.554219,Cape Town,98,32.428,63.337
2025-11-16 19:25:17.554219,Cape Town,101,30.852,36.367
2025-11-16 20:25:17.554219,Cape Town,123,18.21,34.768
2025-11-16 21:25:17.554219,Cape Town,108,9.895,76.093
2025-11-16 22:25:17.554219,Cape Town,103,30.565,35.592
2025-11-16 23:25:17.554219,Cape Town,131,31.885,30.231
2025-11-17 00:25:17.554219,Cape Town,66,23.089,62.205
2025-11-17 01:25:17.554219,Cape Town,116,37.895,25.078
2025-11-17 02:25:17.554219,Cape Town,114,33.628,28.35
2025-11-17 03:25:17.554219,Cape Town,113,23.11,64.432
2025-11-17 04:25:17.554219,Cape Town,102,17.325,52.543
2025-11-17 05:25:17.554219,Cape Town,92,16.349,77.278
2025-11-17 06:25:17.554219,Cape Town,99,23.023,86.35
2025-11-17 07:25:17.554219,Cape Town,94,8.561,68.64
2025-11-17 08:25:17.554219,Cape Town,71,37.354,61.354
2025-11-17 09:25:17.554219,Cape Town,104,9.906,27.273
2025-11-17 10:25:17.554219,Cape Town,111,5.402,80.226
2025-11-17 11:25:17.554219,Cape Town,121,30.522,75.669
2025-11-17 12:25:17.554219,Cape Town,90,26.692,48.352
2025-11-17 13:25:17.554219,Cape Town,106,13.336,80.812
2025-11-17 14:25:17.554219,Cape Town,89,7.751,64.484
2025-11-17 15:25:17.554219,Cape Town,149,17.124,52.962
2025-11-17 16:25:17.554219,Cape Town,80,16.927,83.336
2025-11-17 17:25:17.554219,Cape Town,90,17.183,80.755
2025-11-17 18:25:17.554219,Cape Town,137,9.34,59.324
2025-11-17 19:25:17.554219,Cape Town,88,36.047,47.479
2025-11-17 20:25:17.554219,Cape Town,97,8.42,63.486
2025-11-17 21:25:17.554219,Cape Town,101,18.789,82.453
2025-11-17 22:25:17.554219,Cape Town,126,32.292,78.507
2025-11-17 23:25:17.554219,Cape Town,120,12.528,60.471
2025-11-18 00:25:17.554219,Cape Town,120,15.965,74.717
2025-11-18 01:25:17.554219,Cape Town,109,17.656,62.916
2025-11-18 02:25:17.554219,Cape Town,79,28.35,84.221
2025-11-18 03:25:17.554219,Cape Town,91,7.104,36.46
2025-11-18 04:25:17.554219,Cape Town,109,27.83,55.258
2025-11-18 05:25:17.554219,Cape Town,87,26.342,89.846
2025-11-18 06:25:17.554219,Cape Town,82,13.386,54.259
2025-11-18 07:25:17.554219,Cape Town,115,27.944,58.246
2025-11-18 08:25:17.554219,Cape Town,88,21.996,87.849
2025-11-18 09:25:17.554219,Cape Town,89,8.981,73.631
2025-11-18 10:25:17.554219,Cape Town,129,14.414,75.335
2025-11-18 11:25:17.554219,Cape Town,131,21.37,81.407
2025-11-18 12:25:17.554219,Cape Town,57,16.569,32.881
2025-11-18 13:25:17.554219,Cape Town,154,9.771,29.885
2025-11-18 14:25:17.554219,Cape Town,98,13.863,66.789
2025-11-18 15:25:17.554219,Cape Town,124,9.503,63.167
2025-11-18 16:25:17.554219,Cape Town,121,14.033,52.775
2025-11-18 17:25:17.554219,Cape Town,99,21.106,69.743
2025-11-18 18:25:17.554219,Cape Town,139,33.961,48.46
2025-11-18 19:25:17.554219,Cape Town,102,18.358,34.203
2025-11-18 20:25:17.554219,Cape Town,140,18.092,30.706
2025-11-18 21:25:17.554219,Cape Town,99,13.732,75.71
2025-11-18 22:25:17.554219,Cape Town,148,36.431,35.979
2025-11-18 23:25:17.554219,Cape Town,118,23.324,86.938
2025-11-19 00:25:17.554219,Cape Town,65,31.412,68.747
2025-11-19 01:25:17.554219,Cape Town,137,33.124,32.672
2025-11-19 02:25:17.554219,Cape Town,123,7.89,30.717
2025-11-19 03:25:17.554219,Cape Town,109,37.336,38.458
2025-11-19 04:25:17.554219,Cape Town,116,21.827,71.749
2025-11-19 05:25:17.554219,Cape Town,87,29.329,69.645
2025-11-19 06:25:17.554219,Cape Town,82,37.522,52.08
2025-11-19 07:25:17.554219,Cape Town,87,29.668,89.567
2025-11-19 08:25:17.554219,Cape Town,155,7.351,60.895
2025-11-19 09:25:17.554219,Cape Town,123,7.753,88.891
2025-11-19 10:25:17.554219,Cape Town,68,21.191,50.913
2025-11-19 11:25:17.554219,Cape Town,97,35.32,79.85
2025-11-19 12:25:17.554219,Cape Town,125,20.647,63.283
2025-11-19 13:25:17.554219,Cape Town,146,20.14,84.259
2025-11-19 14:25:17.554219,Cape Town,104,28.611,37.616
2025-11-19 15:25:17.554219,Cape Town,115,34.289,53.105
2025-11-19 16:25:17.554219,Cape Town,97,22.326,53.548
2025-11-19 17:25:17.554219,Cape Town,124,21.382,81.785
2025-11-04 18:25:17.554219,Cairo,109,21.369,50.436
2025-11-04 19:25:17.554219,Cairo,110,5.036,63.165
2025-11-04 20:25:17.554219,Cairo,119,37.053,66.692
2025-11-04 21:25:17.554219,Cairo,154,23.86,26.839
2025-11-04 22:25:17.554219,Cairo,111,37.143,62.894
2025-11-04 23:25:17.554219,Cairo,190,20.293,64.733
2025-11-05 00:25:17.554219,Cairo,131,21.722,76.666
2025-11-05 01:25:17.554219,Cairo,95,14.099,58.436
2025-11-05 02:25:17.554219,Cairo,142,31.085,86.394
2025-11-05 03:25:17.554219,Cairo,86,33.003,45.073
2025-11-05 04:25:17.554219,Cairo,84,13.154,40.013
2025-11-05 05:25:17.554219,Cairo,100,25.476,39.868
2025-11-05 06:25:17.554219,Cairo,110,16.485,50.751
2025-11-05 07:25:17.554219,Cairo,109,15.206,46.364
2025-11-05 08:25:17.554219,Cairo,113,29.991,40.694
2025-11-05 09:25:17.554219,Cairo,110,11.34,39.083
2025-11-05 10:25:17.554219,Cairo,162,11.247,26.619
2025-11-05 11:25:17.554219,Cairo,131,13.494,66.33
2025-11-05 12:25:17.554219,Cairo,106,14.751,50.587
2025-11-05 13:25:17.554219,Cairo,117,11.931,68.762
2025-11-05 14:25:17.554219,Cairo,139,14.195,78.404
2025-11-05 15:25:17.554219,Cairo,116,22.288,54.243
2025-11-05 16:25:17.554219,Cairo,94,9.753,75.854
2025-11-05 17:25:17.554219,Cairo,103,20.429,78.953
2025-11-05 18:25:17.554219,Cairo,66,32.355,66.551
2025-11-05 19:25:17.554219,Cairo,131,11.182,52.18
2025-11-05 20:25:17.554219,Cairo,100,9.747,87.28
2025-11-05 21:25:17.554219,Cairo,76,27.334,83.807
2025-11-05 22:25:17.554219,Cairo,92,10.478,83.416
2025-11-05 23:25:17.554219,Cairo,91,34.737,75.074
2025-11-06 00:25:17.554219,Cairo,127,33.247,32.299
2025-11-06 01:25:17.554219,Cairo,130,22.208,72.788
2025-11-06 02:25:17.554219,Cairo,149,35.606,65.372
2025-11-06 03:25:17.554219,Cairo,114,33.07,72.902
2025-11-06 04:25:17.554219,Cairo,88,6.034,76.443
2025-11-06 05:25:17.554219,Cairo,139,26.151,68.994
2025-11-06 06:25:17.554219,Cairo,75,31.281,54.581
2025-11-06 07:25:17.554219,Cairo,112,13.051,36.126
2025-11-06 08:25:17.554219,Cairo,89,28.402,74.118
2025-11-06 09:25:17.554219,Cairo,83,11.119,80.726
2025-11-06 10:25:17.554219,Cairo,86,28.726,84.571
2025-11-06 11:25:17.554219,Cairo,84,24.663,85.741
2025-11-06 12:25:17.554219,Cairo,109,25.634,46.177
2025-11-06 13:25:17.554219,Cairo,152,32.467,74.97
2025-11-06 14:25:17.554219,Cairo,88,8.59,53.902
2025-11-06 15:25:17.554219,Cairo,79,31.949,30.633
2025-11-06 16:25:17.554219,Cairo,148,23.916,33.138
2025-11-06 17:25:17.554219,Cairo,136,7.665,84.923
2025-11-06 18:25:17.554219,Cairo,82,22.456,44.752
2025-11-06 19:25:17.554219,Cairo,97,15.198,87.243
2025-11-06 20:25:17.554219,Cairo,112,8.714,65.357
2025-11-06 21:25:17.554219,Cairo,49,23.714,86.079
2025-11-06 22:25:17.554219,Cairo,81,36.492,79.828
2025-11-06 23:25:17.554219,Cairo,83,36.223,69.596
2025-11-07 00:25:17.554219,Cairo,96,7.041,81.732
2025-11-07 01:25:17.554219,Cairo,71,18.743,78.784
2025-11-07 02:25:17.554219,Cairo,69,5.736,28.313
2025-11-07 03:25:17.554219,Cairo,157,33.498,68.245
2025-11-07 04:25:17.554219,Cairo,122,33.381,60.044
2025-11-07 05:25:17.554219,Cairo,68,37.219,61.795
2025-11-07 06:25:17.554219,Cairo,91,32.626,27.456
2025-11-07 07:25:17.554219,Cairo,117,25.415,83.98
2025-11-07 08:25:17.554219,Cairo,118,17.589,79.202
2025-11-07 09:25:17.554219,Cairo,113,15.654,64.643
2025-11-07 10:25:17.554219,Cairo,110,34.297,46.489
2025-11-07 11:25:17.554219,Cairo,106,5.873,27.576
2025-11-07 12:25:17.554219,Cairo,86,23.06,69.013
2025-11-07 13:25:17.554219,Cairo,119,35.528,45.516
2025-11-07 14:25:17.554219,Cairo,102,12.991,47.244
2025-11-07 15:25:17.554219,Cairo,93,12.357,47.631
2025-11-07 16:25:17.554219,Cairo,92,35.821,53.303
2025-11-07 17:25:17.554219,Cairo,173,20.911,82.933
2025-11-07 18:25:17.554219,Cairo,73,8.766,79.261
2025-11-07 19:25:17.554219,Cairo,114,32.293,83.018
2025-11-07 20:25:17.554219,Cairo,106,21.425,34.801
2025-11-07 21:25:17.554219,Cairo,149,18.555,28.929
2025-11-07 22:25:17.554219,Cairo,122,33.295,39.516
2025-11-07 23:25:17.554219,Cairo,45,6.052,38.797
2025-11-08 00:25:17.554219,Cairo,78,32.063,32.298
2025-11-08 01:25:17.554219,Cairo,80,9.005,75.215
2025-11-08 02:25:17.554219,Cairo,86,19.885,60.174
2025-11-08 03:25:17.554219,Cairo,124,21.882,31.905
2025-11-08 04:25:17.554219,Cairo,107,21.796,68.016
2025-11-08 05:25:17.554219,Cairo,134,28.188,41.484
2025-11-08 06:25:17.554219,Cairo,99,21.792,56.205
2025-11-08 07:25:17.554219,Cairo,129,22.236,27.971
2025-11-08 08:25:17.554219,Cairo,108,18.51,60.992
2025-11-08 09:25:17.554219,Cairo,78,33.771,39.788
2025-11-08 10:25:17.554219,Cairo,121,10.904,50.445
2025-11-08 11:25:17.554219,Cairo,131,18.522,81.777
2025-11-08 12:25:17.554219,Cairo,59,5.642,60.242
2025-11-08 13:25:17.554219,Cairo,98,8.226,59.896
2025-11-08 14:25:17.554219,Cairo,130,21.741,73.796
2025-11-08 15:25:17.554219,Cairo,71,14.112,66.156
2025-11-08 16:25:17.554219,Cairo,46,14.525,89.018
2025-11-08 17:25:17.554219,Cairo,80,17.751,51.254
2025-11-08 18:25:17.554219,Cairo,116,24.741,32.604
2025-11-08 19:25:17.554219,Cairo,73,24.67,52.105
2025-11-08 20:25:17.554219,Cairo,119,26.453,87.122
2025-11-08 21:25:17.554219,Cairo,81,17.287,41.655
2025-11-08 22:25:17.554219,Cairo,148,19.372,77.471
2025-11-08 23:25:17.554219,Cairo,112,14.114,53.313
2025-11-09 00:25:17.554219,Cairo,125,22.137,42.46
2025-11-09 01:25:17.554219,Cairo,110,15.886,31.611
2025-11-09 02:25:17.554219,Cairo,101,32.179,61.013
2025-11-09 03:25:17.554219,Cairo,71,34.634,55.922
2025-11-09 04:25:17.554219,Cairo,103,7.668,47.979
2025-11-09 05:25:17.554219,Cairo,132,25.447,71.18
2025-11-09 06:25:17.554219,Cairo,124,29.508,80.093
2025-11-09 07:25:17.554219,Cairo,150,27.654,82.071
2025-11-09 08:25:17.554219,Cairo,138,7.889,86.198
2025-11-09 09:25:17.554219,Cairo,98,17.048,55.7
2025-11-09 10:25:17.554219,Cairo,79,14.809,26.542
2025-11-09 11:25:17.554219,Cairo,145,23.257,48.836
2025-11-09 12:25:17.554219,Cairo,88,22.289,84.712
2025-11-09 13:25:17.554219,Cairo,98,7.171,40.612
2025-11-09 14:25:17.554219,Cairo,128,18.373,34.796
2025-11-09 15:25:17.554219,Cairo,97,31.636,66.519
2025-11-09 16:25:17.554219,Cairo,109,26.246,40.472
2025-11-09 17:25:17.554219,Cairo,160,36.766,40.124
2025-11-09 18:25:17.554219,Cairo,136,6.906,75.588
2025-11-09 19:25:17.554219,Cairo,118,36.464,62.499
2025-11-09 20:25:17.554219,Cairo,87,22.245,38.145
2025-11-09 21:25:17.554219,Cairo,70,24.058,55.877
2025-11-09 22:25:17.554219,Cairo,109,14.172,26.641
2025-11-09 23:25:17.554219,Cairo,165,29.025,89.224
2025-11-10 00:25:17.554219,Cairo,150,24.584,70.642
2025-11-10 01:25:17.554219,Cairo,79,27.192,89.034
2025-11-10 02:25:17.554219,Cairo,138,11.14,85.658
2025-11-10 03:25:17.554219,Cairo,105,36.849,30.996
2025-11-10 04:25:17.554219,Cairo,87,30.991,84.881
2025-11-10 05:25:17.554219,Cairo,110,21.467,32.293
2025-11-10 06:25:17.554219,Cairo,80,25.947,84.554
2025-11-10 07:25:17.554219,Cairo,82,33.198,58.083
2025-11-10 08:25:17.554219,Cairo,96,18.986,73.33
2025-11-10 09:25:17.554219,Cairo,89,19.745,67.584
2025-11-10 10:25:17.554219,Cairo,127,18.486,56.357
2025-11-10 11:25:17.554219,Cairo,106,23.321,58.344
2025-11-10 12:25:17.554219,Cairo,139,26.251,61.42
2025-11-10 13:25:17.554219,Cairo,122,10.575,88.039
2025-11-10 14:25:17.554219,Cairo,96,30.205,29.859
2025-11-10 15:25:17.554219,Cairo,102,10.169,38.772
2025-11-10 16:25:17.554219,Cairo,90,12.313,83.306
2025-11-10 17:25:17.554219,Cairo,119,15.017,27.238
2025-11-10 18:25:17.554219,Cairo,71,28.422,82.745
2025-11-10 19:25:17.554219,Cairo,124,19.098,51.392
2025-11-10 20:25:17.554219,Cairo,107,32.206,64.412
2025-11-10 21:25:17.554219,Cairo,110,30.911,32.315
2025-11-10 22:25:17.554219,Cairo,137,14.58,44.366
2025-11-10 23:25:17.554219,Cairo,70,9.908,58.363
2025-11-11 00:25:17.554219,Cairo,108,14.549,52.975
2025-11-11 01:25:17.554219,Cairo,72,20.174,42.173
2025-11-11 02:25:17.554219,Cairo,105,11.711,73.075
2025-11-11 03:25:17.554219,Cairo,63,9.53,82.954
2025-11-11 04:25:17.554219,Cairo,120,21.297,44.022
2025-11-11 05:25:17.554219,Cairo,81,24.149,29.682
2025-11-11 06:25:17.554219,Cairo,76,24.074,75.676
2025-11-11 07:25:17.554219,Cairo,166,20.166,57.322
2025-11-11 08:25:17.554219,Cairo,124,31.231,78.662
2025-11-11 09:25:17.554219,Cairo,114,15.376,70.239
2025-11-11 10:25:17.554219,Cairo,130,30.375,44.448
2025-11-11 11:25:17.554219,Cairo,70,9.628,71.555
2025-11-11 12:25:17.554219,Cairo,91,29.604,30.399
2025-11-11 13:25:17.554219,Cairo,85,27.576,25.537
2025-11-11 14:25:17.554219,Cairo,122,15.285,36.215
2025-11-11 15:25:17.554219,Cairo,182,21.953,65.249
2025-11-11 16:25:17.554219,Cairo,121,16.57,85.151
2025-11-11 17:25:17.554219,Cairo,86,25.257,38.704
2025-11-11 18:25:17.554219,Cairo,58,19.367,36.497
2025-11-11 19:25:17.554219,Cairo,84,27.281,71.791
2025-11-11 20:25:17.554219,Cairo,92,22.429,65.741
2025-11-11 21:25:17.554219,Cairo,65,8.354,88.548
2025-11-11 22:25:17.554219,Cairo,98,16.389,82.341
2025-11-11 23:25:17.554219,Cairo,91,5.386,61.048
2025-11-12 00:25:17.554219,Cairo,99,26.95,84.3
2025-11-12 01:25:17.554219,Cairo,105,10.685,69.027
2025-11-12 02:25:17.554219,Cairo,120,36.175,62.968
2025-11-12 03:25:17.554219,Cairo,139,14.533,42.435
2025-11-12 04:25:17.554219,Cairo,81,25.913,43.522
2025-11-12 05:25:17.554219,Cairo,85,23.917,80.093
2025-11-12 06:25:17.554219,Cairo,93,18.476,37.953
2025-11-12 07:25:17.554219,Cairo,149,22.523,83.965
2025-11-12 08:25:17.554219,Cairo,65,36.444,61.133
2025-11-12 09:25:17.554219,Cairo,42,25.414,35.737
2025-11-12 10:25:17.554219,Cairo,90,14.299,56.227
2025-11-12 11:25:17.554219,Cairo,122,12.381,89.433
2025-11-12 12:25:17.554219,Cairo,117,8.541,43.612
2025-11-12 13:25:17.554219,Cairo,170,30.832,34.848
2025-11-12 14:25:17.554219,Cairo,93,28.802,87.442
2025-11-12 15:25:17.554219,Cairo,102,21.7,58.165
2025-11-12 16:25:17.554219,Cairo,158,19.291,37.11
2025-11-12 17:25:17.554219,Cairo,76,21.209,29.837
2025-11-12 18:25:17.554219,Cairo,103,21.948,88.565
2025-11-12 19:25:17.554219,Cairo,137,36.423,41.695
2025-11-12 20:25:17.554219,Cairo,71,14.921,70.329
2025-11-12 21:25:17.554219,Cairo,161,22.948,75.433
2025-11-12 22:25:17.554219,Cairo,106,21.76,43.548
2025-11-12 23:25:17.554219,Cairo,82,15.308,77.229
2025-11-13 00:25:17.554219,Cairo,65,5.864,73.723
2025-11-13 01:25:17.554219,Cairo,108,13.64,41.775
2025-11-13 02:25:17.554219,Cairo,93,26.592,89.761
2025-11-13 03:25:17.554219,Cairo,106,6.613,83.644
2025-11-13 04:25:17.554219,Cairo,97,20.993,71.192
2025-11-13 05:25:17.554219,Cairo,113,14.815,42.775
2025-11-13 06:25:17.554219,Cairo,84,31.05,88.318
2025-11-13 07:25:17.554219,Cairo,113,14.163,65.242
2025-11-13 08:25:17.554219,Cairo,147,36.816,81.204
2025-11-13 09:25:17.554219,Cairo,136,18.303,64.619
2025-11-13 10:25:17.554219,Cairo,90,18.98,61.616
2025-11-13 11:25:17.554219,Cairo,111,13.582,85.852
2025-11-13 12:25:17.554219,Cairo,135,32.811,65.56
2025-11-13 13:25:17.554219,Cairo,88,21.171,72.791
2025-11-13 14:25:17.554219,Cairo,101,33.817,48.843
2025-11-13 15:25:17.554219,Cairo,128,30.208,86.375
2025-11-13 16:25:17.554219,Cairo,109,28.349,86.094
2025-11-13 17:25:17.554219,Cairo,105,12.343,89.01
2025-11-13 18:25:17.554219,Cairo,103,12.177,29.533
2025-11-13 19:25:17.554219,Cairo,100,14.82,35.189
2025-11-13 20:25:17.554219,Cairo,98,37.99,49.939
2025-11-13 21:25:17.554219,Cairo,87,34.629,81.602
2025-11-13 22:25:17.554219,Cairo,115,36.356,73.827
2025-11-13 23:25:17.554219,Cairo,78,14.036,82.063
2025-11-14 00:25:17.554219,Cairo,77,29.389,28.983
2025-11-14 01:25:17.554219,Cairo,105,34.295,53.169
2025-11-14 02:25:17.554219,Cairo,130,6.258,40.523
2025-11-14 03:25:17.554219,Cairo,96,12.199,42.665
2025-11-14 04:25:17.554219,Cairo,102,6.511,88.593
2025-11-14 05:25:17.554219,Cairo,98,7.383,82.111
2025-11-14 06:25:17.554219,Cairo,91,23.909,50.183
2025-11-14 07:25:17.554219,Cairo,128,5.602,44.183
2025-11-14 08:25:17.554219,Cairo,121,13.422,50.933
2025-11-14 09:25:17.554219,Cairo,119,11.348,40.71
2025-11-14 10:25:17.554219,Cairo,52,24.621,69.414
2025-11-14 11:25:17.554219,Cairo,108,5.836,76.571
2025-11-14 12:25:17.554219,Cairo,99,35.405,35.404
2025-11-14 13:25:17.554219,Cairo,114,28.252,57.986
2025-11-14 14:25:17.554219,Cairo,147,21.22,51.139
2025-11-14 15:25:17.554219,Cairo,116,11.187,29.238
2025-11-14 16:25:17.554219,Cairo,128,37.99,41.142
2025-11-14 17:25:17.554219,Cairo,68,33.5,51.693
2025-11-14 18:25:17.554219,Cairo,94,18.324,83.905
2025-11-14 19:25:17.554219,Cairo,89,16.289,28.777
2025-11-14 20:25:17.554219,Cairo,92,32.643,58.182
2025-11-14 21:25:17.554219,Cairo,125,31.974,26.963
2025-11-14 22:25:17.554219,Cairo,52,35.379,25.061
2025-11-14 23:25:17.554219,Cairo,117,29.454,51.232
2025-11-15 00:25:17.554219,Cairo,154,11.206,42.957
2025-11-15 01:25:17.554219,Cairo,97,20.245,40.413
2025-11-15 02:25:17.554219,Cairo,122,22.608,54.882
2025-11-15 03:25:17.554219,Cairo,81,27.744,66.337
2025-11-15 04:25:17.554219,Cairo,129,20.774,88.739
2025-11-15 05:25:17.554219,Cairo,125,17.757,85.54
2025-11-15 06:25:17.554219,Cairo,118,8.933,87.605
2025-11-15 07:25:17.554219,Cairo,95,6.985,58.511
2025-11-15 08:25:17.554219,Cairo,114,19.137,40.307
2025-11-15 09:25:17.554219,Cairo,92,29.556,40.71
2025-11-15 10:25:17.554219,Cairo,80,17.165,51.028
2025-11-15 11:25:17.554219,Cairo,97,30.962,38.098
2025-11-15 12:25:17.554219,Cairo,145,9.453,86.329
2025-11-15 13:25:17.554219,Cairo,99,27.818,28.81
2025-11-15 14:25:17.554219,Cairo,92,18.686,40.971
2025-11-15 15:25:17.554219,Cairo,138,28.822,38.458
2025-11-15 16:25:17.554219,Cairo,109,23.448,26.912
2025-11-15 17:25:17.554219,Cairo,77,35.099,34.242
2025-11-15 18:25:17.554219,Cairo,85,12.056,62.014
2025-11-15 19:25:17.554219,Cairo,115,10.646,77.391
2025-11-15 20:25:17.554219,Cairo,133,9.668,88.104
2025-11-15 21:25:17.554219,Cairo,98,27.576,37.198
2025-11-15 22:25:17.554219,Cairo,131,33.855,48.34
2025-11-15 23:25:17.554219,Cairo,105,37.111,58.503
2025-11-16 00:25:17.554219,Cairo,138,23.773,29.973
2025-11-16 01:25:17.554219,Cairo,83,28.354,28.563
2025-11-16 02:25:17.554219,Cairo,112,10.865,63.382
2025-11-16 03:25:17.554219,Cairo,137,18.802,65.145
2025-11-16 04:25:17.554219,Cairo,108,16.222,60.835
2025-11-16 05:25:17.554219,Cairo,98,19.052,60.95
2025-11-16 06:25:17.554219,Cairo,91,22.677,29.257
2025-11-16 07:25:17.554219,Cairo,127,20.262,78.831
2025-11-16 08:25:17.554219,Cairo,114,13.245,52.808
2025-11-16 09:25:17.554219,Cairo,99,25.62,49.766
2025-11-16 10:25:17.554219,Cairo,99,36.211,54.552
2025-11-16 11:25:17.554219,Cairo,65,15.314,58.994
2025-11-16 12:25:17.554219,Cairo,116,32.253,26.179
2025-11-16 13:25:17.554219,Cairo,176,15.013,27.31
2025-11-16 14:25:17.554219,Cairo,61,25.579,27.685
2025-11-16 15:25:17.554219,Cairo,99,14.755,47.449
2025-11-16 16:25:17.554219,Cairo,90,10.484,87.107
2025-11-16 17:25:17.554219,Cairo,78,27.806,59.026
2025-11-16 18:25:17.554219,Cairo,83,14.967,76.349
2025-11-16 19:25:17.554219,Cairo,154,16.831,63.171
2025-11-16 20:25:17.554219,Cairo,109,5.944,63.733
2025-11-16 21:25:17.554219,Cairo,158,7.491,39.583
2025-11-16 22:25:17.554219,Cairo,94,12.863,51.305
2025-11-16 23:25:17.554219,Cairo,50,28.095,46.794
2025-11-17 00:25:17.554219,Cairo,131,7.446,67.228
2025-11-17 01:25:17.554219,Cairo,96,30.95,69.982
2025-11-17 02:25:17.554219,Cairo,70,19.88,25.299
2025-11-17 03:25:17.554219,Cairo,54,14.309,46.625
2025-11-17 04:25:17.554219,Cairo,124,5.601,89.566
2025-11-17 05:25:17.554219,Cairo,137,17.645,71.42
2025-11-17 06:25:17.554219,Cairo,84,18.519,53.423
2025-11-17 07:25:17.554219,Cairo,82,36.75,41.057
2025-11-17 08:25:17.554219,Cairo,85,21.217,26.104
2025-11-17 09:25:17.554219,Cairo,110,6.139,70.105
2025-11-17 10:25:17.554219,Cairo,110,9.041,57.322
2025-11-17 11:25:17.554219,Cairo,99,18.884,55.911
2025-11-17 12:25:17.554219,Cairo,112,9.076,45.071
2025-11-17 13:25:17.554219,Cairo,98,34.859,71.768
2025-11-17 14:25:17.554219,Cairo,152,26.367,51.59
2025-11-17 15:25:17.554219,Cairo,127,27.947,26.244
2025-11-17 16:25:17.554219,Cairo,144,32.188,52.703
2025-11-17 17:25:17.554219,Cairo,128,21.608,67.127
2025-11-17 18:25:17.554219,Cairo,81,29.283,88.243
2025-11-17 19:25:17.554219,Cairo,117,27.932,64.593
2025-11-17 20:25:17.554219,Cairo,111,15.685,75.487
2025-11-17 21:25:17.554219,Cairo,97,23,68.842
2025-11-17 22:25:17.554219,Cairo,89,14.614,72.987
2025-11-17 23:25:17.554219,Cairo,126,31.36,87.669
2025-11-18 00:25:17.554219,Cairo,96,34.749,30.55
2025-11-18 01:25:17.554219,Cairo,105,15.723,33.899
2025-11-18 02:25:17.554219,Cairo,136,30.514,33.318
2025-11-18 03:25:17.554219,Cairo,127,24.951,33.942
2025-11-18 04:25:17.554219,Cairo,65,32.13,64.705
2025-11-18 05:25:17.554219,Cairo,71,19.55,45.98
2025-11-18 06:25:17.554219,Cairo,112,10.857,68.427
2025-11-18 07:25:17.554219,Cairo,130,29.966,66.325
2025-11-18 08:25:17.554219,Cairo,118,9.908,27.728
2025-11-18 09:25:17.554219,Cairo,106,7.958,80.494
2025-11-18 10:25:17.554219,Cairo,89,8.904,31.094
2025-11-18 11:25:17.554219,Cairo,94,17.954,89.103
2025-11-18 12:25:17.554219,Cairo,111,10.882,30.515
2025-11-18 13:25:17.554219,Cairo,72,7.253,69.386
2025-11-18 14:25:17.554219,Cairo,107,33.641,33.312
2025-11-18 15:25:17.554219,Cairo,123,29.084,60.512
2025-11-18 16:25:17.554219,Cairo,82,7.5,39.422
2025-11-18 17:25:17.554219,Cairo,112,36.492,70.762
2025-11-18 18:25:17.554219,Cairo,132,25.349,74.39
2025-11-18 19:25:17.554219,Cairo,125,22.773,27.713
2025-11-18 20:25:17.554219,Cairo,97,24.723,77.187
2025-11-18 21:25:17.554219,Cairo,99,7.184,74.912
2025-11-18 22:25:17.554219,Cairo,128,12.296,83.321
2025-11-18 23:25:17.554219,Cairo,110,32.398,25.721
2025-11-19 00:25:17.554219,Cairo,107,33.1,50.966
2025-11-19 01:25:17.554219,Cairo,74,8.713,85.631
2025-11-19 02:25:17.554219,Cairo,174,27.292,40.829
2025-11-19 03:25:17.554219,Cairo,126,25.206,36.32
2025-11-19 04:25:17.554219,Cairo,99,31.153,76.752
2025-11-19 05:25:17.554219,Cairo,99,24.776,71.363
2025-11-19 06:25:17.554219,Cairo,118,20.99,33.993
2025-11-19 07:25:17.554219,Cairo,79,37.241,62.64
2025-11-19 08:25:17.554219,Cairo,88,31.716,88.236
2025-11-19 09:25:17.554219,Cairo,95,33.92,58.171
2025-11-19 10:25:17.554219,Cairo,101,6.76,33.339
2025-11-19 11:25:17.554219,Cairo,113,27.39,68.019
2025-11-19 12:25:17.554219,Cairo,104,30.438,65.578
2025-11-19 13:25:17.554219,Cairo,62,15.436,39.567
2025-11-19 14:25:17.554219,Cairo,81,37.372,87.26
2025-11-19 15:25:17.554219,Cairo,115,33.808,64.21
2025-11-19 16:25:17.554219,Cairo,123,15.33,28.631
2025-11-19 17:25:17.554219,Cairo,106,19.802,29.101
2025-11-04 18:25:17.554219,Nairobi,97,27.429,83.247
2025-11-04 19:25:17.554219,Nairobi,59,17.373,84.526
2025-11-04 20:25:17.554219,Nairobi,97,32.352,28.729
2025-11-04 21:25:17.554219,Nairobi,133,26.676,66.047
2025-11-04 22:25:17.554219,Nairobi,83,32.983,70.078
2025-11-04 23:25:17.554219,Nairobi,53,10.624,64.58
2025-11-05 00:25:17.554219,Nairobi,121,35.211,73.941
2025-11-05 01:25:17.554219,Nairobi,92,13.183,55.209
2025-11-05 02:25:17.554219,Nairobi,119,15.385,39.139
2025-11-05 03:25:17.554219,Nairobi,101,16.891,28.283
2025-11-05 04:25:17.554219,Nairobi,132,15.615,88.585
2025-11-05 05:25:17.554219,Nairobi,127,30.863,30.015
2025-11-05 06:25:17.554219,Nairobi,98,5.743,72.814
2025-11-05 07:25:17.554219,Nairobi,111,34.243,57.108
2025-11-05 08:25:17.554219,Nairobi,106,33.423,49.665
2025-11-05 09:25:17.554219,Nairobi,140,27.014,36.326
2025-11-05 10:25:17.554219,Nairobi,97,34.814,39.252
2025-11-05 11:25:17.554219,Nairobi,123,9.708,74.898
2025-11-05 12:25:17.554219,Nairobi,81,5.145,42.6
2025-11-05 13:25:17.554219,Nairobi,83,6.048,79.547
2025-11-05 14:25:17.554219,Nairobi,123,37.681,43.164
2025-11-05 15:25:17.554219,Nairobi,100,13.778,84.302
2025-11-05 16:25:17.554219,Nairobi,98,8.813,89.563
2025-11-05 17:25:17.554219,Nairobi,84,28.566,71.155
2025-11-05 18:25:17.554219,Nairobi,122,17.014,71.122
2025-11-05 19:25:17.554219,Nairobi,152,34.598,45.135
2025-11-05 20:25:17.554219,Nairobi,84,13.222,86.559
2025-11-05 21:25:17.554219,Nairobi,90,25.348,69.321
2025-11-05 22:25:17.554219,Nairobi,86,11.171,81.915
2025-11-05 23:25:17.554219,Nairobi,83,31.274,26.578
2025-11-06 00:25:17.554219,Nairobi,102,23.915,32.567
2025-11-06 01:25:17.554219,Nairobi,93,12.306,47.909
2025-11-06 02:25:17.554219,Nairobi,98,6.647,25.865
2025-11-06 03:25:17.554219,Nairobi,98,23.499,48.034
2025-11-06 04:25:17.554219,Nairobi,46,19.77,60.563
2025-11-06 05:25:17.554219,Nairobi,107,10.947,66.403
2025-11-06 06:25:17.554219,Nairobi,108,37.254,71.792
2025-11-06 07:25:17.554219,Nairobi,67,35.121,74.38
2025-11-06 08:25:17.554219,Nairobi,110,18.272,65.482
2025-11-06 09:25:17.554219,Nairobi,113,11.643,26.566
2025-11-06 10:25:17.554219,Nairobi,127,18.68,26.559
2025-11-06 11:25:17.554219,Nairobi,98,27.064,75.05
2025-11-06 12:25:17.554219,Nairobi,61,15.876,42.423
2025-11-06 13:25:17.554219,Nairobi,111,26.011,50.546
2025-11-06 14:25:17.554219,Nairobi,109,30.39,88.28
2025-11-06 15:25:17.554219,Nairobi,89,27.943,54.584
2025-11-06 16:25:17.554219,Nairobi,106,11.026,85.109
2025-11-06 17:25:17.554219,Nairobi,153,31.444,56.124
2025-11-06 18:25:17.554219,Nairobi,111,8.594,56.141
2025-11-06 19:25:17.554219,Nairobi,136,15.396,33.747
2025-11-06 20:25:17.554219,Nairobi,85,23.511,57.916
2025-11-06 21:25:17.554219,Nairobi,102,37.213,77.008
2025-11-06 22:25:17.554219,Nairobi,114,20.988,34.785
2025-11-06 23:25:17.554219,Nairobi,116,15.751,40.936
2025-11-07 00:25:17.554219,Nairobi,46,20.958,76.801
2025-11-07 01:25:17.554219,Nairobi,95,28.885,49.824
2025-11-07 02:25:17.554219,Nairobi,80,37.035,72.027
2025-11-07 03:25:17.554219,Nairobi,75,14.706,56.807
2025-11-07 04:25:17.554219,Nairobi,80,35.019,87.216
2025-11-07 05:25:17.554219,Nairobi,100,19.67,31.426
2025-11-07 06:25:17.554219,Nairobi,99,17.675,30.193
2025-11-07 07:25:17.554219,Nairobi,111,8.891,30.662
2025-11-07 08:25:17.554219,Nairobi,116,27.881,82.399
2025-11-07 09:25:17.554219,Nairobi,96,16.227,72.055
2025-11-07 10:25:17.554219,Nairobi,92,16.659,47.686
2025-11-07 11:25:17.554219,Nairobi,65,28.045,55.734
2025-11-07 12:25:17.554219,Nairobi,117,30.67,70.984
2025-11-07 13:25:17.554219,Nairobi,94,6.49,49.185
2025-11-07 14:25:17.554219,Nairobi,85,22.121,83.339
2025-11-07 15:25:17.554219,Nairobi,87,36.07,50.893
2025-11-07 16:25:17.554219,Nairobi,144,24.886,32.427
2025-11-07 17:25:17.554219,Nairobi,92,32.794,85.946
2025-11-07 18:25:17.554219,Nairobi,122,22.698,35.05
2025-11-07 19:25:17.554219,Nairobi,103,31.82,36.552
2025-11-07 20:25:17.554219,Nairobi,116,7.389,66.851
2025-11-07 21:25:17.554219,Nairobi,104,19.465,77.502
2025-11-07 22:25:17.554219,Nairobi,104,29.167,72.768
2025-11-07 23:25:17.554219,Nairobi,89,27.619,54.559
2025-11-08 00:25:17.554219,Nairobi,75,33.163,42.096
2025-11-08 01:25:17.554219,Nairobi,157,19.019,82.277
2025-11-08 02:25:17.554219,Nairobi,80,30.375,72.611
2025-11-08 03:25:17.554219,Nairobi,72,22.817,85.056
2025-11-08 04:25:17.554219,Nairobi,150,30.646,80.474
2025-11-08 05:25:17.554219,Nairobi,141,23.622,53.203
2025-11-08 06:25:17.554219,Nairobi,150,29.937,82.09
2025-11-08 07:25:17.554219,Nairobi,91,21.622,56.125
2025-11-08 08:25:17.554219,Nairobi,136,26.21,83.491
2025-11-08 09:25:17.554219,Nairobi,63,33.051,36.25
2025-11-08 10:25:17.554219,Nairobi,139,33.266,89.379
2025-11-08 11:25:17.554219,Nairobi,109,30.964,61.764
2025-11-08 12:25:17.554219,Nairobi,129,34.372,54.161
2025-11-08 13:25:17.554219,Nairobi,140,20.147,64.944
2025-11-08 14:25:17.554219,Nairobi,88,32.393,84.522
2025-11-08 15:25:17.554219,Nairobi,140,14.521,71.087
2025-11-08 16:25:17.554219,Nairobi,121,19.93,27.621
2025-11-08 17:25:17.554219,Nairobi,155,9.548,28.457
2025-11-08 18:25:17.554219,Nairobi,117,7.738,26.246
2025-11-08 19:25:17.554219,Nairobi,86,30.838,56.804
2025-11-08 20:25:17.554219,Nairobi,101,32.073,45.452
2025-11-08 21:25:17.554219,Nairobi,139,16.291,60.589
2025-11-08 22:25:17.554219,Nairobi,104,21.345,85.757
2025-11-08 23:25:17.554219,Nairobi,53,37.985,62.905
2025-11-09 00:25:17.554219,Nairobi,82,25.322,65.774
2025-11-09 01:25:17.554219,Nairobi,115,21.079,40.884
2025-11-09 02:25:17.554219,Nairobi,130,20.748,61.081
2025-11-09 03:25:17.554219,Nairobi,98,22.591,52.562
2025-11-09 04:25:17.554219,Nairobi,144,9.272,74.357
2025-11-09 05:25:17.554219,Nairobi,132,29.885,35.215
2025-11-09 06:25:17.554219,Nairobi,78,9.231,67.356
2025-11-09 07:25:17.554219,Nairobi,125,26.737,77.628
2025-11-09 08:25:17.554219,Nairobi,124,33.792,53.084
2025-11-09 09:25:17.554219,Nairobi,111,16.399,53.511
2025-11-09 10:25:17.554219,Nairobi,76,5.803,59.729
2025-11-09 11:25:17.554219,Nairobi,94,35.186,52.134
2025-11-09 12:25:17.554219,Nairobi,98,37.9,43.999
2025-11-09 13:25:17.554219,Nairobi,152,35.832,79.215
2025-11-09 14:25:17.554219,Nairobi,135,10.149,53.009
2025-11-09 15:25:17.554219,Nairobi,91,36.819,75.71
2025-11-09 16:25:17.554219,Nairobi,93,35.708,28.891
2025-11-09 17:25:17.554219,Nairobi,70,21.699,29.565
2025-11-09 18:25:17.554219,Nairobi,100,6.424,32.872
2025-11-09 19:25:17.554219,Nairobi,125,27.759,47.408
2025-11-09 20:25:17.554219,Nairobi,86,20.03,59.758
2025-11-09 21:25:17.554219,Nairobi,103,20.383,87.809
2025-11-09 22:25:17.554219,Nairobi,90,34.508,30.553
2025-11-09 23:25:17.554219,Nairobi,108,17.832,32.115
2025-11-10 00:25:17.554219,Nairobi,68,11.724,57.733
2025-11-10 01:25:17.554219,Nairobi,113,26.534,49.049
2025-11-10 02:25:17.554219,Nairobi,88,11.349,40.037
2025-11-10 03:25:17.554219,Nairobi,87,32.002,31.303
2025-11-10 04:25:17.554219,Nairobi,82,17.154,57.59
2025-11-10 05:25:17.554219,Nairobi,118,19.11,28.392
2025-11-10 06:25:17.554219,Nairobi,95,34.201,78.792
2025-11-10 07:25:17.554219,Nairobi,73,21.047,43.691
2025-11-10 08:25:17.554219,Nairobi,87,31.566,30.597
2025-11-10 09:25:17.554219,Nairobi,111,37.762,39.73
2025-11-10 10:25:17.554219,Nairobi,106,8.107,56.91
2025-11-10 11:25:17.554219,Nairobi,127,29.09,38.234
2025-11-10 12:25:17.554219,Nairobi,114,27.898,27.839
2025-11-10 13:25:17.554219,Nairobi,116,15.537,28.317
2025-11-10 14:25:17.554219,Nairobi,96,18.504,25.015
2025-11-10 15:25:17.554219,Nairobi,94,29.073,36.335
2025-11-10 16:25:17.554219,Nairobi,131,29.482,47.472
2025-11-10 17:25:17.554219,Nairobi,77,7.363,61.93
2025-11-10 18:25:17.554219,Nairobi,123,24.559,51.92
2025-11-10 19:25:17.554219,Nairobi,77,30.35,30.414
2025-11-10 20:25:17.554219,Nairobi,122,37.109,34.094
2025-11-10 21:25:17.554219,Nairobi,94,24.793,87.161
2025-11-10 22:25:17.554219,Nairobi,122,6.928,85.6
2025-11-10 23:25:17.554219,Nairobi,104,16.432,69.409
2025-11-11 00:25:17.554219,Nairobi,139,10.301,51.567
2025-11-11 01:25:17.554219,Nairobi,101,10.032,45.755
2025-11-11 02:25:17.554219,Nairobi,67,28.014,45.537
2025-11-11 03:25:17.554219,Nairobi,93,26.374,56.539
2025-11-11 04:25:17.554219,Nairobi,100,18.451,28.843
2025-11-11 05:25:17.554219,Nairobi,122,6.483,49.595
2025-11-11 06:25:17.554219,Nairobi,66,30.886,30.876
2025-11-11 07:25:17.554219,Nairobi,70,32.856,75.833
2025-11-11 08:25:17.554219,Nairobi,46,15.35,73.485
2025-11-11 09:25:17.554219,Nairobi,86,9.974,70.592
2025-11-11 10:25:17.554219,Nairobi,67,29.292,58.836
2025-11-11 11:25:17.554219,Nairobi,109,18.527,85.516
2025-11-11 12:25:17.554219,Nairobi,95,34.654,74.289
2025-11-11 13:25:17.554219,Nairobi,172,33.181,66.693
2025-11-11 14:25:17.554219,Nairobi,112,26.059,67.064
2025-11-11 15:25:17.554219,Nairobi,113,35.53,41.131
2025-11-11 16:25:17.554219,Nairobi,64,14.946,79.413
2025-11-11 17:25:17.554219,Nairobi,106,34.188,86.04
2025-11-11 18:25:17.554219,Nairobi,84,16.941,41.844
2025-11-11 19:25:17.554219,Nairobi,67,12.592,69.716
2025-11-11 20:25:17.554219,Nairobi,120,30.885,71.949
2025-11-11 21:25:17.554219,Nairobi,73,5.161,86.977
2025-11-11 22:25:17.554219,Nairobi,136,25.948,25.856
2025-11-11 23:25:17.554219,Nairobi,74,6.264,69.405
2025-11-12 00:25:17.554219,Nairobi,110,23.736,37.965
2025-11-12 01:25:17.554219,Nairobi,74,15.117,52.465
2025-11-12 02:25:17.554219,Nairobi,80,12.163,52.399
2025-11-12 03:25:17.554219,Nairobi,77,7.947,61.212
2025-11-12 04:25:17.554219,Nairobi,92,30.21,49.184
2025-11-12 05:25:17.554219,Nairobi,101,33.132,34.443
2025-11-12 06:25:17.554219,Nairobi,132,32.569,61.224
2025-11-12 07:25:17.554219,Nairobi,122,35.147,31.235
2025-11-12 08:25:17.554219,Nairobi,113,12.03,50.465
2025-11-12 09:25:17.554219,Nairobi,155,16.429,84.798
2025-11-12 10:25:17.554219,Nairobi,96,15.284,88.483
2025-11-12 11:25:17.554219,Nairobi,101,7.638,88.097
2025-11-12 12:25:17.554219,Nairobi,108,8.018,32.982
2025-11-12 13:25:17.554219,Nairobi,104,23.331,84.97
2025-11-12 14:25:17.554219,Nairobi,106,22.748,29.393
2025-11-12 15:25:17.554219,Nairobi,118,17.081,27.832
2025-11-12 16:25:17.554219,Nairobi,130,32.321,72.671
2025-11-12 17:25:17.554219,Nairobi,79,16.579,73.654
2025-11-12 18:25:17.554219,Nairobi,106,9.966,68.227
2025-11-12 19:25:17.554219,Nairobi,94,21.955,27.08
2025-11-12 20:25:17.554219,Nairobi,123,29.505,73.153
2025-11-12 21:25:17.554219,Nairobi,114,10.905,43.443
2025-11-12 22:25:17.554219,Nairobi,95,7.51,51.979
2025-11-12 23:25:17.554219,Nairobi,58,32.426,61.011
2025-11-13 00:25:17.554219,Nairobi,91,13.665,52.179
2025-11-13 01:25:17.554219,Nairobi,114,25.007,56.218
2025-11-13 02:25:17.554219,Nairobi,130,32.149,81.616
2025-11-13 03:25:17.554219,Nairobi,104,21.785,85.043
2025-11-13 04:25:17.554219,Nairobi,118,21.954,87.441
2025-11-13 05:25:17.554219,Nairobi,106,18.477,63.607
2025-11-13 06:25:17.554219,Nairobi,161,8.665,89.39
2025-11-13 07:25:17.554219,Nairobi,118,15.496,32.201
2025-11-13 08:25:17.554219,Nairobi,128,27.978,35.696
2025-11-13 09:25:17.554219,Nairobi,147,36.961,34.191
2025-11-13 10:25:17.554219,Nairobi,99,30.287,85.902
2025-11-13 11:25:17.554219,Nairobi,156,11.181,44.693
2025-11-13 12:25:17.554219,Nairobi,124,35.637,83.599
2025-11-13 13:25:17.554219,Nairobi,64,26.871,30.689
2025-11-13 14:25:17.554219,Nairobi,74,32.439,67.151
2025-11-13 15:25:17.554219,Nairobi,71,24.551,34.093
2025-11-13 16:25:17.554219,Nairobi,61,33.602,79.025
2025-11-13 17:25:17.554219,Nairobi,138,30.217,79.606
2025-11-13 18:25:17.554219,Nairobi,147,32.532,73.017
2025-11-13 19:25:17.554219,Nairobi,73,12.258,28.41
2025-11-13 20:25:17.554219,Nairobi,123,13.292,88.948
2025-11-13 21:25:17.554219,Nairobi,145,27.855,54.341
2025-11-13 22:25:17.554219,Nairobi,138,36.534,40.572
2025-11-13 23:25:17.554219,Nairobi,132,16.197,70.199
2025-11-14 00:25:17.554219,Nairobi,88,31.93,84.383
2025-11-14 01:25:17.554219,Nairobi,122,26.648,27.15
2025-11-14 02:25:17.554219,Nairobi,101,24.547,55.493
2025-11-14 03:25:17.554219,Nairobi,72,7.237,71.713
2025-11-14 04:25:17.554219,Nairobi,79,15.87,33.241
2025-11-14 05:25:17.554219,Nairobi,82,19.37,39.295
2025-11-14 06:25:17.554219,Nairobi,87,30.68,49.953
2025-11-14 07:25:17.554219,Nairobi,76,34.303,28.267
2025-11-14 08:25:17.554219,Nairobi,117,37.93,84.846
2025-11-14 09:25:17.554219,Nairobi,103,20.802,29.238
2025-11-14 10:25:17.554219,Nairobi,99,27.266,53.873
2025-11-14 11:25:17.554219,Nairobi,107,6.235,84.738
2025-11-14 12:25:17.554219,Nairobi,124,14.121,77.008
2025-11-14 13:25:17.554219,Nairobi,77,5.187,83.374
2025-11-14 14:25:17.554219,Nairobi,137,25.929,82.95
2025-11-14 15:25:17.554219,Nairobi,101,16.873,39.98
2025-11-14 16:25:17.554219,Nairobi,140,5.164,61.144
2025-11-14 17:25:17.554219,Nairobi,156,5.643,35.239
2025-11-14 18:25:17.554219,Nairobi,84,22.08,74.275
2025-11-14 19:25:17.554219,Nairobi,110,17.631,71.606
2025-11-14 20:25:17.554219,Nairobi,129,33,33.937
2025-11-14 21:25:17.554219,Nairobi,82,14.923,78.037
2025-11-14 22:25:17.554219,Nairobi,129,10.692,70.994
2025-11-14 23:25:17.554219,Nairobi,102,34.548,37.798
2025-11-15 00:25:17.554219,Nairobi,124,25.512,84.348
2025-11-15 01:25:17.554219,Nairobi,83,33.378,67.287
2025-11-15 02:25:17.554219,Nairobi,107,7.899,86.641
2025-11-15 03:25:17.554219,Nairobi,60,18,70.142
2025-11-15 04:25:17.554219,Nairobi,132,5.689,34.139
2025-11-15 05:25:17.554219,Nairobi,88,30.997,65.154
2025-11-15 06:25:17.554219,Nairobi,101,18.771,60.467
2025-11-15 07:25:17.554219,Nairobi,95,17.237,54.18
2025-11-15 08:25:17.554219,Nairobi,62,25.042,32.929
2025-11-15 09:25:17.554219,Nairobi,113,35.748,87.542
2025-11-15 10:25:17.554219,Nairobi,91,14.856,35.985
2025-11-15 11:25:17.554219,Nairobi,106,24.018,63.448
2025-11-15 12:25:17.554219,Nairobi,72,34.683,42.075
2025-11-15 13:25:17.554219,Nairobi,46,5.217,63.632
2025-11-15 14:25:17.554219,Nairobi,92,15.661,61.78
2025-11-15 15:25:17.554219,Nairobi,117,5.779,63.001
2025-11-15 16:25:17.554219,Nairobi,90,19.207,86.324
2025-11-15 17:25:17.554219,Nairobi,114,36.938,74.705
2025-11-15 18:25:17.554219,Nairobi,104,20.306,74.483
2025-11-15 19:25:17.554219,Nairobi,93,27.283,50.155
2025-11-15 20:25:17.554219,Nairobi,99,8.471,28.008
2025-11-15 21:25:17.554219,Nairobi,138,30.667,48.452
2025-11-15 22:25:17.554219,Nairobi,115,26.221,59.492
2025-11-15 23:25:17.554219,Nairobi,132,37.643,37.276
2025-11-16 00:25:17.554219,Nairobi,139,15.075,49.364
2025-11-16 01:25:17.554219,Nairobi,136,5.587,51.827
2025-11-16 02:25:17.554219,Nairobi,111,7.664,52.704
2025-11-16 03:25:17.554219,Nairobi,90,8.067,49.318
2025-11-16 04:25:17.554219,Nairobi,81,13.792,51.298
2025-11-16 05:25:17.554219,Nairobi,131,25.171,25.506
2025-11-16 06:25:17.554219,Nairobi,128,26.917,84.502
2025-11-16 07:25:17.554219,Nairobi,133,26.653,65.651
2025-11-16 08:25:17.554219,Nairobi,95,29.841,84.681
2025-11-16 09:25:17.554219,Nairobi,102,22.731,45.29
2025-11-16 10:25:17.554219,Nairobi,111,37.974,87.563
2025-11-16 11:25:17.554219,Nairobi,162,19.601,57.598
2025-11-16 12:25:17.554219,Nairobi,148,37.181,81.622
2025-11-16 13:25:17.554219,Nairobi,73,11.477,71.803
2025-11-16 14:25:17.554219,Nairobi,83,37.432,58.186
2025-11-16 15:25:17.554219,Nairobi,124,5.719,37.406
2025-11-16 16:25:17.554219,Nairobi,129,5.798,29.163
2025-11-16 17:25:17.554219,Nairobi,101,29.346,42.993
2025-11-16 18:25:17.554219,Nairobi,163,21.206,30.659
2025-11-16 19:25:17.554219,Nairobi,117,27.473,62.94
2025-11-16 20:25:17.554219,Nairobi,79,9.947,46.639
2025-11-16 21:25:17.554219,Nairobi,105,37.686,25.096
2025-11-16 22:25:17.554219,Nairobi,93,5.877,28.585
2025-11-16 23:25:17.554219,Nairobi,112,14.722,81.962
2025-11-17 00:25:17.554219,Nairobi,105,30.559,89.863
2025-11-17 01:25:17.554219,Nairobi,99,8.848,33.865
2025-11-17 02:25:17.554219,Nairobi,118,16.183,43.258
2025-11-17 03:25:17.554219,Nairobi,82,9.248,61.617
2025-11-17 04:25:17.554219,Nairobi,98,7.439,87.778
2025-11-17 05:25:17.554219,Nairobi,77,28.54,71.89
2025-11-17 06:25:17.554219,Nairobi,97,22.497,61.831
2025-11-17 07:25:17.554219,Nairobi,102,14.103,34.882
2025-11-17 08:25:17.554219,Nairobi,150,19.523,74.313
2025-11-17 09:25:17.554219,Nairobi,106,32.946,44.596
2025-11-17 10:25:17.554219,Nairobi,103,5.678,73.153
2025-11-17 11:25:17.554219,Nairobi,162,22.571,30.513
2025-11-17 12:25:17.554219,Nairobi,114,14.124,50.07
2025-11-17 13:25:17.554219,Nairobi,127,7.535,44.022
2025-11-17 14:25:17.554219,Nairobi,121,30.196,48.376
2025-11-17 15:25:17.554219,Nairobi,123,35.363,85.762
2025-11-17 16:25:17.554219,Nairobi,128,33.131,51.818
2025-11-17 17:25:17.554219,Nairobi,149,11.024,79.407
2025-11-17 18:25:17.554219,Nairobi,67,37.916,38.975
2025-11-17 19:25:17.554219,Nairobi,94,19.981,54.833
2025-11-17 20:25:17.554219,Nairobi,125,37.497,66.888
2025-11-17 21:25:17.554219,Nairobi,102,34.838,62.107
2025-11-17 22:25:17.554219,Nairobi,85,29.716,85.883
2025-11-17 23:25:17.554219,Nairobi,124,31.813,86.63
2025-11-18 00:25:17.554219,Nairobi,90,13.775,51.864
2025-11-18 01:25:17.554219,Nairobi,77,32.602,49.168
2025-11-18 02:25:17.554219,Nairobi,82,27.374,77.551
2025-11-18 03:25:17.554219,Nairobi,140,9.084,26.02
2025-11-18 04:25:17.554219,Nairobi,101,35.631,48.998
2025-11-18 05:25:17.554219,Nairobi,113,27.392,63.769
2025-11-18 06:25:17.554219,Nairobi,125,33.223,73.339
2025-11-18 07:25:17.554219,Nairobi,133,26.774,28.07
2025-11-18 08:25:17.554219,Nairobi,124,25.431,43.014
2025-11-18 09:25:17.554219,Nairobi,123,23.848,56.349
2025-11-18 10:25:17.554219,Nairobi,77,32.363,70.38
2025-11-18 11:25:17.554219,Nairobi,66,18.511,75.317
2025-11-18 12:25:17.554219,Nairobi,131,28.046,60.776
2025-11-18 13:25:17.554219,Nairobi,111,27.534,83.564
2025-11-18 14:25:17.554219,Nairobi,94,18.898,68.806
2025-11-18 15:25:17.554219,Nairobi,123,13.715,48.998
2025-11-18 16:25:17.554219,Nairobi,126,26.954,29.078
2025-11-18 17:25:17.554219,Nairobi,55,8.132,37.208
2025-11-18 18:25:17.554219,Nairobi,95,27.157,49.491
2025-11-18 19:25:17.554219,Nairobi,103,25.286,48.45
2025-11-18 20:25:17.554219,Nairobi,96,37.798,57.087
2025-11-18 21:25:17.554219,Nairobi,115,33.581,46.367
2025-11-18 22:25:17.554219,Nairobi,121,28.768,71.857
2025-11-18 23:25:17.554219,Nairobi,107,18.724,49.194
2025-11-19 00:25:17.554219,Nairobi,70,37.278,33.134
2025-11-19 01:25:17.554219,Nairobi,94,9.708,83.893
2025-11-19 02:25:17.554219,Nairobi,80,16.263,56.793
2025-11-19 03:25:17.554219,Nairobi,84,17.369,59.969
2025-11-19 04:25:17.554219,Nairobi,145,10.842,69.297
2025-11-19 05:25:17.554219,Nairobi,123,37.661,45.087
2025-11-19 06:25:17.554219,Nairobi,72,18.894,56.281
2025-11-19 07:25:17.554219,Nairobi,142,31.098,42.31
2025-11-19 08:25:17.554219,Nairobi,86,29.664,86.958
2025-11-19 09:25:17.554219,Nairobi,127,31.382,66.06
2025-11-19 10:25:17.554219,Nairobi,112,31.763,44.512
2025-11-19 11:25:17.554219,Nairobi,104,11.034,77.156
2025-11-19 12:25:17.554219,Nairobi,92,29.78,56.742
2025-11-19 13:25:17.554219,Nairobi,96,14.644,80.888
2025-11-19 14:25:17.554219,Nairobi,113,14.202,85.712
2025-11-19 15:25:17.554219,Nairobi,97,33.706,44.697
2025-11-19 16:25:17.554219,Nairobi,79,28.035,42.146
2025-11-19 17:25:17.554219,Nairobi,83,18.872,55.241
2025-11-04 18:25:17.554219,Lagos,76,18.712,26.583
2025-11-04 19:25:17.554219,Lagos,137,30.084,40.223
2025-11-04 20:25:17.554219,Lagos,119,18.979,45.601
2025-11-04 21:25:17.554219,Lagos,109,34.855,67.706
2025-11-04 22:25:17.554219,Lagos,112,22.843,89.299
2025-11-04 23:25:17.554219,Lagos,75,7.715,80.636
2025-11-05 00:25:17.554219,Lagos,121,11.744,34.801
2025-11-05 01:25:17.554219,Lagos,87,36.301,75.364
2025-11-05 02:25:17.554219,Lagos,122,10.211,55.769
2025-11-05 03:25:17.554219,Lagos,116,13.861,67.153
2025-11-05 04:25:17.554219,Lagos,89,8.837,50.231
2025-11-05 05:25:17.554219,Lagos,81,30.231,41.902
2025-11-05 06:25:17.554219,Lagos,126,33.599,75.407
2025-11-05 07:25:17.554219,Lagos,137,31.828,50.022
2025-11-05 08:25:17.554219,Lagos,143,14.734,53.436
2025-11-05 09:25:17.554219,Lagos,86,12.341,87.862
2025-11-05 10:25:17.554219,Lagos,92,21.589,54.819
2025-11-05 11:25:17.554219,Lagos,131,33.532,46.289
2025-11-05 12:25:17.554219,Lagos,97,8.814,63.618
2025-11-05 13:25:17.554219,Lagos,132,15.327,74.138
2025-11-05 14:25:17.554219,Lagos,117,35.418,45.955
2025-11-05 15:25:17.554219,Lagos,82,28.107,52.881
2025-11-05 16:25:17.554219,Lagos,98,18.003,47.909
2025-11-05 17:25:17.554219,Lagos,105,34.423,28.344
2025-11-05 18:25:17.554219,Lagos,159,6.237,71.959
2025-11-05 19:25:17.554219,Lagos,90,27.059,53.104
2025-11-05 20:25:17.554219,Lagos,122,27.621,37.076
2025-11-05 21:25:17.554219,Lagos,129,31.554,38.047
2025-11-05 22:25:17.554219,Lagos,103,8.708,57.503
2025-11-05 23:25:17.554219,Lagos,77,6.626,35.773
2025-11-06 00:25:17.554219,Lagos,71,22.662,61.037
2025-11-06 01:25:17.554219,Lagos,116,5.812,61.557
2025-11-06 02:25:17.554219,Lagos,75,34.181,47.367
2025-11-06 03:25:17.554219,Lagos,76,10.93,49.511
2025-11-06 04:25:17.554219,Lagos,136,37.425,38.14
2025-11-06 05:25:17.554219,Lagos,129,9.827,88.4
2025-11-06 06:25:17.554219,Lagos,163,11.741,89.111
2025-11-06 07:25:17.554219,Lagos,153,8.684,53.241
2025-11-06 08:25:17.554219,Lagos,69,19.227,53.073
2025-11-06 09:25:17.554219,Lagos,141,17.05,46.493
2025-11-06 10:25:17.554219,Lagos,116,8.811,66.139
2025-11-06 11:25:17.554219,Lagos,74,7.032,77.368
2025-11-06 12:25:17.554219,Lagos,52,28.986,47.535
2025-11-06 13:25:17.554219,Lagos,85,26.535,84.274
2025-11-06 14:25:17.554219,Lagos,87,5.211,28.456
2025-11-06 15:25:17.554219,Lagos,113,14.853,44.497
2025-11-06 16:25:17.554219,Lagos,121,16.654,89.447
2025-11-06 17:25:17.554219,Lagos,162,13.055,36.309
2025-11-06 18:25:17.554219,Lagos,67,28.593,82.828
2025-11-06 19:25:17.554219,Lagos,98,20.392,88.602
2025-11-06 20:25:17.554219,Lagos,114,20.845,82.202
2025-11-06 21:25:17.554219,Lagos,98,5.22,51.911
2025-11-06 22:25:17.554219,Lagos,94,26.966,56.884
2025-11-06 23:25:17.554219,Lagos,70,14.803,46.633
2025-11-07 00:25:17.554219,Lagos,90,32.125,68
2025-11-07 01:25:17.554219,Lagos,101,6.69,37.542
2025-11-07 02:25:17.554219,Lagos,122,35.074,77.208
2025-11-07 03:25:17.554219,Lagos,168,27.662,55.103
2025-11-07 04:25:17.554219,Lagos,86,5.137,59.995
2025-11-07 05:25:17.554219,Lagos,116,6.491,50.626
2025-11-07 06:25:17.554219,Lagos,76,35.406,85.807
2025-11-07 07:25:17.554219,Lagos,106,5.797,41.897
2025-11-07 08:25:17.554219,Lagos,86,35.024,56.339
2025-11-07 09:25:17.554219,Lagos,78,36.932,26.083
2025-11-07 10:25:17.554219,Lagos,88,19.362,82.498
2025-11-07 11:25:17.554219,Lagos,105,24.115,77.415
2025-11-07 12:25:17.554219,Lagos,144,25.33,72.217
2025-11-07 13:25:17.554219,Lagos,124,21.035,43.879
2025-11-07 14:25:17.554219,Lagos,139,24.847,59.251
2025-11-07 15:25:17.554219,Lagos,136,8.954,31.075
2025-11-07 16:25:17.554219,Lagos,72,33.783,81.89
2025-11-07 17:25:17.554219,Lagos,127,19.792,75.653
2025-11-07 18:25:17.554219,Lagos,131,30.591,39.271
2025-11-07 19:25:17.554219,Lagos,151,29.495,44.438
2025-11-07 20:25:17.554219,Lagos,73,16.579,43.198
2025-11-07 21:25:17.554219,Lagos,81,24.543,58.63
2025-11-07 22:25:17.554219,Lagos,108,32.228,27.642
2025-11-07 23:25:17.554219,Lagos,102,9.043,73.939
2025-11-08 00:25:17.554219,Lagos,78,19.603,59.355
2025-11-08 01:25:17.554219,Lagos,136,28.478,35.429
2025-11-08 02:25:17.554219,Lagos,171,7.507,26.666
2025-11-08 03:25:17.554219,Lagos,122,21.228,37.97
2025-11-08 04:25:17.554219,Lagos,82,16.75,53.162
2025-11-08 05:25:17.554219,Lagos,129,9.397,80.501
2025-11-08 06:25:17.554219,Lagos,105,15.259,52.271
2025-11-08 07:25:17.554219,Lagos,94,33.836,84.663
2025-11-08 08:25:17.554219,Lagos,94,31.319,53.454
2025-11-08 09:25:17.554219,Lagos,104,7.166,42.583
2025-11-08 10:25:17.554219,Lagos,126,6.06,38.235
2025-11-08 11:25:17.554219,Lagos,130,6.192,25.242
2025-11-08 12:25:17.554219,Lagos,96,26.348,35.693
2025-11-08 13:25:17.554219,Lagos,86,31.001,86.03
2025-11-08 14:25:17.554219,Lagos,95,18.543,60.421
2025-11-08 15:25:17.554219,Lagos,138,10.166,50.087
2025-11-08 16:25:17.554219,Lagos,95,11.045,86.85
2025-11-08 17:25:17.554219,Lagos,88,18.393,76.642
2025-11-08 18:25:17.554219,Lagos,114,37.201,25.599
2025-11-08 19:25:17.554219,Lagos,97,10.953,80.256
2025-11-08 20:25:17.554219,Lagos,117,12.996,72.872
2025-11-08 21:25:17.554219,Lagos,107,22.746,30.253
2025-11-08 22:25:17.554219,Lagos,91,6.754,82.858
2025-11-08 23:25:17.554219,Lagos,115,24.302,41.439
2025-11-09 00:25:17.554219,Lagos,157,23.026,58.523
2025-11-09 01:25:17.554219,Lagos,110,6.584,49.133
2025-11-09 02:25:17.554219,Lagos,85,9.55,29.159
2025-11-09 03:25:17.554219,Lagos,78,32.475,26.234
2025-11-09 04:25:17.554219,Lagos,92,14.965,55.383
2025-11-09 05:25:17.554219,Lagos,82,19.276,65.859
2025-11-09 06:25:17.554219,Lagos,95,23.82,44.981
2025-11-09 07:25:17.554219,Lagos,121,7.682,25.871
2025-11-09 08:25:17.554219,Lagos,108,29.569,56.036
2025-11-09 09:25:17.554219,Lagos,129,11.578,38.37
2025-11-09 10:25:17.554219,Lagos,131,16.766,67.167
2025-11-09 11:25:17.554219,Lagos,107,11.163,76.486
2025-11-09 12:25:17.554219,Lagos,106,13.992,82.355
2025-11-09 13:25:17.554219,Lagos,84,22.074,69.711
2025-11-09 14:25:17.554219,Lagos,119,24.13,51.164
2025-11-09 15:25:17.554219,Lagos,156,14.747,25.34
2025-11-09 16:25:17.554219,Lagos,114,14.49,33.626
2025-11-09 17:25:17.554219,Lagos,104,31.063,75.925
2025-11-09 18:25:17.554219,Lagos,124,33.896,58.372
2025-11-09 19:25:17.554219,Lagos,151,32.965,48.581
2025-11-09 20:25:17.554219,Lagos,118,15.076,31.616
2025-11-09 21:25:17.554219,Lagos,116,12.224,38.046
2025-11-09 22:25:17.554219,Lagos,95,6.014,79.167
2025-11-09 23:25:17.554219,Lagos,118,15.343,74.238
2025-11-10 00:25:17.554219,Lagos,114,31.354,68.518
2025-11-10 01:25:17.554219,Lagos,155,11.505,41.015
2025-11-10 02:25:17.554219,Lagos,97,36.102,37.999
2025-11-10 03:25:17.554219,Lagos,154,7.64,29.141
2025-11-10 04:25:17.554219,Lagos,100,12.947,30.938
2025-11-10 05:25:17.554219,Lagos,96,19.084,70.491
2025-11-10 06:25:17.554219,Lagos,136,36.721,67.453
2025-11-10 07:25:17.554219,Lagos,104,21.576,87.359
2025-11-10 08:25:17.554219,Lagos,108,21.246,56.389
2025-11-10 09:25:17.554219,Lagos,83,15.561,73.632
2025-11-10 10:25:17.554219,Lagos,115,23.398,28.507
2025-11-10 11:25:17.554219,Lagos,86,20.965,37.991
2025-11-10 12:25:17.554219,Lagos,98,32.571,25.168
2025-11-10 13:25:17.554219,Lagos,78,11.349,40.11
2025-11-10 14:25:17.554219,Lagos,149,19.707,56.253
2025-11-10 15:25:17.554219,Lagos,117,14.608,76.656
2025-11-10 16:25:17.554219,Lagos,100,17.73,69.188
2025-11-10 17:25:17.554219,Lagos,69,9.567,28.761
2025-11-10 18:25:17.554219,Lagos,101,26.334,41.747
2025-11-10 19:25:17.554219,Lagos,123,5.414,67.567
2025-11-10 20:25:17.554219,Lagos,91,8.252,49.074
2025-11-10 21:25:17.554219,Lagos,126,5.205,84.564
2025-11-10 22:25:17.554219,Lagos,103,31.303,30.852
2025-11-10 23:25:17.554219,Lagos,100,6.345,80.851
2025-11-11 00:25:17.554219,Lagos,125,37.121,69.551
2025-11-11 01:25:17.554219,Lagos,78,31.298,42.101
2025-11-11 02:25:17.554219,Lagos,107,16.059,69.15
2025-11-11 03:25:17.554219,Lagos,153,36.499,68.699
2025-11-11 04:25:17.554219,Lagos,118,32.138,85.29
2025-11-11 05:25:17.554219,Lagos,83,12.778,38.023
2025-11-11 06:25:17.554219,Lagos,131,37.049,41.688
2025-11-11 07:25:17.554219,Lagos,172,14.734,56.095
2025-11-11 08:25:17.554219,Lagos,103,26.246,34.217
2025-11-11 09:25:17.554219,Lagos,54,6.459,51.807
2025-11-11 10:25:17.554219,Lagos,103,36.52,87.268
2025-11-11 11:25:17.554219,Lagos,86,18.007,69.509
2025-11-11 12:25:17.554219,Lagos,76,34.795,82.417
2025-11-11 13:25:17.554219,Lagos,148,27.835,56.969
2025-11-11 14:25:17.554219,Lagos,92,16.591,57.708
2025-11-11 15:25:17.554219,Lagos,144,17.694,27.859
2025-11-11 16:25:17.554219,Lagos,97,13.509,70.756
2025-11-11 17:25:17.554219,Lagos,104,11.689,66.223
2025-11-11 18:25:17.554219,Lagos,136,7.4,79.773
2025-11-11 19:25:17.554219,Lagos,139,33.814,59.122
2025-11-11 20:25:17.554219,Lagos,130,8.651,60.704
2025-11-11 21:25:17.554219,Lagos,94,5.115,56.443
2025-11-11 22:25:17.554219,Lagos,79,28.816,32.942
2025-11-11 23:25:17.554219,Lagos,190,19.945,82.287
2025-11-12 00:25:17.554219,Lagos,87,16.193,29.839
2025-11-12 01:25:17.554219,Lagos,98,33.667,63.197
2025-11-12 02:25:17.554219,Lagos,64,36.28,36.442
2025-11-12 03:25:17.554219,Lagos,108,12.212,52.125
2025-11-12 04:25:17.554219,Lagos,113,37.566,47.872
2025-11-12 05:25:17.554219,Lagos,69,32.097,36.962
2025-11-12 06:25:17.554219,Lagos,116,25.025,89.88
2025-11-12 07:25:17.554219,Lagos,132,22.031,42.833
2025-11-12 08:25:17.554219,Lagos,124,10.799,77.691
2025-11-12 09:25:17.554219,Lagos,87,8.491,83.018
2025-11-12 10:25:17.554219,Lagos,79,13.298,73.461
2025-11-12 11:25:17.554219,Lagos,87,7.367,30.057
2025-11-12 12:25:17.554219,Lagos,94,16.218,59.243
2025-11-12 13:25:17.554219,Lagos,76,19.857,36.444
2025-11-12 14:25:17.554219,Lagos,93,37.096,52.737
2025-11-12 15:25:17.554219,Lagos,98,10.968,51.624
2025-11-12 16:25:17.554219,Lagos,116,6.518,57.311
2025-11-12 17:25:17.554219,Lagos,119,25.397,26.373
2025-11-12 18:25:17.554219,Lagos,112,10.138,57.309
2025-11-12 19:25:17.554219,Lagos,98,35.988,58.641
2025-11-12 20:25:17.554219,Lagos,112,36.895,73.402
2025-11-12 21:25:17.554219,Lagos,144,7.633,52.35
2025-11-12 22:25:17.554219,Lagos,124,13.583,75.454
2025-11-12 23:25:17.554219,Lagos,106,13.361,53.154
2025-11-13 00:25:17.554219,Lagos,128,24.093,81.837
2025-11-13 01:25:17.554219,Lagos,173,18.038,44.637
2025-11-13 02:25:17.554219,Lagos,105,13.563,73.659
2025-11-13 03:25:17.554219,Lagos,124,21.74,85.365
2025-11-13 04:25:17.554219,Lagos,107,36.865,27.833
2025-11-13 05:25:17.554219,Lagos,113,25.598,43.346
2025-11-13 06:25:17.554219,Lagos,86,13.326,67.031
2025-11-13 07:25:17.554219,Lagos,90,34.994,76.471
2025-11-13 08:25:17.554219,Lagos,61,34.784,63.56
2025-11-13 09:25:17.554219,Lagos,44,25.359,30.802
2025-11-13 10:25:17.554219,Lagos,108,21.189,86.69
2025-11-13 11:25:17.554219,Lagos,103,36.72,82.139
2025-11-13 12:25:17.554219,Lagos,117,15.962,37.958
2025-11-13 13:25:17.554219,Lagos,114,8.911,29.992
2025-11-13 14:25:17.554219,Lagos,127,15.325,61.304
2025-11-13 15:25:17.554219,Lagos,98,13.976,87.051
2025-11-13 16:25:17.554219,Lagos,162,36.173,60.232
2025-11-13 17:25:17.554219,Lagos,111,22.2,75.971
2025-11-13 18:25:17.554219,Lagos,114,29.339,30.514
2025-11-13 19:25:17.554219,Lagos,101,37.429,61.458
2025-11-13 20:25:17.554219,Lagos,76,31.457,52.48
2025-11-13 21:25:17.554219,Lagos,156,15.996,62.122
2025-11-13 22:25:17.554219,Lagos,104,24.265,59.819
2025-11-13 23:25:17.554219,Lagos,155,25.366,28.687
2025-11-14 00:25:17.554219,Lagos,110,29.331,25.683
2025-11-14 01:25:17.554219,Lagos,117,5.938,65.349
2025-11-14 02:25:17.554219,Lagos,120,36.308,78.355
2025-11-14 03:25:17.554219,Lagos,83,37.889,61.448
2025-11-14 04:25:17.554219,Lagos,96,30.322,51.316
2025-11-14 05:25:17.554219,Lagos,86,14.198,47.318
2025-11-14 06:25:17.554219,Lagos,128,33.18,26.038
2025-11-14 07:25:17.554219,Lagos,76,35.509,55.696
2025-11-14 08:25:17.554219,Lagos,81,6.589,71.822
2025-11-14 09:25:17.554219,Lagos,95,19.294,29.852
2025-11-14 10:25:17.554219,Lagos,82,21.018,50.397
2025-11-14 11:25:17.554219,Lagos,101,23.603,30.906
2025-11-14 12:25:17.554219,Lagos,94,26.54,28.637
2025-11-14 13:25:17.554219,Lagos,96,29.722,27.209
2025-11-14 14:25:17.554219,Lagos,91,27.979,53.716
2025-11-14 15:25:17.554219,Lagos,103,18.398,74.6
2025-11-14 16:25:17.554219,Lagos,118,8.236,74.992
2025-11-14 17:25:17.554219,Lagos,149,22.29,58.103
2025-11-14 18:25:17.554219,Lagos,107,21.591,47.309
2025-11-14 19:25:17.554219,Lagos,130,33.685,25.411
2025-11-14 20:25:17.554219,Lagos,76,30.781,64.007
2025-11-14 21:25:17.554219,Lagos,77,22.006,49.078
2025-11-14 22:25:17.554219,Lagos,117,16.876,44.767
2025-11-14 23:25:17.554219,Lagos,72,5.971,83.604
2025-11-15 00:25:17.554219,Lagos,121,33.138,80.841
2025-11-15 01:25:17.554219,Lagos,78,15.682,78.61
2025-11-15 02:25:17.554219,Lagos,127,15.485,41.084
2025-11-15 03:25:17.554219,Lagos,133,35.124,82.121
2025-11-15 04:25:17.554219,Lagos,116,16.621,42.478
2025-11-15 05:25:17.554219,Lagos,89,26.161,61.249
2025-11-15 06:25:17.554219,Lagos,64,20.37,82.706
2025-11-15 07:25:17.554219,Lagos,163,17.062,77.061
2025-11-15 08:25:17.554219,Lagos,80,31.916,87.981
2025-11-15 09:25:17.554219,Lagos,97,36.27,65.582
2025-11-15 10:25:17.554219,Lagos,100,30.148,67.478
2025-11-15 11:25:17.554219,Lagos,119,19.257,62.914
2025-11-15 12:25:17.554219,Lagos,133,22.617,72.342
2025-11-15 13:25:17.554219,Lagos,75,19.835,75.898
2025-11-15 14:25:17.554219,Lagos,139,23.095,28.369
2025-11-15 15:25:17.554219,Lagos,98,33.144,58.642
2025-11-15 16:25:17.554219,Lagos,123,11.076,37.968
2025-11-15 17:25:17.554219,Lagos,81,35.325,84.212
2025-11-15 18:25:17.554219,Lagos,78,7.38,86.22
2025-11-15 19:25:17.554219,Lagos,103,14.534,60.675
2025-11-15 20:25:17.554219,Lagos,109,35.417,69.018
2025-11-15 21:25:17.554219,Lagos,181,8.663,85.373
2025-11-15 22:25:17.554219,Lagos,95,21.597,64.38
2025-11-15 23:25:17.554219,Lagos,94,6.485,64.239
2025-11-16 00:25:17.554219,Lagos,112,14.806,89.543
2025-11-16 01:25:17.554219,Lagos,108,36.98,34.093
2025-11-16 02:25:17.554219,Lagos,88,30.357,71.145
2025-11-16 03:25:17.554219,Lagos,134,34.035,34.613
2025-11-16 04:25:17.554219,Lagos,136,35.06,42.77
2025-11-16 05:25:17.554219,Lagos,93,23.703,57.667
2025-11-16 06:25:17.554219,Lagos,100,9.218,43.346
2025-11-16 07:25:17.554219,Lagos,154,14.756,86.294
2025-11-16 08:25:17.554219,Lagos,75,20.131,76.854
2025-11-16 09:25:17.554219,Lagos,65,7.913,88.746
2025-11-16 10:25:17.554219,Lagos,86,36.533,72.653
2025-11-16 11:25:17.554219,Lagos,72,28.512,83.219
2025-11-16 12:25:17.554219,Lagos,106,35.552,70.594
2025-11-16 13:25:17.554219,Lagos,95,24.247,48.997
2025-11-16 14:25:17.554219,Lagos,92,17.156,75.05
2025-11-16 15:25:17.554219,Lagos,60,14.688,80.261
2025-11-16 16:25:17.554219,Lagos,132,37.08,38.252
2025-11-16 17:25:17.554219,Lagos,89,22.954,62.26
2025-11-16 18:25:17.554219,Lagos,122,24.405,45.078
2025-11-16 19:25:17.554219,Lagos,142,27.121,66.907
2025-11-16 20:25:17.554219,Lagos,156,37.533,72.31
2025-11-16 21:25:17.554219,Lagos,99,14.15,54.502
2025-11-16 22:25:17.554219,Lagos,101,6.764,35.799
2025-11-16 23:25:17.554219,Lagos,87,28.468,51.398
2025-11-17 00:25:17.554219,Lagos,104,10.401,28.354
2025-11-17 01:25:17.554219,Lagos,125,33.906,37.728
2025-11-17 02:25:17.554219,Lagos,124,9.64,69.135
2025-11-17 03:25:17.554219,Lagos,113,21.535,76.947
2025-11-17 04:25:17.554219,Lagos,93,27.736,49.583
2025-11-17 05:25:17.554219,Lagos,118,16.19,45.91
2025-11-17 06:25:17.554219,Lagos,92,19.595,58.789
2025-11-17 07:25:17.554219,Lagos,131,12.262,73.775
2025-11-17 08:25:17.554219,Lagos,59,37.451,53.581
2025-11-17 09:25:17.554219,Lagos,126,22.335,64.827
2025-11-17 10:25:17.554219,Lagos,113,16.725,78.954
2025-11-17 11:25:17.554219,Lagos,100,5.606,65.432
2025-11-17 12:25:17.554219,Lagos,106,19.149,53.301
2025-11-17 13:25:17.554219,Lagos,113,20.929,50.527
2025-11-17 14:25:17.554219,Lagos,62,23.941,52.517
2025-11-17 15:25:17.554219,Lagos,137,30.036,58.392
2025-11-17 16:25:17.554219,Lagos,101,10.766,85.176
2025-11-17 17:25:17.554219,Lagos,95,11.56,38.981
2025-11-17 18:25:17.554219,Lagos,89,17.204,47.194
2025-11-17 19:25:17.554219,Lagos,115,25.95,52.007
2025-11-17 20:25:17.554219,Lagos,72,34.782,73.287
2025-11-17 21:25:17.554219,Lagos,148,21.001,32.288
2025-11-17 22:25:17.554219,Lagos,128,25.457,80.113
2025-11-17 23:25:17.554219,Lagos,73,10.177,28.382
2025-11-18 00:25:17.554219,Lagos,64,15.503,69.405
2025-11-18 01:25:17.554219,Lagos,126,20.358,71.957
2025-11-18 02:25:17.554219,Lagos,101,23.132,49.471
2025-11-18 03:25:17.554219,Lagos,102,12.211,47.336
2025-11-18 04:25:17.554219,Lagos,85,21.194,69.919
2025-11-18 05:25:17.554219,Lagos,75,36.028,61.959
2025-11-18 06:25:17.554219,Lagos,68,13.559,48.742
2025-11-18 07:25:17.554219,Lagos,95,14.72,57.703
2025-11-18 08:25:17.554219,Lagos,53,6.693,33.798
2025-11-18 09:25:17.554219,Lagos,169,6.659,81.629
2025-11-18 10:25:17.554219,Lagos,105,29.276,50.496
2025-11-18 11:25:17.554219,Lagos,85,28.474,59.089
2025-11-18 12:25:17.554219,Lagos,75,15.7,86.812
2025-11-18 13:25:17.554219,Lagos,95,30.358,33.12
2025-11-18 14:25:17.554219,Lagos,106,22.542,87.371
2025-11-18 15:25:17.554219,Lagos,76,26.346,53.974
2025-11-18 16:25:17.554219,Lagos,64,6.051,30.622
2025-11-18 17:25:17.554219,Lagos,81,10.051,56.64
2025-11-18 18:25:17.554219,Lagos,120,17.499,74.219
2025-11-18 19:25:17.554219,Lagos,132,13.07,58.878
2025-11-18 20:25:17.554219,Lagos,90,7.999,52.854
2025-11-18 21:25:17.554219,Lagos,101,15.851,66.333
2025-11-18 22:25:17.554219,Lagos,109,25.161,85.468
2025-11-18 23:25:17.554219,Lagos,95,31.08,46.045
2025-11-19 00:25:17.554219,Lagos,103,13.462,37.825
2025-11-19 01:25:17.554219,Lagos,138,15.63,27.913
2025-11-19 02:25:17.554219,Lagos,80,26.725,54.271
2025-11-19 03:25:17.554219,Lagos,109,21.134,53.163
2025-11-19 04:25:17.554219,Lagos,158,15.671,38.395
2025-11-19 05:25:17.554219,Lagos,87,23.327,67.973
2025-11-19 06:25:17.554219,Lagos,83,26.171,47.929
2025-11-19 07:25:17.554219,Lagos,114,8.045,54.301
2025-11-19 08:25:17.554219,Lagos,103,28.082,73.493
2025-11-19 09:25:17.554219,Lagos,88,6.501,63.082
2025-11-19 10:25:17.554219,Lagos,108,16.303,61.445
2025-11-19 11:25:17.554219,Lagos,113,30.909,62.452
2025-11-19 12:25:17.554219,Lagos,95,34.171,70.504
2025-11-19 13:25:17.554219,Lagos,161,5.328,64.54
2025-11-19 14:25:17.554219,Lagos,108,9.026,81.417
2025-11-19 15:25:17.554219,Lagos,73,12.874,32.824
2025-11-19 16:25:17.554219,Lagos,110,8.683,44.785
2025-11-19 17:25:17.554219,Lagos,89,13.481,43.317
2025-11-04 18:25:17.554219,Dubai,95,27.329,52.765
2025-11-04 19:25:17.554219,Dubai,118,19.033,73.283
2025-11-04 20:25:17.554219,Dubai,82,18.542,49.311
2025-11-04 21:25:17.554219,Dubai,104,16.117,87.118
2025-11-04 22:25:17.554219,Dubai,142,36.743,69.813
2025-11-04 23:25:17.554219,Dubai,105,34.49,40.297
2025-11-05 00:25:17.554219,Dubai,91,11.719,86.381
2025-11-05 01:25:17.554219,Dubai,107,14.368,37.566
2025-11-05 02:25:17.554219,Dubai,93,19.65,64.524
2025-11-05 03:25:17.554219,Dubai,62,30.674,53.955
2025-11-05 04:25:17.554219,Dubai,87,15.66,82.855
2025-11-05 05:25:17.554219,Dubai,140,35.166,80.078
2025-11-05 06:25:17.554219,Dubai,70,25.146,80.117
2025-11-05 07:25:17.554219,Dubai,114,8.721,39.026
2025-11-05 08:25:17.554219,Dubai,107,30.028,31.775
2025-11-05 09:25:17.554219,Dubai,117,27.591,60.413
2025-11-05 10:25:17.554219,Dubai,90,15.331,41.28
2025-11-05 11:25:17.554219,Dubai,110,33.438,82.051
2025-11-05 12:25:17.554219,Dubai,96,18.312,38.203
2025-11-05 13:25:17.554219,Dubai,131,25.659,49.911
2025-11-05 14:25:17.554219,Dubai,73,16.656,32.169
2025-11-05 15:25:17.554219,Dubai,113,15.315,78.397
2025-11-05 16:25:17.554219,Dubai,85,33.555,83.255
2025-11-05 17:25:17.554219,Dubai,83,31.42,71.949
2025-11-05 18:25:17.554219,Dubai,61,27.115,80.092
2025-11-05 19:25:17.554219,Dubai,72,18.023,43.109
2025-11-05 20:25:17.554219,Dubai,101,22.295,60.11
2025-11-05 21:25:17.554219,Dubai,77,10.008,60.341
2025-11-05 22:25:17.554219,Dubai,128,24.442,58.106
2025-11-05 23:25:17.554219,Dubai,88,33.073,56.552
2025-11-06 00:25:17.554219,Dubai,119,29.9,50.286
2025-11-06 01:25:17.554219,Dubai,83,16.827,26.973
2025-11-06 02:25:17.554219,Dubai,117,37.959,29.727
2025-11-06 03:25:17.554219,Dubai,100,27.983,75.859
2025-11-06 04:25:17.554219,Dubai,126,11.358,43.141
2025-11-06 05:25:17.554219,Dubai,114,8.658,80.44
2025-11-06 06:25:17.554219,Dubai,131,12.753,38.917
2025-11-06 07:25:17.554219,Dubai,121,26.649,29.94
2025-11-06 08:25:17.554219,Dubai,71,20.216,70.938
2025-11-06 09:25:17.554219,Dubai,137,30.267,37.194
2025-11-06 10:25:17.554219,Dubai,94,22.968,31.716
2025-11-06 11:25:17.554219,Dubai,102,32.843,50.89
2025-11-06 12:25:17.554219,Dubai,95,5.945,57.164
2025-11-06 13:25:17.554219,Dubai,77,20.248,31.123
2025-11-06 14:25:17.554219,Dubai,93,13.947,73.419
2025-11-06 15:25:17.554219,Dubai,94,5.364,87.971
2025-11-06 16:25:17.554219,Dubai,85,16.923,26.993
2025-11-06 17:25:17.554219,Dubai,145,16.018,68.271
2025-11-06 18:25:17.554219,Dubai,112,14.042,55.845
2025-11-06 19:25:17.554219,Dubai,104,9.344,69.974
2025-11-06 20:25:17.554219,Dubai,121,24.689,51.015
2025-11-06 21:25:17.554219,Dubai,144,37.166,41.798
2025-11-06 22:25:17.554219,Dubai,138,35.098,80.021
2025-11-06 23:25:17.554219,Dubai,75,29.222,84.36
2025-11-07 00:25:17.554219,Dubai,110,20.371,39.907
2025-11-07 01:25:17.554219,Dubai,127,23.963,63.025
2025-11-07 02:25:17.554219,Dubai,90,12.439,71.855
2025-11-07 03:25:17.554219,Dubai,99,24.382,41.368
2025-11-07 04:25:17.554219,Dubai,129,5.511,59.119
2025-11-07 05:25:17.554219,Dubai,120,25.186,84.481
2025-11-07 06:25:17.554219,Dubai,85,28.086,50.961
2025-11-07 07:25:17.554219,Dubai,189,11.895,70.197
2025-11-07 08:25:17.554219,Dubai,162,6.543,34.931
2025-11-07 09:25:17.554219,Dubai,130,28.198,32.395
2025-11-07 10:25:17.554219,Dubai,124,7.94,68.498
2025-11-07 11:25:17.554219,Dubai,104,7.939,26.302
2025-11-07 12:25:17.554219,Dubai,82,20.607,25.861
2025-11-07 13:25:17.554219,Dubai,108,26.848,62.734
2025-11-07 14:25:17.554219,Dubai,98,15.331,43.28
2025-11-07 15:25:17.554219,Dubai,107,8.585,50.823
2025-11-07 16:25:17.554219,Dubai,167,7.097,81.119
2025-11-07 17:25:17.554219,Dubai,137,27.308,75.342
2025-11-07 18:25:17.554219,Dubai,117,33.687,66.157
2025-11-07 19:25:17.554219,Dubai,122,34.703,82.141
2025-11-07 20:25:17.554219,Dubai,78,36.704,40.37
2025-11-07 21:25:17.554219,Dubai,109,13.159,56.027
2025-11-07 22:25:17.554219,Dubai,102,30.617,47.021
2025-11-07 23:25:17.554219,Dubai,89,13.31,55.662
2025-11-08 00:25:17.554219,Dubai,110,15.914,61.407
2025-11-08 01:25:17.554219,Dubai,85,27.398,84.775
2025-11-08 02:25:17.554219,Dubai,97,33.728,62.612
2025-11-08 03:25:17.554219,Dubai,94,20.607,72.657
2025-11-08 04:25:17.554219,Dubai,81,13.33,48.421
2025-11-08 05:25:17.554219,Dubai,102,27.131,86.234
2025-11-08 06:25:17.554219,Dubai,124,30.482,51.742
2025-11-08 07:25:17.554219,Dubai,103,10.369,26.153
2025-11-08 08:25:17.554219,Dubai,101,30.887,34.993
2025-11-08 09:25:17.554219,Dubai,116,20.257,66.93
2025-11-08 10:25:17.554219,Dubai,106,13.43,74.553
2025-11-08 11:25:17.554219,Dubai,152,8.97,70.928
2025-11-08 12:25:17.554219,Dubai,144,30.099,83.684
2025-11-08 13:25:17.554219,Dubai,54,30.495,44.602
2025-11-08 14:25:17.554219,Dubai,91,14.057,59.2
2025-11-08 15:25:17.554219,Dubai,132,31.486,38.949
2025-11-08 16:25:17.554219,Dubai,88,28.426,81.545
2025-11-08 17:25:17.554219,Dubai,140,11.191,62.314
2025-11-08 18:25:17.554219,Dubai,105,34.233,64.434
2025-11-08 19:25:17.554219,Dubai,82,7.254,31.145
2025-11-08 20:25:17.554219,Dubai,113,11.226,32.192
2025-11-08 21:25:17.554219,Dubai,133,23.317,42.315
2025-11-08 22:25:17.554219,Dubai,81,10.695,38.757
2025-11-08 23:25:17.554219,Dubai,86,21.438,44.174
2025-11-09 00:25:17.554219,Dubai,134,19.382,40.743
2025-11-09 01:25:17.554219,Dubai,115,36.741,69.289
2025-11-09 02:25:17.554219,Dubai,112,33.665,29.568
2025-11-09 03:25:17.554219,Dubai,88,33.718,25.473
2025-11-09 04:25:17.554219,Dubai,97,12.341,36.156
2025-11-09 05:25:17.554219,Dubai,62,16.563,81.197
2025-11-09 06:25:17.554219,Dubai,85,24.695,32.728
2025-11-09 07:25:17.554219,Dubai,114,11.128,68.814
2025-11-09 08:25:17.554219,Dubai,86,6.254,85.948
2025-11-09 09:25:17.554219,Dubai,135,7.951,77.037
2025-11-09 10:25:17.554219,Dubai,83,5.077,72.769
2025-11-09 11:25:17.554219,Dubai,43,19.269,57.743
2025-11-09 12:25:17.554219,Dubai,130,24.435,76.872
2025-11-09 13:25:17.554219,Dubai,150,31.957,55.925
2025-11-09 14:25:17.554219,Dubai,97,34.724,65.041
2025-11-09 15:25:17.554219,Dubai,124,23.314,58.154
2025-11-09 16:25:17.554219,Dubai,155,12.003,33.315
2025-11-09 17:25:17.554219,Dubai,110,33.059,76.18
2025-11-09 18:25:17.554219,Dubai,103,26.008,66.044
2025-11-09 19:25:17.554219,Dubai,124,6.716,66.997
2025-11-09 20:25:17.554219,Dubai,117,37.641,88.312
2025-11-09 21:25:17.554219,Dubai,104,10.482,33.777
2025-11-09 22:25:17.554219,Dubai,93,27.679,52.619
2025-11-09 23:25:17.554219,Dubai,100,33,65.581
2025-11-10 00:25:17.554219,Dubai,94,31.698,75.305
2025-11-10 01:25:17.554219,Dubai,165,6.521,46.517
2025-11-10 02:25:17.554219,Dubai,118,7.269,34.199
2025-11-10 03:25:17.554219,Dubai,151,26.865,59.51
2025-11-10 04:25:17.554219,Dubai,80,27.028,36.907
2025-11-10 05:25:17.554219,Dubai,67,18.481,48.307
2025-11-10 06:25:17.554219,Dubai,82,11.791,55.857
2025-11-10 07:25:17.554219,Dubai,112,10.335,86.92
2025-11-10 08:25:17.554219,Dubai,104,32.061,25.748
2025-11-10 09:25:17.554219,Dubai,133,15.399,79.495
2025-11-10 10:25:17.554219,Dubai,117,14.348,37.673
2025-11-10 11:25:17.554219,Dubai,75,27.883,70.228
2025-11-10 12:25:17.554219,Dubai,129,30.903,55.708
2025-11-10 13:25:17.554219,Dubai,72,17.855,89.153
2025-11-10 14:25:17.554219,Dubai,71,26.872,89.574
2025-11-10 15:25:17.554219,Dubai,104,11.436,27.728
2025-11-10 16:25:17.554219,Dubai,86,24.276,51.527
2025-11-10 17:25:17.554219,Dubai,84,20.141,28.111
2025-11-10 18:25:17.554219,Dubai,100,15.984,42.458
2025-11-10 19:25:17.554219,Dubai,99,16.366,43.245
2025-11-10 20:25:17.554219,Dubai,74,36.24,76.05
2025-11-10 21:25:17.554219,Dubai,92,17.895,48.628
2025-11-10 22:25:17.554219,Dubai,94,18.079,54.647
2025-11-10 23:25:17.554219,Dubai,142,19.81,70.585
2025-11-11 00:25:17.554219,Dubai,143,11.561,56.992
2025-11-11 01:25:17.554219,Dubai,73,31.08,63.105
2025-11-11 02:25:17.554219,Dubai,111,24.467,58.873
2025-11-11 03:25:17.554219,Dubai,130,16.581,88.531
2025-11-11 04:25:17.554219,Dubai,86,10.295,61.918
2025-11-11 05:25:17.554219,Dubai,116,21.108,75.323
2025-11-11 06:25:17.554219,Dubai,145,11.486,45.927
2025-11-11 07:25:17.554219,Dubai,100,17.382,41.219
2025-11-11 08:25:17.554219,Dubai,105,12.281,67.015
2025-11-11 09:25:17.554219,Dubai,101,11.499,77.726
2025-11-11 10:25:17.554219,Dubai,120,12.463,55.38
2025-11-11 11:25:17.554219,Dubai,137,8.38,56.755
2025-11-11 12:25:17.554219,Dubai,111,19.822,33.75
2025-11-11 13:25:17.554219,Dubai,139,17.354,58.205
2025-11-11 14:25:17.554219,Dubai,126,21.684,25.682
2025-11-11 15:25:17.554219,Dubai,137,20.141,26.144
2025-11-11 16:25:17.554219,Dubai,134,36.986,73.117
2025-11-11 17:25:17.554219,Dubai,121,27.661,82.567
2025-11-11 18:25:17.554219,Dubai,124,15.47,49.387
2025-11-11 19:25:17.554219,Dubai,102,15.087,77.052
2025-11-11 20:25:17.554219,Dubai,97,15.576,59.591
2025-11-11 21:25:17.554219,Dubai,129,14.691,46.18
2025-11-11 22:25:17.554219,Dubai,109,24.8,44.749
2025-11-11 23:25:17.554219,Dubai,143,32.308,48.203
2025-11-12 00:25:17.554219,Dubai,149,21.922,26.377
2025-11-12 01:25:17.554219,Dubai,120,28.952,59.646
2025-11-12 02:25:17.554219,Dubai,110,20.218,37.004
2025-11-12 03:25:17.554219,Dubai,105,9.265,75.424
2025-11-12 04:25:17.554219,Dubai,129,34.031,82.389
2025-11-12 05:25:17.554219,Dubai,89,10.223,34.189
2025-11-12 06:25:17.554219,Dubai,65,16.945,87.693
2025-11-12 07:25:17.554219,Dubai,103,10.033,70.867
2025-11-12 08:25:17.554219,Dubai,161,37.427,80.069
2025-11-12 09:25:17.554219,Dubai,102,19.861,60.195
2025-11-12 10:25:17.554219,Dubai,92,5.983,83.462
2025-11-12 11:25:17.554219,Dubai,85,6.701,82.694
2025-11-12 12:25:17.554219,Dubai,59,37.492,27.971
2025-11-12 13:25:17.554219,Dubai,147,7.563,28.892
2025-11-12 14:25:17.554219,Dubai,79,31.32,82.912
2025-11-12 15:25:17.554219,Dubai,161,17.14,32.791
2025-11-12 16:25:17.554219,Dubai,84,11.719,63.374
2025-11-12 17:25:17.554219,Dubai,146,33.426,48.378
2025-11-12 18:25:17.554219,Dubai,122,23.629,65.01
2025-11-12 19:25:17.554219,Dubai,148,25.233,85.849
2025-11-12 20:25:17.554219,Dubai,107,28.212,25.126
2025-11-12 21:25:17.554219,Dubai,118,5.89,51.045
2025-11-12 22:25:17.554219,Dubai,132,24.927,69.246
2025-11-12 23:25:17.554219,Dubai,117,13.46,40.931
2025-11-13 00:25:17.554219,Dubai,114,15.558,88.698
2025-11-13 01:25:17.554219,Dubai,61,10.477,49.627
2025-11-13 02:25:17.554219,Dubai,103,12.948,85.688
2025-11-13 03:25:17.554219,Dubai,72,9.283,45.21
2025-11-13 04:25:17.554219,Dubai,58,18.843,82.574
2025-11-13 05:25:17.554219,Dubai,88,8.512,83.494
2025-11-13 06:25:17.554219,Dubai,49,16.478,41.453
2025-11-13 07:25:17.554219,Dubai,64,7.877,36.605
2025-11-13 08:25:17.554219,Dubai,99,28.181,89.72
2025-11-13 09:25:17.554219,Dubai,79,25.157,29.453
2025-11-13 10:25:17.554219,Dubai,94,34.146,35.077
2025-11-13 11:25:17.554219,Dubai,77,33.508,39.166
2025-11-13 12:25:17.554219,Dubai,136,23.798,77.617
2025-11-13 13:25:17.554219,Dubai,115,10.185,86.067
2025-11-13 14:25:17.554219,Dubai,91,6.293,48.38
2025-11-13 15:25:17.554219,Dubai,119,21.938,86.254
2025-11-13 16:25:17.554219,Dubai,142,29.936,60.142
2025-11-13 17:25:17.554219,Dubai,103,16.128,74.11
2025-11-13 18:25:17.554219,Dubai,129,15.645,61.145
2025-11-13 19:25:17.554219,Dubai,80,18.672,86.265
2025-11-13 20:25:17.554219,Dubai,59,23.077,54.607
2025-11-13 21:25:17.554219,Dubai,118,29.314,61.552
2025-11-13 22:25:17.554219,Dubai,91,16.145,60.655
2025-11-13 23:25:17.554219,Dubai,105,35.706,71.411
2025-11-14 00:25:17.554219,Dubai,123,18.693,27.756
2025-11-14 01:25:17.554219,Dubai,134,13.518,37.15
2025-11-14 02:25:17.554219,Dubai,130,24.574,85.567
2025-11-14 03:25:17.554219,Dubai,96,36.249,85.941
2025-11-14 04:25:17.554219,Dubai,66,35.29,74.715
2025-11-14 05:25:17.554219,Dubai,89,20.172,61.039
2025-11-14 06:25:17.554219,Dubai,106,30.49,48.701
2025-11-14 07:25:17.554219,Dubai,125,31.81,51.842
2025-11-14 08:25:17.554219,Dubai,95,9.072,68.434
2025-11-14 09:25:17.554219,Dubai,98,8.391,33.801
2025-11-14 10:25:17.554219,Dubai,114,31.483,60.34
2025-11-14 11:25:17.554219,Dubai,92,33.874,69.003
2025-11-14 12:25:17.554219,Dubai,131,34.276,42.371
2025-11-14 13:25:17.554219,Dubai,82,16.485,55.196
2025-11-14 14:25:17.554219,Dubai,106,37.234,61.395
2025-11-14 15:25:17.554219,Dubai,117,24.389,51.813
2025-11-14 16:25:17.554219,Dubai,131,36.481,40.209
2025-11-14 17:25:17.554219,Dubai,99,29.587,49.404
2025-11-14 18:25:17.554219,Dubai,87,35.052,75.923
2025-11-14 19:25:17.554219,Dubai,81,6.066,45.898
2025-11-14 20:25:17.554219,Dubai,99,24.568,39.159
2025-11-14 21:25:17.554219,Dubai,99,30.892,78.316
2025-11-14 22:25:17.554219,Dubai,78,19.444,57.978
2025-11-14 23:25:17.554219,Dubai,72,7.267,42.361
2025-11-15 00:25:17.554219,Dubai,139,14.882,86.299
2025-11-15 01:25:17.554219,Dubai,118,6.06,42.447
2025-11-15 02:25:17.554219,Dubai,74,34.733,48.385
2025-11-15 03:25:17.554219,Dubai,98,9.081,76.528
2025-11-15 04:25:17.554219,Dubai,107,17.263,67.048
2025-11-15 05:25:17.554219,Dubai,147,15.02,30.198
2025-11-15 06:25:17.554219,Dubai,119,10.226,74.228
2025-11-15 07:25:17.554219,Dubai,104,15.29,80.397
2025-11-15 08:25:17.554219,Dubai,104,12.403,26.878
2025-11-15 09:25:17.554219,Dubai,62,25.099,75.999
2025-11-15 10:25:17.554219,Dubai,88,23.728,42.623
2025-11-15 11:25:17.554219,Dubai,84,5.793,34.836
2025-11-15 12:25:17.554219,Dubai,122,28.046,43.57
2025-11-15 13:25:17.554219,Dubai,118,7.184,53.563
2025-11-15 14:25:17.554219,Dubai,72,16.594,65.902
2025-11-15 15:25:17.554219,Dubai,107,26.911,29.378
2025-11-15 16:25:17.554219,Dubai,121,12.788,33.781
2025-11-15 17:25:17.554219,Dubai,127,23.344,48.353
2025-11-15 18:25:17.554219,Dubai,72,22.456,65.975
2025-11-15 19:25:17.554219,Dubai,116,31.716,79.468
2025-11-15 20:25:17.554219,Dubai,80,5.864,48.885
2025-11-15 21:25:17.554219,Dubai,109,27.581,42.802
2025-11-15 22:25:17.554219,Dubai,108,21.468,51.718
2025-11-15 23:25:17.554219,Dubai,109,30.176,41.554
2025-11-16 00:25:17.554219,Dubai,131,33.749,58.674
2025-11-16 01:25:17.554219,Dubai,95,17.965,36.308
2025-11-16 02:25:17.554219,Dubai,114,34.153,27.79
2025-11-16 03:25:17.554219,Dubai,81,20.752,42.404
2025-11-16 04:25:17.554219,Dubai,62,15.76,54.725
2025-11-16 05:25:17.554219,Dubai,102,10.149,85.679
2025-11-16 06:25:17.554219,Dubai,109,31.621,28.301
2025-11-16 07:25:17.554219,Dubai,133,33.946,55.081
2025-11-16 08:25:17.554219,Dubai,96,31.921,83.53
2025-11-16 09:25:17.554219,Dubai,108,26.464,81.801
2025-11-16 10:25:17.554219,Dubai,93,8.926,39.45
2025-11-16 11:25:17.554219,Dubai,108,33.81,83.806
2025-11-16 12:25:17.554219,Dubai,102,6.861,67.35
2025-11-16 13:25:17.554219,Dubai,108,34.759,65.731
2025-11-16 14:25:17.554219,Dubai,101,18.461,53.924
2025-11-16 15:25:17.554219,Dubai,68,8.955,44.223
2025-11-16 16:25:17.554219,Dubai,72,18.501,38.345
2025-11-16 17:25:17.554219,Dubai,133,26.92,46.709
2025-11-16 18:25:17.554219,Dubai,77,13.583,29.292
2025-11-16 19:25:17.554219,Dubai,134,31.787,66.905
2025-11-16 20:25:17.554219,Dubai,148,15.137,72.5
2025-11-16 21:25:17.554219,Dubai,133,31.426,43.129
2025-11-16 22:25:17.554219,Dubai,99,19.991,60.494
2025-11-16 23:25:17.554219,Dubai,117,23.458,30.69
2025-11-17 00:25:17.554219,Dubai,113,23.765,84.686
2025-11-17 01:25:17.554219,Dubai,125,37.965,47.242
2025-11-17 02:25:17.554219,Dubai,85,18.957,74.094
2025-11-17 03:25:17.554219,Dubai,76,37.763,89.239
2025-11-17 04:25:17.554219,Dubai,105,26.442,65.615
2025-11-17 05:25:17.554219,Dubai,97,24.147,48.011
2025-11-17 06:25:17.554219,Dubai,138,20.348,78.704
2025-11-17 07:25:17.554219,Dubai,115,30.427,80.601
2025-11-17 08:25:17.554219,Dubai,126,17.69,48.605
2025-11-17 09:25:17.554219,Dubai,108,37.333,55.908
2025-11-17 10:25:17.554219,Dubai,126,26.045,40.891
2025-11-17 11:25:17.554219,Dubai,97,37.224,60.406
2025-11-17 12:25:17.554219,Dubai,132,8.032,65.256
2025-11-17 13:25:17.554219,Dubai,94,34.585,68.607
2025-11-17 14:25:17.554219,Dubai,83,37.23,83.709
2025-11-17 15:25:17.554219,Dubai,117,35.615,86.758
2025-11-17 16:25:17.554219,Dubai,121,9.781,74.883
2025-11-17 17:25:17.554219,Dubai,115,17.236,86.678
2025-11-17 18:25:17.554219,Dubai,114,18.566,74.921
2025-11-17 19:25:17.554219,Dubai,90,9.583,40.759
2025-11-17 20:25:17.554219,Dubai,150,34.008,77.173
2025-11-17 21:25:17.554219,Dubai,60,33.709,44.078
2025-11-17 22:25:17.554219,Dubai,76,17.5,86.738
2025-11-17 23:25:17.554219,Dubai,65,34.917,42.457
2025-11-18 00:25:17.554219,Dubai,86,29.198,27.387
2025-11-18 01:25:17.554219,Dubai,107,13.784,56.378
2025-11-18 02:25:17.554219,Dubai,87,31.089,83.316
2025-11-18 03:25:17.554219,Dubai,155,14.498,85.954
2025-11-18 04:25:17.554219,Dubai,127,7.6,55.634
2025-11-18 05:25:17.554219,Dubai,86,18.193,75.209
2025-11-18 06:25:17.554219,Dubai,121,28.189,87.633
2025-11-18 07:25:17.554219,Dubai,66,13.952,80.626
2025-11-18 08:25:17.554219,Dubai,114,10.314,60.938
2025-11-18 09:25:17.554219,Dubai,101,28.912,65.197
2025-11-18 10:25:17.554219,Dubai,77,10.502,46.109
2025-11-18 11:25:17.554219,Dubai,138,24.446,53.048
2025-11-18 12:25:17.554219,Dubai,134,35.928,79.384
2025-11-18 13:25:17.554219,Dubai,85,31.601,41.339
2025-11-18 14:25:17.554219,Dubai,57,30.7,56.309
2025-11-18 15:25:17.554219,Dubai,106,21.297,88.502
2025-11-18 16:25:17.554219,Dubai,87,31.292,46.18
2025-11-18 17:25:17.554219,Dubai,67,24.993,57.921
2025-11-18 18:25:17.554219,Dubai,110,37.25,37.375
2025-11-18 19:25:17.554219,Dubai,87,12.783,86.806
2025-11-18 20:25:17.554219,Dubai,102,28.078,27.52
2025-11-18 21:25:17.554219,Dubai,102,30.3,60.293
2025-11-18 22:25:17.554219,Dubai,116,22.337,62.908
2025-11-18 23:25:17.554219,Dubai,120,30.718,28.259
2025-11-19 00:25:17.554219,Dubai,140,15.519,55.665
2025-11-19 01:25:17.554219,Dubai,126,29.728,64.731
2025-11-19 02:25:17.554219,Dubai,91,24.333,46.066
2025-11-19 03:25:17.554219,Dubai,74,19.717,62.966
2025-11-19 04:25:17.554219,Dubai,107,27.422,85.336
2025-11-19 05:25:17.554219,Dubai,140,25.767,31.202
2025-11-19 06:25:17.554219,Dubai,111,35.434,53.596
2025-11-19 07:25:17.554219,Dubai,80,34.443,75.178
2025-11-19 08:25:17.554219,Dubai,107,11.164,33.676
2025-11-19 09:25:17.554219,Dubai,102,9.764,47.084
2025-11-19 10:25:17.554219,Dubai,120,6.596,68.13
2025-11-19 11:25:17.554219,Dubai,74,15.612,25.515
2025-11-19 12:25:17.554219,Dubai,112,27.018,76.393
2025-11-19 13:25:17.554219,Dubai,100,33.579,28.704
2025-11-19 14:25:17.554219,Dubai,82,28.657,43.218
2025-11-19 15:25:17.554219,Dubai,111,26.752,52.246
2025-11-19 16:25:17.554219,Dubai,93,37.524,44.972
2025-11-19 17:25:17.554219,Dubai,110,16.594,52.896
2025-11-04 18:25:17.554219,Riyadh,135,6.922,45.252
2025-11-04 19:25:17.554219,Riyadh,88,13.827,64.035
2025-11-04 20:25:17.554219,Riyadh,106,32.728,78.979
2025-11-04 21:25:17.554219,Riyadh,75,35.94,54.665
2025-11-04 22:25:17.554219,Riyadh,162,35.409,75.878
2025-11-04 23:25:17.554219,Riyadh,84,23.749,55.488
2025-11-05 00:25:17.554219,Riyadh,115,9.224,89.575
2025-11-05 01:25:17.554219,Riyadh,167,16.984,40.698
2025-11-05 02:25:17.554219,Riyadh,82,27.965,63.843
2025-11-05 03:25:17.554219,Riyadh,77,27.445,28.025
2025-11-05 04:25:17.554219,Riyadh,105,26.705,61.023
2025-11-05 05:25:17.554219,Riyadh,116,37.358,80.428
2025-11-05 06:25:17.554219,Riyadh,69,24.506,83.435
2025-11-05 07:25:17.554219,Riyadh,96,21.105,48.496
2025-11-05 08:25:17.554219,Riyadh,54,36.995,66.626
2025-11-05 09:25:17.554219,Riyadh,134,28.363,77.504
2025-11-05 10:25:17.554219,Riyadh,74,28.268,83.451
2025-11-05 11:25:17.554219,Riyadh,182,17.134,77.547
2025-11-05 12:25:17.554219,Riyadh,73,24.35,30.218
2025-11-05 13:25:17.554219,Riyadh,73,27.69,35.793
2025-11-05 14:25:17.554219,Riyadh,91,29.391,56.095
2025-11-05 15:25:17.554219,Riyadh,75,18.767,25.415
2025-11-05 16:25:17.554219,Riyadh,96,14.174,85.239
2025-11-05 17:25:17.554219,Riyadh,114,11.652,76.013
2025-11-05 18:25:17.554219,Riyadh,96,21.194,80.273
2025-11-05 19:25:17.554219,Riyadh,85,19.137,88.479
2025-11-05 20:25:17.554219,Riyadh,99,8.438,40.822
2025-11-05 21:25:17.554219,Riyadh,130,7.827,48.946
2025-11-05 22:25:17.554219,Riyadh,99,7.671,52.76
2025-11-05 23:25:17.554219,Riyadh,71,11.992,54.424
2025-11-06 00:25:17.554219,Riyadh,131,7.182,54.172
2025-11-06 01:25:17.554219,Riyadh,104,36.174,84.8
2025-11-06 02:25:17.554219,Riyadh,114,19.791,88.553
2025-11-06 03:25:17.554219,Riyadh,131,28.785,38.613
2025-11-06 04:25:17.554219,Riyadh,114,28.356,75.817
2025-11-06 05:25:17.554219,Riyadh,98,17.598,54.246
2025-11-06 06:25:17.554219,Riyadh,88,31.38,82.723
2025-11-06 07:25:17.554219,Riyadh,143,6.602,59.298
2025-11-06 08:25:17.554219,Riyadh,128,22.24,82.775
2025-11-06 09:25:17.554219,Riyadh,87,27.624,47.232
2025-11-06 10:25:17.554219,Riyadh,109,34.165,88.841
2025-11-06 11:25:17.554219,Riyadh,75,28.959,61.205
2025-11-06 12:25:17.554219,Riyadh,108,35.082,58.194
2025-11-06 13:25:17.554219,Riyadh,111,8.855,60.907
2025-11-06 14:25:17.554219,Riyadh,113,25.402,62.181
2025-11-06 15:25:17.554219,Riyadh,118,18.706,58.03
2025-11-06 16:25:17.554219,Riyadh,111,20.163,48.544
2025-11-06 17:25:17.554219,Riyadh,108,32.748,78.099
2025-11-06 18:25:17.554219,Riyadh,130,19.115,84.157
2025-11-06 19:25:17.554219,Riyadh,99,29.365,33.361
2025-11-06 20:25:17.554219,Riyadh,141,11.732,48.618
2025-11-06 21:25:17.554219,Riyadh,108,18.056,61.218
2025-11-06 22:25:17.554219,Riyadh,174,27.97,51.003
2025-11-06 23:25:17.554219,Riyadh,123,16.026,48.682
2025-11-07 00:25:17.554219,Riyadh,132,35.762,70.579
2025-11-07 01:25:17.554219,Riyadh,139,29.209,40.852
2025-11-07 02:25:17.554219,Riyadh,101,34.901,55.807
2025-11-07 03:25:17.554219,Riyadh,150,16.149,45.927
2025-11-07 04:25:17.554219,Riyadh,62,34.765,48.906
2025-11-07 05:25:17.554219,Riyadh,66,21.907,39.873
2025-11-07 06:25:17.554219,Riyadh,94,23.126,69.743
2025-11-07 07:25:17.554219,Riyadh,115,14.961,66.097
2025-11-07 08:25:17.554219,Riyadh,122,37.278,56.94
2025-11-07 09:25:17.554219,Riyadh,136,14.015,37.678
2025-11-07 10:25:17.554219,Riyadh,85,24.861,59.051
2025-11-07 11:25:17.554219,Riyadh,97,11.59,70.37
2025-11-07 12:25:17.554219,Riyadh,103,12.202,80.675
2025-11-07 13:25:17.554219,Riyadh,101,7.672,70.097
2025-11-07 14:25:17.554219,Riyadh,116,26.987,64.344
2025-11-07 15:25:17.554219,Riyadh,85,10.645,78.711
2025-11-07 16:25:17.554219,Riyadh,141,15.891,82.679
2025-11-07 17:25:17.554219,Riyadh,44,22.358,42.539
2025-11-07 18:25:17.554219,Riyadh,84,11.905,40.09
2025-11-07 19:25:17.554219,Riyadh,104,20.149,27.519
2025-11-07 20:25:17.554219,Riyadh,114,6.621,67.009
2025-11-07 21:25:17.554219,Riyadh,120,36.557,65.494
2025-11-07 22:25:17.554219,Riyadh,102,17.01,63.646
2025-11-07 23:25:17.554219,Riyadh,120,13.272,32.496
2025-11-08 00:25:17.554219,Riyadh,117,15.01,86.964
2025-11-08 01:25:17.554219,Riyadh,85,15.659,76.199
2025-11-08 02:25:17.554219,Riyadh,77,8.375,46.517
2025-11-08 03:25:17.554219,Riyadh,134,5.794,29.115
2025-11-08 04:25:17.554219,Riyadh,70,12.847,38.304
2025-11-08 05:25:17.554219,Riyadh,70,6.957,45.532
2025-11-08 06:25:17.554219,Riyadh,100,32.367,73.771
2025-11-08 07:25:17.554219,Riyadh,128,11.105,37.839
2025-11-08 08:25:17.554219,Riyadh,85,21.832,50.931
2025-11-08 09:25:17.554219,Riyadh,115,36.46,67.279
2025-11-08 10:25:17.554219,Riyadh,77,5.81,66.299
2025-11-08 11:25:17.554219,Riyadh,109,29.853,58.974
2025-11-08 12:25:17.554219,Riyadh,96,13.685,56.97
2025-11-08 13:25:17.554219,Riyadh,126,37.287,55.904
2025-11-08 14:25:17.554219,Riyadh,151,23.528,55.008
2025-11-08 15:25:17.554219,Riyadh,109,13.596,74.626
2025-11-08 16:25:17.554219,Riyadh,114,20.543,76.987
2025-11-08 17:25:17.554219,Riyadh,89,21.993,85.898
2025-11-08 18:25:17.554219,Riyadh,130,19.754,45.479
2025-11-08 19:25:17.554219,Riyadh,89,15.433,35.004
2025-11-08 20:25:17.554219,Riyadh,148,10.197,38.545
2025-11-08 21:25:17.554219,Riyadh,111,7.777,79.828
2025-11-08 22:25:17.554219,Riyadh,118,15.323,63.535
2025-11-08 23:25:17.554219,Riyadh,86,25.43,34.874
2025-11-09 00:25:17.554219,Riyadh,131,34.272,55.726
2025-11-09 01:25:17.554219,Riyadh,100,35.915,25.281
2025-11-09 02:25:17.554219,Riyadh,159,15.913,32.376
2025-11-09 03:25:17.554219,Riyadh,109,15.755,57.743
2025-11-09 04:25:17.554219,Riyadh,79,37.338,78.717
2025-11-09 05:25:17.554219,Riyadh,108,15.435,25.347
2025-11-09 06:25:17.554219,Riyadh,97,30.869,51.321
2025-11-09 07:25:17.554219,Riyadh,135,34.232,29.743
2025-11-09 08:25:17.554219,Riyadh,125,37.273,72.237
2025-11-09 09:25:17.554219,Riyadh,101,11.442,55.311
2025-11-09 10:25:17.554219,Riyadh,119,19.877,41.037
2025-11-09 11:25:17.554219,Riyadh,111,25.563,47.264
2025-11-09 12:25:17.554219,Riyadh,93,11.913,30.046
2025-11-09 13:25:17.554219,Riyadh,101,11.021,54.051
2025-11-09 14:25:17.554219,Riyadh,76,6.374,82.292
2025-11-09 15:25:17.554219,Riyadh,124,9.183,84.031
2025-11-09 16:25:17.554219,Riyadh,154,15.243,38.827
2025-11-09 17:25:17.554219,Riyadh,128,27.982,62.425
2025-11-09 18:25:17.554219,Riyadh,71,14.738,31.695
2025-11-09 19:25:17.554219,Riyadh,107,20.441,49.781
2025-11-09 20:25:17.554219,Riyadh,97,33.127,43.391
2025-11-09 21:25:17.554219,Riyadh,117,28.031,41.24
2025-11-09 22:25:17.554219,Riyadh,78,13.939,44.514
2025-11-09 23:25:17.554219,Riyadh,88,25.866,85.143
2025-11-10 00:25:17.554219,Riyadh,114,29.584,60.246
2025-11-10 01:25:17.554219,Riyadh,118,29.795,47.566
2025-11-10 02:25:17.554219,Riyadh,103,24.438,81.781
2025-11-10 03:25:17.554219,Riyadh,80,33.338,71.296
2025-11-10 04:25:17.554219,Riyadh,168,27.884,33.53
2025-11-10 05:25:17.554219,Riyadh,136,14.71,80.648
2025-11-10 06:25:17.554219,Riyadh,71,36.579,76.863
2025-11-10 07:25:17.554219,Riyadh,110,21.765,44.514
2025-11-10 08:25:17.554219,Riyadh,101,18.677,79.751
2025-11-10 09:25:17.554219,Riyadh,73,15.945,52.684
2025-11-10 10:25:17.554219,Riyadh,110,13.577,84.549
2025-11-10 11:25:17.554219,Riyadh,93,33.041,66.237
2025-11-10 12:25:17.554219,Riyadh,133,34.054,76.605
2025-11-10 13:25:17.554219,Riyadh,116,29.455,31.118
2025-11-10 14:25:17.554219,Riyadh,139,30.179,66
2025-11-10 15:25:17.554219,Riyadh,101,27.161,39.104
2025-11-10 16:25:17.554219,Riyadh,94,34.861,53.869
2025-11-10 17:25:17.554219,Riyadh,91,34.728,41.165
2025-11-10 18:25:17.554219,Riyadh,82,28.797,80.898
2025-11-10 19:25:17.554219,Riyadh,133,19.894,37.874
2025-11-10 20:25:17.554219,Riyadh,64,9.034,27.776
2025-11-10 21:25:17.554219,Riyadh,124,15.804,63.729
2025-11-10 22:25:17.554219,Riyadh,96,27.3,81.612
2025-11-10 23:25:17.554219,Riyadh,99,33.031,78.734
2025-11-11 00:25:17.554219,Riyadh,149,14.635,31.361
2025-11-11 01:25:17.554219,Riyadh,95,36.475,79.066
2025-11-11 02:25:17.554219,Riyadh,80,29.789,44.314
2025-11-11 03:25:17.554219,Riyadh,105,28.119,80.347
2025-11-11 04:25:17.554219,Riyadh,148,33.807,64.342
2025-11-11 05:25:17.554219,Riyadh,95,32.683,82.48
2025-11-11 06:25:17.554219,Riyadh,72,31.773,56.504
2025-11-11 07:25:17.554219,Riyadh,93,19.806,32.839
2025-11-11 08:25:17.554219,Riyadh,81,26.406,54.773
2025-11-11 09:25:17.554219,Riyadh,131,32.028,32.78
2025-11-11 10:25:17.554219,Riyadh,74,13.94,70.799
2025-11-11 11:25:17.554219,Riyadh,99,5.785,32.771
2025-11-11 12:25:17.554219,Riyadh,128,5.189,38.921
2025-11-11 13:25:17.554219,Riyadh,104,17.737,68.228
2025-11-11 14:25:17.554219,Riyadh,97,20.728,73.371
2025-11-11 15:25:17.554219,Riyadh,111,34.393,53.694
2025-11-11 16:25:17.554219,Riyadh,88,18.874,31.549
2025-11-11 17:25:17.554219,Riyadh,112,30.108,75.388
2025-11-11 18:25:17.554219,Riyadh,100,9.473,58.787
2025-11-11 19:25:17.554219,Riyadh,87,31.508,27.828
2025-11-11 20:25:17.554219,Riyadh,61,16.476,77.469
2025-11-11 21:25:17.554219,Riyadh,117,14.531,86.553
2025-11-11 22:25:17.554219,Riyadh,81,32.076,81.629
2025-11-11 23:25:17.554219,Riyadh,130,28.402,33.139
2025-11-12 00:25:17.554219,Riyadh,76,28.159,77.73
2025-11-12 01:25:17.554219,Riyadh,115,15.53,27.783
2025-11-12 02:25:17.554219,Riyadh,145,18.122,43.443
2025-11-12 03:25:17.554219,Riyadh,101,6.46,38.936
2025-11-12 04:25:17.554219,Riyadh,97,10.232,79.004
2025-11-12 05:25:17.554219,Riyadh,78,30.435,77.971
2025-11-12 06:25:17.554219,Riyadh,96,36.697,36.002
2025-11-12 07:25:17.554219,Riyadh,131,36.82,80.45
2025-11-12 08:25:17.554219,Riyadh,62,13.771,29.332
2025-11-12 09:25:17.554219,Riyadh,137,31.832,84.846
2025-11-12 10:25:17.554219,Riyadh,134,21.728,39.576
2025-11-12 11:25:17.554219,Riyadh,69,7.111,34.006
2025-11-12 12:25:17.554219,Riyadh,129,32.745,85.254
2025-11-12 13:25:17.554219,Riyadh,119,15.598,89.069
2025-11-12 14:25:17.554219,Riyadh,78,10.828,34.621
2025-11-12 15:25:17.554219,Riyadh,124,13.307,66.884
2025-11-12 16:25:17.554219,Riyadh,150,6.534,34.025
2025-11-12 17:25:17.554219,Riyadh,95,31.267,25.756
2025-11-12 18:25:17.554219,Riyadh,123,25.153,84.233
2025-11-12 19:25:17.554219,Riyadh,128,34.697,49.413
2025-11-12 20:25:17.554219,Riyadh,103,8.555,58.123
2025-11-12 21:25:17.554219,Riyadh,84,36.771,72.899
2025-11-12 22:25:17.554219,Riyadh,75,25.982,29.581
2025-11-12 23:25:17.554219,Riyadh,128,19.387,56.756
2025-11-13 00:25:17.554219,Riyadh,117,24.197,59.276
2025-11-13 01:25:17.554219,Riyadh,50,22.892,62.204
2025-11-13 02:25:17.554219,Riyadh,58,8.614,68.052
2025-11-13 03:25:17.554219,Riyadh,107,25.322,83.424
2025-11-13 04:25:17.554219,Riyadh,167,18.314,51.421
2025-11-13 05:25:17.554219,Riyadh,82,29.051,27.698
2025-11-13 06:25:17.554219,Riyadh,131,21.624,27.25
2025-11-13 07:25:17.554219,Riyadh,90,36.058,89.843
2025-11-13 08:25:17.554219,Riyadh,69,9.085,54.274
2025-11-13 09:25:17.554219,Riyadh,119,15.337,33.205
2025-11-13 10:25:17.554219,Riyadh,97,30.448,66.995
2025-11-13 11:25:17.554219,Riyadh,100,10.244,28.676
2025-11-13 12:25:17.554219,Riyadh,47,12.655,78.795
2025-11-13 13:25:17.554219,Riyadh,106,12.336,65.359
2025-11-13 14:25:17.554219,Riyadh,112,29.537,70.623
2025-11-13 15:25:17.554219,Riyadh,46,18.318,79.824
2025-11-13 16:25:17.554219,Riyadh,131,28.427,81.294
2025-11-13 17:25:17.554219,Riyadh,81,15.914,30.532
2025-11-13 18:25:17.554219,Riyadh,112,15.504,49.779
2025-11-13 19:25:17.554219,Riyadh,95,20.864,48.662
2025-11-13 20:25:17.554219,Riyadh,130,7.78,49.486
2025-11-13 21:25:17.554219,Riyadh,124,13.482,65.794
2025-11-13 22:25:17.554219,Riyadh,91,25.106,36.487
2025-11-13 23:25:17.554219,Riyadh,60,21.516,79.287
2025-11-14 00:25:17.554219,Riyadh,81,22.75,30.809
2025-11-14 01:25:17.554219,Riyadh,92,14.176,62.182
2025-11-14 02:25:17.554219,Riyadh,93,18.489,37.979
2025-11-14 03:25:17.554219,Riyadh,81,32.233,58.773
2025-11-14 04:25:17.554219,Riyadh,133,11.176,69.309
2025-11-14 05:25:17.554219,Riyadh,90,21.638,63.031
2025-11-14 06:25:17.554219,Riyadh,107,13.767,87.548
2025-11-14 07:25:17.554219,Riyadh,71,30.531,81.787
2025-11-14 08:25:17.554219,Riyadh,111,33.751,51.852
2025-11-14 09:25:17.554219,Riyadh,60,37.81,81.398
2025-11-14 10:25:17.554219,Riyadh,132,32.711,78.901
2025-11-14 11:25:17.554219,Riyadh,78,15.839,87.855
2025-11-14 12:25:17.554219,Riyadh,75,35.239,33.544
2025-11-14 13:25:17.554219,Riyadh,95,19.025,35.187
2025-11-14 14:25:17.554219,Riyadh,105,22.594,34.521
2025-11-14 15:25:17.554219,Riyadh,109,25.305,39.073
2025-11-14 16:25:17.554219,Riyadh,119,34.282,41.813
2025-11-14 17:25:17.554219,Riyadh,80,35.606,34.777
2025-11-14 18:25:17.554219,Riyadh,86,19.629,36.777
2025-11-14 19:25:17.554219,Riyadh,104,20.112,44.478
2025-11-14 20:25:17.554219,Riyadh,95,27.039,83.598
2025-11-14 21:25:17.554219,Riyadh,117,23.221,62.527
2025-11-14 22:25:17.554219,Riyadh,81,11.634,61.43
2025-11-14 23:25:17.554219,Riyadh,106,25.472,81.497
2025-11-15 00:25:17.554219,Riyadh,86,14.244,61.906
2025-11-15 01:25:17.554219,Riyadh,116,22.881,88.129
2025-11-15 02:25:17.554219,Riyadh,109,23.252,45.814
2025-11-15 03:25:17.554219,Riyadh,91,29.672,61.393
2025-11-15 04:25:17.554219,Riyadh,66,25.295,26.938
2025-11-15 05:25:17.554219,Riyadh,138,27.566,52.137
2025-11-15 06:25:17.554219,Riyadh,117,26.842,38.397
2025-11-15 07:25:17.554219,Riyadh,50,6.591,52.025
2025-11-15 08:25:17.554219,Riyadh,80,10.037,74.727
2025-11-15 09:25:17.554219,Riyadh,70,13.45,30.753
2025-11-15 10:25:17.554219,Riyadh,111,21.138,83.551
2025-11-15 11:25:17.554219,Riyadh,79,16.568,75.157
2025-11-15 12:25:17.554219,Riyadh,114,8.963,43.42
2025-11-15 13:25:17.554219,Riyadh,105,15.949,46.313
2025-11-15 14:25:17.554219,Riyadh,94,16.714,75.105
2025-11-15 15:25:17.554219,Riyadh,138,31.394,71.663
2025-11-15 16:25:17.554219,Riyadh,119,5.415,60.021
2025-11-15 17:25:17.554219,Riyadh,137,22.155,48.054
2025-11-15 18:25:17.554219,Riyadh,106,17.155,68.227
2025-11-15 19:25:17.554219,Riyadh,81,16.782,46.951
2025-11-15 20:25:17.554219,Riyadh,133,21.009,84.444
2025-11-15 21:25:17.554219,Riyadh,133,30.624,83.006
2025-11-15 22:25:17.554219,Riyadh,120,17.561,27.085
2025-11-15 23:25:17.554219,Riyadh,98,30.977,29.691
2025-11-16 00:25:17.554219,Riyadh,103,31.335,30.3
2025-11-16 01:25:17.554219,Riyadh,91,31.707,37.81
2025-11-16 02:25:17.554219,Riyadh,79,18.273,54.565
2025-11-16 03:25:17.554219,Riyadh,115,5.238,37.192
2025-11-16 04:25:17.554219,Riyadh,112,35.235,70.485
2025-11-16 05:25:17.554219,Riyadh,176,9.463,72.234
2025-11-16 06:25:17.554219,Riyadh,96,26.726,58.323
2025-11-16 07:25:17.554219,Riyadh,67,23.506,86.652
2025-11-16 08:25:17.554219,Riyadh,63,18.786,25.674
2025-11-16 09:25:17.554219,Riyadh,93,23.958,84.04
2025-11-16 10:25:17.554219,Riyadh,175,20.407,88.3
2025-11-16 11:25:17.554219,Riyadh,78,16.28,49.898
2025-11-16 12:25:17.554219,Riyadh,162,36.655,81.747
2025-11-16 13:25:17.554219,Riyadh,69,18.062,28.657
2025-11-16 14:25:17.554219,Riyadh,110,35.193,51.231
2025-11-16 15:25:17.554219,Riyadh,133,23.19,48.524
2025-11-16 16:25:17.554219,Riyadh,103,17.482,88.069
2025-11-16 17:25:17.554219,Riyadh,73,36.503,40.445
2025-11-16 18:25:17.554219,Riyadh,117,14.991,36.559
2025-11-16 19:25:17.554219,Riyadh,130,28.272,60.674
2025-11-16 20:25:17.554219,Riyadh,81,6.772,26.802
2025-11-16 21:25:17.554219,Riyadh,123,17.234,62.313
2025-11-16 22:25:17.554219,Riyadh,120,7.914,63.204
2025-11-16 23:25:17.554219,Riyadh,117,14.72,52.318
2025-11-17 00:25:17.554219,Riyadh,90,29,45.121
2025-11-17 01:25:17.554219,Riyadh,114,27.696,60.551
2025-11-17 02:25:17.554219,Riyadh,103,25.091,50.713
2025-11-17 03:25:17.554219,Riyadh,137,7.464,61.062
2025-11-17 04:25:17.554219,Riyadh,137,24.228,69.888
2025-11-17 05:25:17.554219,Riyadh,78,12.758,47.642
2025-11-17 06:25:17.554219,Riyadh,110,17.509,49.705
2025-11-17 07:25:17.554219,Riyadh,174,14.344,51.822
2025-11-17 08:25:17.554219,Riyadh,102,29.511,34.38
2025-11-17 09:25:17.554219,Riyadh,113,34.307,64.517
2025-11-17 10:25:17.554219,Riyadh,112,30.164,47.596
2025-11-17 11:25:17.554219,Riyadh,154,16.321,55.178
2025-11-17 12:25:17.554219,Riyadh,155,24.548,70.836
2025-11-17 13:25:17.554219,Riyadh,128,19.165,36.319
2025-11-17 14:25:17.554219,Riyadh,90,8.343,30.647
2025-11-17 15:25:17.554219,Riyadh,121,29.227,69.152
2025-11-17 16:25:17.554219,Riyadh,76,33.367,63.505
2025-11-17 17:25:17.554219,Riyadh,103,7.733,32.973
2025-11-17 18:25:17.554219,Riyadh,139,14.656,85.919
2025-11-17 19:25:17.554219,Riyadh,112,20.268,62.489
2025-11-17 20:25:17.554219,Riyadh,176,18.441,39.356
2025-11-17 21:25:17.554219,Riyadh,91,18.447,57.65
2025-11-17 22:25:17.554219,Riyadh,92,27.479,35.953
2025-11-17 23:25:17.554219,Riyadh,134,6.836,74.455
2025-11-18 00:25:17.554219,Riyadh,95,5.188,89.878
2025-11-18 01:25:17.554219,Riyadh,120,19.223,30.845
2025-11-18 02:25:17.554219,Riyadh,85,18.259,67.684
2025-11-18 03:25:17.554219,Riyadh,128,28.866,42.367
2025-11-18 04:25:17.554219,Riyadh,99,31.494,80.008
2025-11-18 05:25:17.554219,Riyadh,71,14.904,54.797
2025-11-18 06:25:17.554219,Riyadh,112,20.07,81.758
2025-11-18 07:25:17.554219,Riyadh,136,9.517,31.551
2025-11-18 08:25:17.554219,Riyadh,113,12.214,80.865
2025-11-18 09:25:17.554219,Riyadh,86,29.514,58.103
2025-11-18 10:25:17.554219,Riyadh,91,13.371,40.138
2025-11-18 11:25:17.554219,Riyadh,99,5.312,31.027
2025-11-18 12:25:17.554219,Riyadh,82,9.069,75.536
2025-11-18 13:25:17.554219,Riyadh,102,11.921,56.151
2025-11-18 14:25:17.554219,Riyadh,93,15.942,76.12
2025-11-18 15:25:17.554219,Riyadh,83,15.307,55.472
2025-11-18 16:25:17.554219,Riyadh,83,26.455,38.909
2025-11-18 17:25:17.554219,Riyadh,76,17.425,45.322
2025-11-18 18:25:17.554219,Riyadh,63,23.965,85.443
2025-11-18 19:25:17.554219,Riyadh,99,37.525,50.192
2025-11-18 20:25:17.554219,Riyadh,141,12.658,87.227
2025-11-18 21:25:17.554219,Riyadh,104,19.338,87.923
2025-11-18 22:25:17.554219,Riyadh,120,27.088,49.088
2025-11-18 23:25:17.554219,Riyadh,93,30.856,42.782
2025-11-19 00:25:17.554219,Riyadh,116,20.02,69.899
2025-11-19 01:25:17.554219,Riyadh,82,18.122,60.999
2025-11-19 02:25:17.554219,Riyadh,112,22.21,50.423
2025-11-19 03:25:17.554219,Riyadh,172,16.432,70.913
2025-11-19 04:25:17.554219,Riyadh,84,10.99,48.817
2025-11-19 05:25:17.554219,Riyadh,57,7.405,41.69
2025-11-19 06:25:17.554219,Riyadh,90,23.237,53.224
2025-11-19 07:25:17.554219,Riyadh,71,23.965,49.215
2025-11-19 08:25:17.554219,Riyadh,128,29.082,58.796
2025-11-19 09:25:17.554219,Riyadh,48,37.016,69.266
2025-11-19 10:25:17.554219,Riyadh,123,9.476,53.572
2025-11-19 11:25:17.554219,Riyadh,114,30.815,32.061
2025-11-19 12:25:17.554219,Riyadh,91,21.985,32.486
2025-11-19 13:25:17.554219,Riyadh,29,25.113,54.454
2025-11-19 14:25:17.554219,Riyadh,101,19.022,34.642
2025-11-19 15:25:17.554219,Riyadh,156,33.588,85.593
2025-11-19 16:25:17.554219,Riyadh,86,5.457,36.994
2025-11-19 17:25:17.554219,Riyadh,115,11.867,58.583
2025-11-04 18:25:17.554219,Doha,109,6.103,88.828
2025-11-04 19:25:17.554219,Doha,134,9.162,52.064
2025-11-04 20:25:17.554219,Doha,67,17.589,87.534
2025-11-04 21:25:17.554219,Doha,139,6.517,74.453
2025-11-04 22:25:17.554219,Doha,120,8.538,58.931
2025-11-04 23:25:17.554219,Doha,123,9.268,47.147
2025-11-05 00:25:17.554219,Doha,105,35.21,62.565
2025-11-05 01:25:17.554219,Doha,132,33.625,30.597
2025-11-05 02:25:17.554219,Doha,102,13.724,35.598
2025-11-05 03:25:17.554219,Doha,120,25.287,25.106
2025-11-05 04:25:17.554219,Doha,79,32.111,40.381
2025-11-05 05:25:17.554219,Doha,126,13.317,36.774
2025-11-05 06:25:17.554219,Doha,90,31.597,51.519
2025-11-05 07:25:17.554219,Doha,109,35.495,79.619
2025-11-05 08:25:17.554219,Doha,75,14.251,48.599
2025-11-05 09:25:17.554219,Doha,78,36.55,38.928
2025-11-05 10:25:17.554219,Doha,69,23.513,33.844
2025-11-05 11:25:17.554219,Doha,85,22.001,41.872
2025-11-05 12:25:17.554219,Doha,121,5.529,25.695
2025-11-05 13:25:17.554219,Doha,159,16.191,58.712
2025-11-05 14:25:17.554219,Doha,90,9.217,36.569
2025-11-05 15:25:17.554219,Doha,71,5.459,26.198
2025-11-05 16:25:17.554219,Doha,147,13.78,76.123
2025-11-05 17:25:17.554219,Doha,79,8.068,78.182
2025-11-05 18:25:17.554219,Doha,117,8.616,69.447
2025-11-05 19:25:17.554219,Doha,53,25.472,43.2
2025-11-05 20:25:17.554219,Doha,118,35.605,33.96
2025-11-05 21:25:17.554219,Doha,100,37.21,88.013
2025-11-05 22:25:17.554219,Doha,60,35.542,45.537
2025-11-05 23:25:17.554219,Doha,116,35.289,68.584
2025-11-06 00:25:17.554219,Doha,96,21.956,80.77
2025-11-06 01:25:17.554219,Doha,126,8.231,47.893
2025-11-06 02:25:17.554219,Doha,138,6.802,46.565
2025-11-06 03:25:17.554219,Doha,120,7.69,67.181
2025-11-06 04:25:17.554219,Doha,115,12.94,60.264
2025-11-06 05:25:17.554219,Doha,147,30.517,31.384
2025-11-06 06:25:17.554219,Doha,170,13.332,34.679
2025-11-06 07:25:17.554219,Doha,96,27.42,36.965
2025-11-06 08:25:17.554219,Doha,90,7.372,28.879
2025-11-06 09:25:17.554219,Doha,104,26.892,87.481
2025-11-06 10:25:17.554219,Doha,101,10.458,89.481
2025-11-06 11:25:17.554219,Doha,115,21.049,81.028
2025-11-06 12:25:17.554219,Doha,109,36.819,84.358
2025-11-06 13:25:17.554219,Doha,108,5.404,70.981
2025-11-06 14:25:17.554219,Doha,92,37.859,89.331
2025-11-06 15:25:17.554219,Doha,102,18.02,38.719
2025-11-06 16:25:17.554219,Doha,156,16.395,84.465
2025-11-06 17:25:17.554219,Doha,89,31.339,38.466
2025-11-06 18:25:17.554219,Doha,89,21.545,43.995
2025-11-06 19:25:17.554219,Doha,107,16.29,36.716
2025-11-06 20:25:17.554219,Doha,89,17.85,47.221
2025-11-06 21:25:17.554219,Doha,84,14.128,54.034
2025-11-06 22:25:17.554219,Doha,61,24.059,59.852
2025-11-06 23:25:17.554219,Doha,137,27.285,74.507
2025-11-07 00:25:17.554219,Doha,113,36.407,36.141
2025-11-07 01:25:17.554219,Doha,57,18.256,46.195
2025-11-07 02:25:17.554219,Doha,161,19.966,78.461
2025-11-07 03:25:17.554219,Doha,125,10.739,38.384
2025-11-07 04:25:17.554219,Doha,76,22.082,45.315
2025-11-07 05:25:17.554219,Doha,74,34.381,55.745
2025-11-07 06:25:17.554219,Doha,85,36.657,42.095
2025-11-07 07:25:17.554219,Doha,46,27.471,84.898
2025-11-07 08:25:17.554219,Doha,157,31.392,73.858
2025-11-07 09:25:17.554219,Doha,120,32.717,75.897
2025-11-07 10:25:17.554219,Doha,69,5.711,71.537
2025-11-07 11:25:17.554219,Doha,98,33.846,39.26
2025-11-07 12:25:17.554219,Doha,88,32.577,49.51
2025-11-07 13:25:17.554219,Doha,87,25.097,78.764
2025-11-07 14:25:17.554219,Doha,89,32.317,25.851
2025-11-07 15:25:17.554219,Doha,102,18.849,28.29
2025-11-07 16:25:17.554219,Doha,79,35.474,77.193
2025-11-07 17:25:17.554219,Doha,83,25.147,78.555
2025-11-07 18:25:17.554219,Doha,118,18.407,82.151
2025-11-07 19:25:17.554219,Doha,158,14.167,62.238
2025-11-07 20:25:17.554219,Doha,83,37.281,31.71
2025-11-07 21:25:17.554219,Doha,134,34.444,31.075
2025-11-07 22:25:17.554219,Doha,124,15.456,52.14
2025-11-07 23:25:17.554219,Doha,96,19.675,26.425
2025-11-08 00:25:17.554219,Doha,122,28.735,82.255
2025-11-08 01:25:17.554219,Doha,125,28.868,33.611
2025-11-08 02:25:17.554219,Doha,183,10.968,75.301
2025-11-08 03:25:17.554219,Doha,92,19.749,83.305
2025-11-08 04:25:17.554219,Doha,92,5.027,85.229
2025-11-08 05:25:17.554219,Doha,166,25.689,33.539
2025-11-08 06:25:17.554219,Doha,75,22.089,41.129
2025-11-08 07:25:17.554219,Doha,128,37.542,44.043
2025-11-08 08:25:17.554219,Doha,98,22.823,36.686
2025-11-08 09:25:17.554219,Doha,136,11.508,47.815
2025-11-08 10:25:17.554219,Doha,88,5.619,78.202
2025-11-08 11:25:17.554219,Doha,159,17.631,42.381
2025-11-08 12:25:17.554219,Doha,102,28.518,42.792
2025-11-08 13:25:17.554219,Doha,129,12.125,89.244
2025-11-08 14:25:17.554219,Doha,166,11.849,59.608
2025-11-08 15:25:17.554219,Doha,115,36.961,41.507
2025-11-08 16:25:17.554219,Doha,134,34.886,31.48
2025-11-08 17:25:17.554219,Doha,103,34.597,82.739
2025-11-08 18:25:17.554219,Doha,47,16.325,38.109
2025-11-08 19:25:17.554219,Doha,164,35.128,60.021
2025-11-08 20:25:17.554219,Doha,108,15.789,55.103
2025-11-08 21:25:17.554219,Doha,117,10.019,47.197
2025-11-08 22:25:17.554219,Doha,53,33.466,54.072
2025-11-08 23:25:17.554219,Doha,155,20.212,76.41
2025-11-09 00:25:17.554219,Doha,84,31.49,71.736
2025-11-09 01:25:17.554219,Doha,129,25.212,29.616
2025-11-09 02:25:17.554219,Doha,73,27.404,64.354
2025-11-09 03:25:17.554219,Doha,149,18.176,54.146
2025-11-09 04:25:17.554219,Doha,104,10.415,77.326
2025-11-09 05:25:17.554219,Doha,79,25.951,77.739
2025-11-09 06:25:17.554219,Doha,96,32.459,44.143
2025-11-09 07:25:17.554219,Doha,106,29.198,63.145
2025-11-09 08:25:17.554219,Doha,129,37.653,62.47
2025-11-09 09:25:17.554219,Doha,76,9.797,45.082
2025-11-09 10:25:17.554219,Doha,79,31.426,27.528
2025-11-09 11:25:17.554219,Doha,143,19.847,76.585
2025-11-09 12:25:17.554219,Doha,131,11.133,27.705
2025-11-09 13:25:17.554219,Doha,124,12.42,80.515
2025-11-09 14:25:17.554219,Doha,121,13.335,64.929
2025-11-09 15:25:17.554219,Doha,104,25.939,80.532
2025-11-09 16:25:17.554219,Doha,114,33.016,63.997
2025-11-09 17:25:17.554219,Doha,82,5.477,88.695
2025-11-09 18:25:17.554219,Doha,128,14.099,75.845
2025-11-09 19:25:17.554219,Doha,110,29.7,66.4
2025-11-09 20:25:17.554219,Doha,78,21.075,74.763
2025-11-09 21:25:17.554219,Doha,75,21.717,45.079
2025-11-09 22:25:17.554219,Doha,104,22.295,62.166
2025-11-09 23:25:17.554219,Doha,182,33.144,73.494
2025-11-10 00:25:17.554219,Doha,132,19.902,32.027
2025-11-10 01:25:17.554219,Doha,158,5.376,60.383
2025-11-10 02:25:17.554219,Doha,99,31.178,67.168
2025-11-10 03:25:17.554219,Doha,78,11.397,32.895
2025-11-10 04:25:17.554219,Doha,86,19.284,61.57
2025-11-10 05:25:17.554219,Doha,174,23.797,36.711
2025-11-10 06:25:17.554219,Doha,135,18.596,39.822
2025-11-10 07:25:17.554219,Doha,96,19.801,60.139
2025-11-10 08:25:17.554219,Doha,58,31.336,61.31
2025-11-10 09:25:17.554219,Doha,150,29.396,47.512
2025-11-10 10:25:17.554219,Doha,114,10.79,50.328
2025-11-10 11:25:17.554219,Doha,106,25.795,58.556
2025-11-10 12:25:17.554219,Doha,151,31.396,78.801
2025-11-10 13:25:17.554219,Doha,136,25.605,51.548
2025-11-10 14:25:17.554219,Doha,99,29.06,31.987
2025-11-10 15:25:17.554219,Doha,143,14.002,82.017
2025-11-10 16:25:17.554219,Doha,83,34.495,59.053
2025-11-10 17:25:17.554219,Doha,126,15.703,61.624
2025-11-10 18:25:17.554219,Doha,80,24.025,85.699
2025-11-10 19:25:17.554219,Doha,113,23.826,53.747
2025-11-10 20:25:17.554219,Doha,135,15.963,78.912
2025-11-10 21:25:17.554219,Doha,150,30.074,82.135
2025-11-10 22:25:17.554219,Doha,60,28.34,39.277
2025-11-10 23:25:17.554219,Doha,107,10.422,58.365
2025-11-11 00:25:17.554219,Doha,126,27.227,29.558
2025-11-11 01:25:17.554219,Doha,81,28.584,48.214
2025-11-11 02:25:17.554219,Doha,129,15.794,28
2025-11-11 03:25:17.554219,Doha,115,15.518,40.892
2025-11-11 04:25:17.554219,Doha,120,31.519,66.77
2025-11-11 05:25:17.554219,Doha,103,34.999,85.825
2025-11-11 06:25:17.554219,Doha,107,37.18,82.116
2025-11-11 07:25:17.554219,Doha,98,22.126,37.895
2025-11-11 08:25:17.554219,Doha,107,23.722,72.167
2025-11-11 09:25:17.554219,Doha,66,29.225,31.156
2025-11-11 10:25:17.554219,Doha,110,8.579,50.647
2025-11-11 11:25:17.554219,Doha,102,33.655,33.218
2025-11-11 12:25:17.554219,Doha,88,12.942,81.321
2025-11-11 13:25:17.554219,Doha,98,22.662,69.555
2025-11-11 14:25:17.554219,Doha,105,18.608,68.111
2025-11-11 15:25:17.554219,Doha,130,26.917,69.779
2025-11-11 16:25:17.554219,Doha,101,32.038,51.836
2025-11-11 17:25:17.554219,Doha,88,15.973,76.149
2025-11-11 18:25:17.554219,Doha,87,9.739,50.019
2025-11-11 19:25:17.554219,Doha,117,21.911,67.237
2025-11-11 20:25:17.554219,Doha,103,22.651,75.711
2025-11-11 21:25:17.554219,Doha,111,32.925,88.442
2025-11-11 22:25:17.554219,Doha,65,26.855,29.513
2025-11-11 23:25:17.554219,Doha,123,19.339,40.339
2025-11-12 00:25:17.554219,Doha,95,37.564,47.195
2025-11-12 01:25:17.554219,Doha,112,9.052,50.341
2025-11-12 02:25:17.554219,Doha,101,5.141,51.951
2025-11-12 03:25:17.554219,Doha,74,33.521,48.77
2025-11-12 04:25:17.554219,Doha,92,14.215,71.372
2025-11-12 05:25:17.554219,Doha,97,17.478,66.071
2025-11-12 06:25:17.554219,Doha,111,19.052,30.05
2025-11-12 07:25:17.554219,Doha,105,35.609,33.666
2025-11-12 08:25:17.554219,Doha,113,7.808,52.677
2025-11-12 09:25:17.554219,Doha,93,25.564,79.203
2025-11-12 10:25:17.554219,Doha,111,19.414,40.612
2025-11-12 11:25:17.554219,Doha,92,22.424,69.777
2025-11-12 12:25:17.554219,Doha,91,7.911,84.855
2025-11-12 13:25:17.554219,Doha,88,15.298,46.928
2025-11-12 14:25:17.554219,Doha,88,23.884,52.295
2025-11-12 15:25:17.554219,Doha,95,15.359,63.794
2025-11-12 16:25:17.554219,Doha,111,26.692,64.22
2025-11-12 17:25:17.554219,Doha,124,5.833,33.22
2025-11-12 18:25:17.554219,Doha,173,33.255,27.47
2025-11-12 19:25:17.554219,Doha,112,20.689,57.238
2025-11-12 20:25:17.554219,Doha,54,30.075,79.167
2025-11-12 21:25:17.554219,Doha,118,30.122,47.854
2025-11-12 22:25:17.554219,Doha,97,16.824,89.232
2025-11-12 23:25:17.554219,Doha,124,16.649,59.448
2025-11-13 00:25:17.554219,Doha,99,35.759,46.063
2025-11-13 01:25:17.554219,Doha,117,21.374,81.77
2025-11-13 02:25:17.554219,Doha,99,16.749,63.049
2025-11-13 03:25:17.554219,Doha,87,13.464,42.458
2025-11-13 04:25:17.554219,Doha,77,30.962,38.815
2025-11-13 05:25:17.554219,Doha,142,23.708,72.188
2025-11-13 06:25:17.554219,Doha,123,23.863,58.579
2025-11-13 07:25:17.554219,Doha,186,27.021,35.255
2025-11-13 08:25:17.554219,Doha,133,9.43,79.376
2025-11-13 09:25:17.554219,Doha,105,31.738,73.294
2025-11-13 10:25:17.554219,Doha,102,23.513,53.953
2025-11-13 11:25:17.554219,Doha,115,16.01,51.512
2025-11-13 12:25:17.554219,Doha,121,29.178,80.242
2025-11-13 13:25:17.554219,Doha,89,21.035,28.919
2025-11-13 14:25:17.554219,Doha,85,10.29,65.453
2025-11-13 15:25:17.554219,Doha,105,6.061,36.358
2025-11-13 16:25:17.554219,Doha,106,27.151,56.214
2025-11-13 17:25:17.554219,Doha,132,22.755,53.239
2025-11-13 18:25:17.554219,Doha,150,37.304,54.252
2025-11-13 19:25:17.554219,Doha,112,23.482,79.934
2025-11-13 20:25:17.554219,Doha,102,25.201,88.496
2025-11-13 21:25:17.554219,Doha,77,37.828,32.31
2025-11-13 22:25:17.554219,Doha,109,11.711,42.88
2025-11-13 23:25:17.554219,Doha,173,26.143,42.443
2025-11-14 00:25:17.554219,Doha,98,35.854,59.637
2025-11-14 01:25:17.554219,Doha,153,31.86,80.575
2025-11-14 02:25:17.554219,Doha,153,24.983,60.995
2025-11-14 03:25:17.554219,Doha,77,30.674,45.851
2025-11-14 04:25:17.554219,Doha,78,24.601,43.55
2025-11-14 05:25:17.554219,Doha,81,21.839,87.256
2025-11-14 06:25:17.554219,Doha,112,22.811,51.071
2025-11-14 07:25:17.554219,Doha,69,21.005,70.586
2025-11-14 08:25:17.554219,Doha,143,25.966,35.616
2025-11-14 09:25:17.554219,Doha,111,25.006,57.589
2025-11-14 10:25:17.554219,Doha,56,6.48,25.278
2025-11-14 11:25:17.554219,Doha,90,26.478,65.219
2025-11-14 12:25:17.554219,Doha,111,26.99,84.398
2025-11-14 13:25:17.554219,Doha,121,30.537,43.2
2025-11-14 14:25:17.554219,Doha,144,37.566,32.356
2025-11-14 15:25:17.554219,Doha,101,37.514,58.338
2025-11-14 16:25:17.554219,Doha,80,26.405,51.548
2025-11-14 17:25:17.554219,Doha,134,25.943,61.267
2025-11-14 18:25:17.554219,Doha,123,8.117,35.753
2025-11-14 19:25:17.554219,Doha,93,17.053,41.46
2025-11-14 20:25:17.554219,Doha,117,12.331,59.829
2025-11-14 21:25:17.554219,Doha,119,11.551,87.489
2025-11-14 22:25:17.554219,Doha,125,15.716,31.197
2025-11-14 23:25:17.554219,Doha,57,15.209,57.766
2025-11-15 00:25:17.554219,Doha,112,35.36,58.125
2025-11-15 01:25:17.554219,Doha,50,13.937,53.916
2025-11-15 02:25:17.554219,Doha,119,21.64,58.245
2025-11-15 03:25:17.554219,Doha,136,30.995,61.523
2025-11-15 04:25:17.554219,Doha,132,7.823,69.855
2025-11-15 05:25:17.554219,Doha,94,9.582,61.353
2025-11-15 06:25:17.554219,Doha,147,13.051,61.254
2025-11-15 07:25:17.554219,Doha,128,19.825,70.821
2025-11-15 08:25:17.554219,Doha,93,9.562,84.099
2025-11-15 09:25:17.554219,Doha,72,33.686,52.849
2025-11-15 10:25:17.554219,Doha,106,33.635,68.02
2025-11-15 11:25:17.554219,Doha,91,28.909,33.093
2025-11-15 12:25:17.554219,Doha,62,30.174,54.523
2025-11-15 13:25:17.554219,Doha,80,29.989,66.485
2025-11-15 14:25:17.554219,Doha,137,20.409,67.706
2025-11-15 15:25:17.554219,Doha,69,25.432,53.843
2025-11-15 16:25:17.554219,Doha,106,9.179,84.464
2025-11-15 17:25:17.554219,Doha,100,34.223,31.205
2025-11-15 18:25:17.554219,Doha,102,16.862,62.894
2025-11-15 19:25:17.554219,Doha,112,30.03,79.926
2025-11-15 20:25:17.554219,Doha,77,24.297,32.197
2025-11-15 21:25:17.554219,Doha,114,22.046,73.823
2025-11-15 22:25:17.554219,Doha,93,31.129,85.919
2025-11-15 23:25:17.554219,Doha,98,34.853,56.252
2025-11-16 00:25:17.554219,Doha,52,37.438,27.703
2025-11-16 01:25:17.554219,Doha,83,6.315,82.667
2025-11-16 02:25:17.554219,Doha,138,14.482,32.419
2025-11-16 03:25:17.554219,Doha,75,36.851,60.693
2025-11-16 04:25:17.554219,Doha,66,19.233,43.633
2025-11-16 05:25:17.554219,Doha,45,32.689,70.209
2025-11-16 06:25:17.554219,Doha,93,6.503,67.269
2025-11-16 07:25:17.554219,Doha,91,28.431,82.066
2025-11-16 08:25:17.554219,Doha,93,27.066,48.767
2025-11-16 09:25:17.554219,Doha,128,32.641,58.958
2025-11-16 10:25:17.554219,Doha,151,13.471,87.064
2025-11-16 11:25:17.554219,Doha,83,22.385,46.305
2025-11-16 12:25:17.554219,Doha,92,35.673,83.224
2025-11-16 13:25:17.554219,Doha,95,34.723,71.207
2025-11-16 14:25:17.554219,Doha,106,8.597,80.845
2025-11-16 15:25:17.554219,Doha,161,9.095,28.905
2025-11-16 16:25:17.554219,Doha,97,8.521,80.473
2025-11-16 17:25:17.554219,Doha,124,37.714,28.161
2025-11-16 18:25:17.554219,Doha,77,13.695,40.37
2025-11-16 19:25:17.554219,Doha,113,34.997,65.692
2025-11-16 20:25:17.554219,Doha,114,11.064,25.856
2025-11-16 21:25:17.554219,Doha,116,22.484,84.79
2025-11-16 22:25:17.554219,Doha,130,8.498,70.171
2025-11-16 23:25:17.554219,Doha,97,16.501,46.864
2025-11-17 00:25:17.554219,Doha,128,9.245,56.429
2025-11-17 01:25:17.554219,Doha,80,11.145,36.382
2025-11-17 02:25:17.554219,Doha,110,34.542,35.485
2025-11-17 03:25:17.554219,Doha,119,27.132,67.172
2025-11-17 04:25:17.554219,Doha,97,36.543,67.998
2025-11-17 05:25:17.554219,Doha,63,14.892,46.34
2025-11-17 06:25:17.554219,Doha,72,37.681,55.862
2025-11-17 07:25:17.554219,Doha,164,17.749,75.626
2025-11-17 08:25:17.554219,Doha,119,12.16,82.195
2025-11-17 09:25:17.554219,Doha,83,29.601,45.691
2025-11-17 10:25:17.554219,Doha,148,18.229,31.855
2025-11-17 11:25:17.554219,Doha,91,7.529,51.117
2025-11-17 12:25:17.554219,Doha,125,26.712,78.585
2025-11-17 13:25:17.554219,Doha,90,29.848,39.863
2025-11-17 14:25:17.554219,Doha,74,21.29,71.584
2025-11-17 15:25:17.554219,Doha,144,29.626,44.616
2025-11-17 16:25:17.554219,Doha,133,32.504,25.55
2025-11-17 17:25:17.554219,Doha,82,19.017,69.334
2025-11-17 18:25:17.554219,Doha,128,33.216,32.015
2025-11-17 19:25:17.554219,Doha,143,26.369,77.619
2025-11-17 20:25:17.554219,Doha,104,36.274,85.588
2025-11-17 21:25:17.554219,Doha,76,32.388,69.809
2025-11-17 22:25:17.554219,Doha,106,7.692,85.963
2025-11-17 23:25:17.554219,Doha,88,7.314,66.779
2025-11-18 00:25:17.554219,Doha,110,15.404,30.51
2025-11-18 01:25:17.554219,Doha,96,9.358,45.226
2025-11-18 02:25:17.554219,Doha,51,6.764,49.261
2025-11-18 03:25:17.554219,Doha,79,9.665,32.602
2025-11-18 04:25:17.554219,Doha,87,34.122,41.05
2025-11-18 05:25:17.554219,Doha,119,34.693,54.472
2025-11-18 06:25:17.554219,Doha,118,22.606,57.481
2025-11-18 07:25:17.554219,Doha,93,12.543,70.349
2025-11-18 08:25:17.554219,Doha,158,22.323,61.38
2025-11-18 09:25:17.554219,Doha,70,33.141,77.772
2025-11-18 10:25:17.554219,Doha,135,19.548,27.127
2025-11-18 11:25:17.554219,Doha,89,9.613,87.173
2025-11-18 12:25:17.554219,Doha,106,34.683,81.345
2025-11-18 13:25:17.554219,Doha,163,13.843,66.721
2025-11-18 14:25:17.554219,Doha,97,19.127,72.808
2025-11-18 15:25:17.554219,Doha,69,25.927,38.479
2025-11-18 16:25:17.554219,Doha,187,29.275,60.495
2025-11-18 17:25:17.554219,Doha,83,21.81,47.037
2025-11-18 18:25:17.554219,Doha,140,16.598,84.43
2025-11-18 19:25:17.554219,Doha,131,13.001,65.11
2025-11-18 20:25:17.554219,Doha,89,25.612,74.925
2025-11-18 21:25:17.554219,Doha,137,29.826,73.641
2025-11-18 22:25:17.554219,Doha,127,5.615,85.421
2025-11-18 23:25:17.554219,Doha,122,20.368,63.703
2025-11-19 00:25:17.554219,Doha,96,18.176,87.612
2025-11-19 01:25:17.554219,Doha,89,24.795,80.441
2025-11-19 02:25:17.554219,Doha,106,12.653,84.31
2025-11-19 03:25:17.554219,Doha,125,16.213,79.722
2025-11-19 04:25:17.554219,Doha,142,30.058,54.307
2025-11-19 05:25:17.554219,Doha,54,21.876,63.116
2025-11-19 06:25:17.554219,Doha,77,6.993,28.198
2025-11-19 07:25:17.554219,Doha,131,20.228,86.56
2025-11-19 08:25:17.554219,Doha,80,36.557,45.368
2025-11-19 09:25:17.554219,Doha,136,32.195,50.238
2025-11-19 10:25:17.554219,Doha,132,13.92,69.929
2025-11-19 11:25:17.554219,Doha,99,8.345,41.682
2025-11-19 12:25:17.554219,Doha,76,30.807,52.762
2025-11-19 13:25:17.554219,Doha,179,32.058,70.44
2025-11-19 14:25:17.554219,Doha,120,35.192,71.149
2025-11-19 15:25:17.554219,Doha,104,6.117,48.288
2025-11-19 16:25:17.554219,Doha,113,7.738,78.672
2025-11-19 17:25:17.554219,Doha,95,23.218,59.291
2025-11-04 18:25:17.554219,Mumbai,91,10.045,89.524
2025-11-04 19:25:17.554219,Mumbai,61,20.684,45.327
2025-11-04 20:25:17.554219,Mumbai,86,26.774,72.434
2025-11-04 21:25:17.554219,Mumbai,104,6.142,39.544
2025-11-04 22:25:17.554219,Mumbai,74,20.644,57.349
2025-11-04 23:25:17.554219,Mumbai,123,35.993,73.584
2025-11-05 00:25:17.554219,Mumbai,87,6.79,39.268
2025-11-05 01:25:17.554219,Mumbai,98,19.321,26.372
2025-11-05 02:25:17.554219,Mumbai,105,31.968,36.48
2025-11-05 03:25:17.554219,Mumbai,104,33.481,66.759
2025-11-05 04:25:17.554219,Mumbai,130,37.937,73.219
2025-11-05 05:25:17.554219,Mumbai,103,15.122,89.562
2025-11-05 06:25:17.554219,Mumbai,120,20.024,56.386
2025-11-05 07:25:17.554219,Mumbai,103,35.156,66.04
2025-11-05 08:25:17.554219,Mumbai,127,36.198,41.802
2025-11-05 09:25:17.554219,Mumbai,101,34.025,27.784
2025-11-05 10:25:17.554219,Mumbai,88,25.693,26.511
2025-11-05 11:25:17.554219,Mumbai,88,24.095,76.767
2025-11-05 12:25:17.554219,Mumbai,102,18.03,37.29
2025-11-05 13:25:17.554219,Mumbai,89,18.455,39.172
2025-11-05 14:25:17.554219,Mumbai,87,36.48,57.096
2025-11-05 15:25:17.554219,Mumbai,87,32.893,65.538
2025-11-05 16:25:17.554219,Mumbai,131,15.095,66.747
2025-11-05 17:25:17.554219,Mumbai,133,11.809,84.061
2025-11-05 18:25:17.554219,Mumbai,84,19.701,32.244
2025-11-05 19:25:17.554219,Mumbai,161,19.082,25.847
2025-11-05 20:25:17.554219,Mumbai,57,11.618,61.188
2025-11-05 21:25:17.554219,Mumbai,88,14.853,57.411
2025-11-05 22:25:17.554219,Mumbai,128,35.621,58.038
2025-11-05 23:25:17.554219,Mumbai,86,19.211,59.874
2025-11-06 00:25:17.554219,Mumbai,96,28.048,62.744
2025-11-06 01:25:17.554219,Mumbai,141,24.051,72.727
2025-11-06 02:25:17.554219,Mumbai,117,30.349,31.259
2025-11-06 03:25:17.554219,Mumbai,145,28.041,39.155
2025-11-06 04:25:17.554219,Mumbai,95,23.936,43.601
2025-11-06 05:25:17.554219,Mumbai,118,34.612,46.534
2025-11-06 06:25:17.554219,Mumbai,104,29.629,47.155
2025-11-06 07:25:17.554219,Mumbai,110,11.149,79.988
2025-11-06 08:25:17.554219,Mumbai,120,14.982,78.681
2025-11-06 09:25:17.554219,Mumbai,108,11.633,88.949
2025-11-06 10:25:17.554219,Mumbai,70,10.849,66.373
2025-11-06 11:25:17.554219,Mumbai,121,27.065,71.078
2025-11-06 12:25:17.554219,Mumbai,144,6.412,67.036
2025-11-06 13:25:17.554219,Mumbai,75,25.803,65.519
2025-11-06 14:25:17.554219,Mumbai,129,25.678,30.353
2025-11-06 15:25:17.554219,Mumbai,107,27.16,58.934
2025-11-06 16:25:17.554219,Mumbai,129,11.837,42.292
2025-11-06 17:25:17.554219,Mumbai,120,35.484,50.009
2025-11-06 18:25:17.554219,Mumbai,136,27.696,74.877
2025-11-06 19:25:17.554219,Mumbai,135,6.185,34.197
2025-11-06 20:25:17.554219,Mumbai,125,13.174,36.972
2025-11-06 21:25:17.554219,Mumbai,95,29.927,30.609
2025-11-06 22:25:17.554219,Mumbai,74,27.982,87.387
2025-11-06 23:25:17.554219,Mumbai,141,12.822,87.765
2025-11-07 00:25:17.554219,Mumbai,122,35.91,86.384
2025-11-07 01:25:17.554219,Mumbai,109,14.352,69.884
2025-11-07 02:25:17.554219,Mumbai,110,17.095,64.756
2025-11-07 03:25:17.554219,Mumbai,92,21.687,84.435
2025-11-07 04:25:17.554219,Mumbai,153,7.523,82.941
2025-11-07 05:25:17.554219,Mumbai,155,31.425,80.718
2025-11-07 06:25:17.554219,Mumbai,119,10.073,62.48
2025-11-07 07:25:17.554219,Mumbai,154,6.649,27.078
2025-11-07 08:25:17.554219,Mumbai,102,15.572,68.445
2025-11-07 09:25:17.554219,Mumbai,90,31.688,49.593
2025-11-07 10:25:17.554219,Mumbai,85,26.244,76.048
2025-11-07 11:25:17.554219,Mumbai,74,18.653,64.908
2025-11-07 12:25:17.554219,Mumbai,147,23.24,36.956
2025-11-07 13:25:17.554219,Mumbai,52,24.29,86.228
2025-11-07 14:25:17.554219,Mumbai,100,34.414,51.863
2025-11-07 15:25:17.554219,Mumbai,169,13.912,41.98
2025-11-07 16:25:17.554219,Mumbai,108,30.968,39.528
2025-11-07 17:25:17.554219,Mumbai,105,13.059,62.218
2025-11-07 18:25:17.554219,Mumbai,71,6.639,69.374
2025-11-07 19:25:17.554219,Mumbai,87,32.544,60.537
2025-11-07 20:25:17.554219,Mumbai,108,26.345,42.429
2025-11-07 21:25:17.554219,Mumbai,111,30.186,52.737
2025-11-07 22:25:17.554219,Mumbai,84,16.469,31.844
2025-11-07 23:25:17.554219,Mumbai,67,29.018,72.847
2025-11-08 00:25:17.554219,Mumbai,155,8.351,50.32
2025-11-08 01:25:17.554219,Mumbai,145,8.741,40.334
2025-11-08 02:25:17.554219,Mumbai,103,35.747,58.426
2025-11-08 03:25:17.554219,Mumbai,98,31.823,65.104
2025-11-08 04:25:17.554219,Mumbai,128,36.348,54.591
2025-11-08 05:25:17.554219,Mumbai,128,11.247,52.028
2025-11-08 06:25:17.554219,Mumbai,119,29.685,58.011
2025-11-08 07:25:17.554219,Mumbai,86,5.506,59.728
2025-11-08 08:25:17.554219,Mumbai,130,35.665,50.188
2025-11-08 09:25:17.554219,Mumbai,146,17.868,88.933
2025-11-08 10:25:17.554219,Mumbai,103,11.67,31.061
2025-11-08 11:25:17.554219,Mumbai,144,37.582,65.778
2025-11-08 12:25:17.554219,Mumbai,107,16.954,86.321
2025-11-08 13:25:17.554219,Mumbai,76,33.847,86.263
2025-11-08 14:25:17.554219,Mumbai,90,37.827,40.092
2025-11-08 15:25:17.554219,Mumbai,138,11.741,82.29
2025-11-08 16:25:17.554219,Mumbai,97,18.856,51.669
2025-11-08 17:25:17.554219,Mumbai,72,6.526,30.754
2025-11-08 18:25:17.554219,Mumbai,119,35.492,38.752
2025-11-08 19:25:17.554219,Mumbai,80,19.653,82.768
2025-11-08 20:25:17.554219,Mumbai,96,29.413,33.523
2025-11-08 21:25:17.554219,Mumbai,101,7.995,79.928
2025-11-08 22:25:17.554219,Mumbai,100,6.466,57.112
2025-11-08 23:25:17.554219,Mumbai,126,23.358,49.127
2025-11-09 00:25:17.554219,Mumbai,78,35.007,85.418
2025-11-09 01:25:17.554219,Mumbai,117,26.286,64.705
2025-11-09 02:25:17.554219,Mumbai,145,11.03,77.808
2025-11-09 03:25:17.554219,Mumbai,141,31.371,35.281
2025-11-09 04:25:17.554219,Mumbai,96,15.994,59.321
2025-11-09 05:25:17.554219,Mumbai,92,36.818,85.729
2025-11-09 06:25:17.554219,Mumbai,88,27.034,82.846
2025-11-09 07:25:17.554219,Mumbai,107,19.889,40.189
2025-11-09 08:25:17.554219,Mumbai,72,19.457,89.32
2025-11-09 09:25:17.554219,Mumbai,96,25.296,86.694
2025-11-09 10:25:17.554219,Mumbai,116,17.42,72.329
2025-11-09 11:25:17.554219,Mumbai,112,31.654,69.174
2025-11-09 12:25:17.554219,Mumbai,76,23.898,71.876
2025-11-09 13:25:17.554219,Mumbai,154,23.043,58.793
2025-11-09 14:25:17.554219,Mumbai,85,11.35,69.921
2025-11-09 15:25:17.554219,Mumbai,116,22.173,32.358
2025-11-09 16:25:17.554219,Mumbai,94,32.483,38.109
2025-11-09 17:25:17.554219,Mumbai,91,24.323,81.147
2025-11-09 18:25:17.554219,Mumbai,143,27.075,86.044
2025-11-09 19:25:17.554219,Mumbai,145,28.223,39.654
2025-11-09 20:25:17.554219,Mumbai,83,23.832,39.585
2025-11-09 21:25:17.554219,Mumbai,103,23.163,80.156
2025-11-09 22:25:17.554219,Mumbai,113,9.965,81.191
2025-11-09 23:25:17.554219,Mumbai,105,36.969,36.759
2025-11-10 00:25:17.554219,Mumbai,107,34.153,31.109
2025-11-10 01:25:17.554219,Mumbai,70,20.533,49.479
2025-11-10 02:25:17.554219,Mumbai,110,22.225,79.771
2025-11-10 03:25:17.554219,Mumbai,86,5.407,61.955
2025-11-10 04:25:17.554219,Mumbai,119,37.369,76.332
2025-11-10 05:25:17.554219,Mumbai,81,36.595,53.102
2025-11-10 06:25:17.554219,Mumbai,92,30.089,50.653
2025-11-10 07:25:17.554219,Mumbai,73,33.184,32.381
2025-11-10 08:25:17.554219,Mumbai,97,20.254,52.966
2025-11-10 09:25:17.554219,Mumbai,103,12.629,67.667
2025-11-10 10:25:17.554219,Mumbai,69,37.376,31.006
2025-11-10 11:25:17.554219,Mumbai,85,6.984,89.706
2025-11-10 12:25:17.554219,Mumbai,175,8.132,56.529
2025-11-10 13:25:17.554219,Mumbai,95,32.067,75.059
2025-11-10 14:25:17.554219,Mumbai,122,21.581,28.758
2025-11-10 15:25:17.554219,Mumbai,158,20.098,31.248
2025-11-10 16:25:17.554219,Mumbai,78,22.093,44.327
2025-11-10 17:25:17.554219,Mumbai,111,23.911,69.509
2025-11-10 18:25:17.554219,Mumbai,70,24.472,63.812
2025-11-10 19:25:17.554219,Mumbai,107,28.032,62.458
2025-11-10 20:25:17.554219,Mumbai,85,10.901,76.31
2025-11-10 21:25:17.554219,Mumbai,119,27.423,32.565
2025-11-10 22:25:17.554219,Mumbai,101,25.229,84.34
2025-11-10 23:25:17.554219,Mumbai,105,7.78,85.262
2025-11-11 00:25:17.554219,Mumbai,91,36.546,65.277
2025-11-11 01:25:17.554219,Mumbai,93,21.643,74.593
2025-11-11 02:25:17.554219,Mumbai,95,11.311,70.373
2025-11-11 03:25:17.554219,Mumbai,94,25.757,29.38
2025-11-11 04:25:17.554219,Mumbai,60,27.015,78.037
2025-11-11 05:25:17.554219,Mumbai,111,13.802,71.06
2025-11-11 06:25:17.554219,Mumbai,80,23.624,76.242
2025-11-11 07:25:17.554219,Mumbai,107,29.631,37.018
2025-11-11 08:25:17.554219,Mumbai,103,7.13,52.528
2025-11-11 09:25:17.554219,Mumbai,106,11.573,57.854
2025-11-11 10:25:17.554219,Mumbai,139,19.519,66.715
2025-11-11 11:25:17.554219,Mumbai,182,12.845,73.544
2025-11-11 12:25:17.554219,Mumbai,76,23.253,69.567
2025-11-11 13:25:17.554219,Mumbai,74,28.873,70.736
2025-11-11 14:25:17.554219,Mumbai,128,5.423,46.475
2025-11-11 15:25:17.554219,Mumbai,126,13.319,68.99
2025-11-11 16:25:17.554219,Mumbai,130,34.578,59.991
2025-11-11 17:25:17.554219,Mumbai,107,36.617,34.884
2025-11-11 18:25:17.554219,Mumbai,100,26.143,43.418
2025-11-11 19:25:17.554219,Mumbai,55,32.11,25.207
2025-11-11 20:25:17.554219,Mumbai,89,19.82,46.343
2025-11-11 21:25:17.554219,Mumbai,92,6.35,35.036
2025-11-11 22:25:17.554219,Mumbai,112,20.708,85.617
2025-11-11 23:25:17.554219,Mumbai,139,19.855,37.641
2025-11-12 00:25:17.554219,Mumbai,124,26.554,75.741
2025-11-12 01:25:17.554219,Mumbai,117,22.755,43.446
2025-11-12 02:25:17.554219,Mumbai,97,31.156,79.611
2025-11-12 03:25:17.554219,Mumbai,84,9.119,51.76
2025-11-12 04:25:17.554219,Mumbai,126,6.566,36.612
2025-11-12 05:25:17.554219,Mumbai,100,12.155,66.426
2025-11-12 06:25:17.554219,Mumbai,117,27.523,88.851
2025-11-12 07:25:17.554219,Mumbai,108,27.012,74.876
2025-11-12 08:25:17.554219,Mumbai,97,19.751,59.943
2025-11-12 09:25:17.554219,Mumbai,112,6.18,48.056
2025-11-12 10:25:17.554219,Mumbai,104,28.976,86.45
2025-11-12 11:25:17.554219,Mumbai,83,14.213,77.202
2025-11-12 12:25:17.554219,Mumbai,98,32.401,89.364
2025-11-12 13:25:17.554219,Mumbai,51,30.499,34.365
2025-11-12 14:25:17.554219,Mumbai,97,26.372,31.719
2025-11-12 15:25:17.554219,Mumbai,144,36.695,53.235
2025-11-12 16:25:17.554219,Mumbai,107,34.445,36.454
2025-11-12 17:25:17.554219,Mumbai,114,28.279,69.094
2025-11-12 18:25:17.554219,Mumbai,117,16.45,52.462
2025-11-12 19:25:17.554219,Mumbai,90,36.082,33.784
2025-11-12 20:25:17.554219,Mumbai,100,5.896,56.554
2025-11-12 21:25:17.554219,Mumbai,39,20.914,89.344
2025-11-12 22:25:17.554219,Mumbai,112,34.378,64.603
2025-11-12 23:25:17.554219,Mumbai,90,32.874,53.367
2025-11-13 00:25:17.554219,Mumbai,108,8.739,55.593
2025-11-13 01:25:17.554219,Mumbai,107,17.081,41.326
2025-11-13 02:25:17.554219,Mumbai,82,33.086,76.964
2025-11-13 03:25:17.554219,Mumbai,92,21.064,77.478
2025-11-13 04:25:17.554219,Mumbai,126,22.718,34.874
2025-11-13 05:25:17.554219,Mumbai,73,10.06,65.56
2025-11-13 06:25:17.554219,Mumbai,127,20.96,63.08
2025-11-13 07:25:17.554219,Mumbai,95,26.551,41.65
2025-11-13 08:25:17.554219,Mumbai,173,26.654,68.048
2025-11-13 09:25:17.554219,Mumbai,115,22.595,56.044
2025-11-13 10:25:17.554219,Mumbai,105,27.128,51.088
2025-11-13 11:25:17.554219,Mumbai,103,18.461,79.646
2025-11-13 12:25:17.554219,Mumbai,70,28.525,69.282
2025-11-13 13:25:17.554219,Mumbai,160,16.426,78.532
2025-11-13 14:25:17.554219,Mumbai,83,37.19,31.6
2025-11-13 15:25:17.554219,Mumbai,88,6.36,59.639
2025-11-13 16:25:17.554219,Mumbai,98,22.582,31.859
2025-11-13 17:25:17.554219,Mumbai,95,9.53,86.066
2025-11-13 18:25:17.554219,Mumbai,151,26.85,25.289
2025-11-13 19:25:17.554219,Mumbai,128,20.292,51.437
2025-11-13 20:25:17.554219,Mumbai,136,33.523,27.8
2025-11-13 21:25:17.554219,Mumbai,73,18.402,67.751
2025-11-13 22:25:17.554219,Mumbai,95,21.659,71.251
2025-11-13 23:25:17.554219,Mumbai,149,31.836,83.468
2025-11-14 00:25:17.554219,Mumbai,171,11.101,84.005
2025-11-14 01:25:17.554219,Mumbai,100,13.565,57.45
2025-11-14 02:25:17.554219,Mumbai,136,11.401,89.102
2025-11-14 03:25:17.554219,Mumbai,120,33.076,73.143
2025-11-14 04:25:17.554219,Mumbai,96,17.941,36.011
2025-11-14 05:25:17.554219,Mumbai,95,16.539,33.242
2025-11-14 06:25:17.554219,Mumbai,79,21.965,27.272
2025-11-14 07:25:17.554219,Mumbai,123,22.749,45.084
2025-11-14 08:25:17.554219,Mumbai,97,28.038,26.544
2025-11-14 09:25:17.554219,Mumbai,90,20.328,88.996
2025-11-14 10:25:17.554219,Mumbai,117,25.5,72.021
2025-11-14 11:25:17.554219,Mumbai,83,16.839,86.104
2025-11-14 12:25:17.554219,Mumbai,120,15.757,48.582
2025-11-14 13:25:17.554219,Mumbai,109,17.357,50.836
2025-11-14 14:25:17.554219,Mumbai,71,21.188,70.687
2025-11-14 15:25:17.554219,Mumbai,86,5.279,79.217
2025-11-14 16:25:17.554219,Mumbai,88,6.504,61.926
2025-11-14 17:25:17.554219,Mumbai,73,17.627,87.237
2025-11-14 18:25:17.554219,Mumbai,114,27.132,74.943
2025-11-14 19:25:17.554219,Mumbai,112,9.334,81.407
2025-11-14 20:25:17.554219,Mumbai,116,9.818,28.604
2025-11-14 21:25:17.554219,Mumbai,90,26.634,60.75
2025-11-14 22:25:17.554219,Mumbai,92,20.117,27.647
2025-11-14 23:25:17.554219,Mumbai,129,37.613,76.197
2025-11-15 00:25:17.554219,Mumbai,115,28.649,57.022
2025-11-15 01:25:17.554219,Mumbai,64,11.568,68.599
2025-11-15 02:25:17.554219,Mumbai,141,19.992,88.971
2025-11-15 03:25:17.554219,Mumbai,152,29.099,28.684
2025-11-15 04:25:17.554219,Mumbai,104,16.498,48.735
2025-11-15 05:25:17.554219,Mumbai,102,18.443,76.791
2025-11-15 06:25:17.554219,Mumbai,69,13.055,26.339
2025-11-15 07:25:17.554219,Mumbai,125,21.884,52.788
2025-11-15 08:25:17.554219,Mumbai,89,32.666,78.208
2025-11-15 09:25:17.554219,Mumbai,75,21.841,65.04
2025-11-15 10:25:17.554219,Mumbai,95,30.729,58.487
2025-11-15 11:25:17.554219,Mumbai,125,19.407,67.178
2025-11-15 12:25:17.554219,Mumbai,134,21.908,42.831
2025-11-15 13:25:17.554219,Mumbai,88,16.312,72.558
2025-11-15 14:25:17.554219,Mumbai,63,21.865,80.413
2025-11-15 15:25:17.554219,Mumbai,110,19.906,84.718
2025-11-15 16:25:17.554219,Mumbai,114,14.118,68.299
2025-11-15 17:25:17.554219,Mumbai,100,19.898,84.247
2025-11-15 18:25:17.554219,Mumbai,93,5.447,52.362
2025-11-15 19:25:17.554219,Mumbai,92,18.598,57.06
2025-11-15 20:25:17.554219,Mumbai,96,7.283,45.019
2025-11-15 21:25:17.554219,Mumbai,194,32.153,53.831
2025-11-15 22:25:17.554219,Mumbai,122,9.354,33.949
2025-11-15 23:25:17.554219,Mumbai,92,10.63,33.452
2025-11-16 00:25:17.554219,Mumbai,67,9.566,58.645
2025-11-16 01:25:17.554219,Mumbai,75,23.249,33.796
2025-11-16 02:25:17.554219,Mumbai,106,17.528,72.719
2025-11-16 03:25:17.554219,Mumbai,82,29.793,70.38
2025-11-16 04:25:17.554219,Mumbai,84,25.43,29.36
2025-11-16 05:25:17.554219,Mumbai,133,16.794,88.791
2025-11-16 06:25:17.554219,Mumbai,102,32.124,27.956
2025-11-16 07:25:17.554219,Mumbai,89,33.218,50.235
2025-11-16 08:25:17.554219,Mumbai,90,17.392,84.121
2025-11-16 09:25:17.554219,Mumbai,66,16.946,31.297
2025-11-16 10:25:17.554219,Mumbai,143,8.665,36.778
2025-11-16 11:25:17.554219,Mumbai,94,12.031,29.302
2025-11-16 12:25:17.554219,Mumbai,134,5.918,61.015
2025-11-16 13:25:17.554219,Mumbai,92,6.82,49.242
2025-11-16 14:25:17.554219,Mumbai,62,7.842,32.373
2025-11-16 15:25:17.554219,Mumbai,132,19.755,71.562
2025-11-16 16:25:17.554219,Mumbai,148,15.966,61.362
2025-11-16 17:25:17.554219,Mumbai,100,25.488,50.592
2025-11-16 18:25:17.554219,Mumbai,126,21.906,64.893
2025-11-16 19:25:17.554219,Mumbai,103,21.754,50.001
2025-11-16 20:25:17.554219,Mumbai,142,32.692,27.983
2025-11-16 21:25:17.554219,Mumbai,100,35.316,58.963
2025-11-16 22:25:17.554219,Mumbai,103,27.216,88.914
2025-11-16 23:25:17.554219,Mumbai,79,24.706,67.944
2025-11-17 00:25:17.554219,Mumbai,133,29.347,69.283
2025-11-17 01:25:17.554219,Mumbai,67,26.914,83.347
2025-11-17 02:25:17.554219,Mumbai,70,19.332,47.664
2025-11-17 03:25:17.554219,Mumbai,116,36.651,72.881
2025-11-17 04:25:17.554219,Mumbai,69,17.044,45.609
2025-11-17 05:25:17.554219,Mumbai,126,32.117,34.617
2025-11-17 06:25:17.554219,Mumbai,96,5.495,54.517
2025-11-17 07:25:17.554219,Mumbai,85,7.081,25.566
2025-11-17 08:25:17.554219,Mumbai,108,10.319,79.803
2025-11-17 09:25:17.554219,Mumbai,191,37.271,83.946
2025-11-17 10:25:17.554219,Mumbai,125,20.293,30.161
2025-11-17 11:25:17.554219,Mumbai,114,11.505,88.355
2025-11-17 12:25:17.554219,Mumbai,121,24.574,86.487
2025-11-17 13:25:17.554219,Mumbai,172,36.088,59.012
2025-11-17 14:25:17.554219,Mumbai,79,11.017,46.629
2025-11-17 15:25:17.554219,Mumbai,62,20.087,40.301
2025-11-17 16:25:17.554219,Mumbai,76,15.264,42.447
2025-11-17 17:25:17.554219,Mumbai,109,8.418,54.712
2025-11-17 18:25:17.554219,Mumbai,89,11.652,66.836
2025-11-17 19:25:17.554219,Mumbai,97,27.665,85.602
2025-11-17 20:25:17.554219,Mumbai,105,25.239,89.902
2025-11-17 21:25:17.554219,Mumbai,118,28.342,26.04
2025-11-17 22:25:17.554219,Mumbai,81,7.535,50.501
2025-11-17 23:25:17.554219,Mumbai,93,29.857,54.284
2025-11-18 00:25:17.554219,Mumbai,81,9.97,70.419
2025-11-18 01:25:17.554219,Mumbai,44,37.159,49.226
2025-11-18 02:25:17.554219,Mumbai,105,29.127,30.416
2025-11-18 03:25:17.554219,Mumbai,92,15.215,61.021
2025-11-18 04:25:17.554219,Mumbai,103,17.118,80.191
2025-11-18 05:25:17.554219,Mumbai,69,9.414,88.73
2025-11-18 06:25:17.554219,Mumbai,132,27.81,26.453
2025-11-18 07:25:17.554219,Mumbai,63,7.281,61.914
2025-11-18 08:25:17.554219,Mumbai,84,7.117,33.994
2025-11-18 09:25:17.554219,Mumbai,89,20.828,29.036
2025-11-18 10:25:17.554219,Mumbai,88,14.602,68.461
2025-11-18 11:25:17.554219,Mumbai,106,25.03,30.495
2025-11-18 12:25:17.554219,Mumbai,137,27.394,27.74
2025-11-18 13:25:17.554219,Mumbai,84,35.014,63.218
2025-11-18 14:25:17.554219,Mumbai,98,25.228,69.832
2025-11-18 15:25:17.554219,Mumbai,97,20.984,29.493
2025-11-18 16:25:17.554219,Mumbai,163,14.093,44.566
2025-11-18 17:25:17.554219,Mumbai,115,25.102,46.056
2025-11-18 18:25:17.554219,Mumbai,135,25.033,35.104
2025-11-18 19:25:17.554219,Mumbai,72,14.125,47.697
2025-11-18 20:25:17.554219,Mumbai,54,24.372,33.993
2025-11-18 21:25:17.554219,Mumbai,118,19.079,48.819
2025-11-18 22:25:17.554219,Mumbai,100,7.039,71.466
2025-11-18 23:25:17.554219,Mumbai,127,14.544,89.027
2025-11-19 00:25:17.554219,Mumbai,135,21.194,62.938
2025-11-19 01:25:17.554219,Mumbai,154,25.167,27.732
2025-11-19 02:25:17.554219,Mumbai,96,7.737,50.078
2025-11-19 03:25:17.554219,Mumbai,156,19.536,62.53
2025-11-19 04:25:17.554219,Mumbai,95,33.839,50.59
2025-11-19 05:25:17.554219,Mumbai,126,36.352,60.82
2025-11-19 06:25:17.554219,Mumbai,89,20.74,53.522
2025-11-19 07:25:17.554219,Mumbai,127,27.569,73.746
2025-11-19 08:25:17.554219,Mumbai,112,25.349,75.32
2025-11-19 09:25:17.554219,Mumbai,78,13.629,65.553
2025-11-19 10:25:17.554219,Mumbai,109,19.061,68.988
2025-11-19 11:25:17.554219,Mumbai,95,22.476,44.271
2025-11-19 12:25:17.554219,Mumbai,102,15.687,63.154
2025-11-19 13:25:17.554219,Mumbai,107,29.427,63.215
2025-11-19 14:25:17.554219,Mumbai,73,21.653,31.403
2025-11-19 15:25:17.554219,Mumbai,115,12.446,81.809
2025-11-19 16:25:17.554219,Mumbai,105,23.821,83.459
2025-11-19 17:25:17.554219,Mumbai,121,31.426,78.917
2025-11-04 18:25:17.554219,Delhi,89,33.54,40.15
2025-11-04 19:25:17.554219,Delhi,133,23.468,30.788
2025-11-04 20:25:17.554219,Delhi,131,16.154,55.117
2025-11-04 21:25:17.554219,Delhi,61,35.881,86.602
2025-11-04 22:25:17.554219,Delhi,109,37.776,55.852
2025-11-04 23:25:17.554219,Delhi,86,36.346,61.347
2025-11-05 00:25:17.554219,Delhi,124,19.959,38.1
2025-11-05 01:25:17.554219,Delhi,90,20.309,25.261
2025-11-05 02:25:17.554219,Delhi,110,19.464,87.713
2025-11-05 03:25:17.554219,Delhi,119,31.539,47.032
2025-11-05 04:25:17.554219,Delhi,100,32.218,73.547
2025-11-05 05:25:17.554219,Delhi,127,35.804,78.981
2025-11-05 06:25:17.554219,Delhi,78,7.21,25.927
2025-11-05 07:25:17.554219,Delhi,73,27.73,41.195
2025-11-05 08:25:17.554219,Delhi,93,30.781,87.442
2025-11-05 09:25:17.554219,Delhi,75,31.057,73.578
2025-11-05 10:25:17.554219,Delhi,129,22.861,72.683
2025-11-05 11:25:17.554219,Delhi,119,27.921,58.336
2025-11-05 12:25:17.554219,Delhi,162,37.415,87.369
2025-11-05 13:25:17.554219,Delhi,86,13.831,67.693
2025-11-05 14:25:17.554219,Delhi,139,13.803,80.531
2025-11-05 15:25:17.554219,Delhi,101,25.049,27.905
2025-11-05 16:25:17.554219,Delhi,123,8.964,80.112
2025-11-05 17:25:17.554219,Delhi,112,8.428,53.601
2025-11-05 18:25:17.554219,Delhi,103,25.525,56.802
2025-11-05 19:25:17.554219,Delhi,84,10.475,32.511
2025-11-05 20:25:17.554219,Delhi,117,5.797,26.94
2025-11-05 21:25:17.554219,Delhi,107,5.342,80.894
2025-11-05 22:25:17.554219,Delhi,109,23.884,46.753
2025-11-05 23:25:17.554219,Delhi,106,20.563,53.51
2025-11-06 00:25:17.554219,Delhi,126,27.115,31.778
2025-11-06 01:25:17.554219,Delhi,143,29.424,79.604
2025-11-06 02:25:17.554219,Delhi,86,10.426,64.322
2025-11-06 03:25:17.554219,Delhi,97,33.494,55.053
2025-11-06 04:25:17.554219,Delhi,111,23.879,55.637
2025-11-06 05:25:17.554219,Delhi,100,29.327,37.534
2025-11-06 06:25:17.554219,Delhi,91,11.451,63.16
2025-11-06 07:25:17.554219,Delhi,86,30.726,81.164
2025-11-06 08:25:17.554219,Delhi,109,6.988,63.854
2025-11-06 09:25:17.554219,Delhi,102,32.552,71.291
2025-11-06 10:25:17.554219,Delhi,123,35.523,78.756
2025-11-06 11:25:17.554219,Delhi,142,20.153,79.306
2025-11-06 12:25:17.554219,Delhi,115,36.536,76.962
2025-11-06 13:25:17.554219,Delhi,105,8.401,27.904
2025-11-06 14:25:17.554219,Delhi,121,35.384,66.579
2025-11-06 15:25:17.554219,Delhi,116,9.126,82.688
2025-11-06 16:25:17.554219,Delhi,119,22.545,39.047
2025-11-06 17:25:17.554219,Delhi,85,20.551,84.401
2025-11-06 18:25:17.554219,Delhi,100,29.885,76.78
2025-11-06 19:25:17.554219,Delhi,75,36.94,26.325
2025-11-06 20:25:17.554219,Delhi,87,24.876,73.009
2025-11-06 21:25:17.554219,Delhi,160,11.552,61.403
2025-11-06 22:25:17.554219,Delhi,110,20.237,33.892
2025-11-06 23:25:17.554219,Delhi,158,17.131,49.954
2025-11-07 00:25:17.554219,Delhi,105,17.891,89.912
2025-11-07 01:25:17.554219,Delhi,95,12.266,62.232
2025-11-07 02:25:17.554219,Delhi,137,36.991,65.328
2025-11-07 03:25:17.554219,Delhi,123,18.873,31.398
2025-11-07 04:25:17.554219,Delhi,68,20.436,46.797
2025-11-07 05:25:17.554219,Delhi,156,29.403,68.01
2025-11-07 06:25:17.554219,Delhi,74,19.528,71.135
2025-11-07 07:25:17.554219,Delhi,99,28.575,39.428
2025-11-07 08:25:17.554219,Delhi,66,32.983,28.256
2025-11-07 09:25:17.554219,Delhi,88,29.565,76.054
2025-11-07 10:25:17.554219,Delhi,89,32.895,81.238
2025-11-07 11:25:17.554219,Delhi,127,15.873,60.701
2025-11-07 12:25:17.554219,Delhi,85,17.693,28.784
2025-11-07 13:25:17.554219,Delhi,101,23.995,36.963
2025-11-07 14:25:17.554219,Delhi,85,21.105,43.956
2025-11-07 15:25:17.554219,Delhi,106,8.971,78.051
2025-11-07 16:25:17.554219,Delhi,89,35.551,47.943
2025-11-07 17:25:17.554219,Delhi,121,21.167,34.011
2025-11-07 18:25:17.554219,Delhi,106,24.581,28.519
2025-11-07 19:25:17.554219,Delhi,85,31.145,63.797
2025-11-07 20:25:17.554219,Delhi,90,35.953,28.391
2025-11-07 21:25:17.554219,Delhi,141,34.117,73.059
2025-11-07 22:25:17.554219,Delhi,85,8.834,48.516
2025-11-07 23:25:17.554219,Delhi,70,17.685,62.946
2025-11-08 00:25:17.554219,Delhi,40,29.219,87.467
2025-11-08 01:25:17.554219,Delhi,131,17.55,77.634
2025-11-08 02:25:17.554219,Delhi,118,8.641,43.954
2025-11-08 03:25:17.554219,Delhi,110,12.204,62.479
2025-11-08 04:25:17.554219,Delhi,73,5.792,46.303
2025-11-08 05:25:17.554219,Delhi,111,13.85,41.94
2025-11-08 06:25:17.554219,Delhi,121,34.79,64.208
2025-11-08 07:25:17.554219,Delhi,123,13.101,31.232
2025-11-08 08:25:17.554219,Delhi,102,34.101,27.156
2025-11-08 09:25:17.554219,Delhi,88,6.601,33.551
2025-11-08 10:25:17.554219,Delhi,125,35.118,74.069
2025-11-08 11:25:17.554219,Delhi,102,22.548,46.986
2025-11-08 12:25:17.554219,Delhi,75,37.17,81.422
2025-11-08 13:25:17.554219,Delhi,104,31.296,78.676
2025-11-08 14:25:17.554219,Delhi,71,11.438,80.026
2025-11-08 15:25:17.554219,Delhi,117,30.702,52.493
2025-11-08 16:25:17.554219,Delhi,56,12.423,52.237
2025-11-08 17:25:17.554219,Delhi,87,34.391,38.756
2025-11-08 18:25:17.554219,Delhi,81,20.94,47.364
2025-11-08 19:25:17.554219,Delhi,86,23.68,48.417
2025-11-08 20:25:17.554219,Delhi,97,9.375,66.64
2025-11-08 21:25:17.554219,Delhi,157,5.082,45.153
2025-11-08 22:25:17.554219,Delhi,158,20.013,30.602
2025-11-08 23:25:17.554219,Delhi,111,9.808,59.619
2025-11-09 00:25:17.554219,Delhi,126,21.044,81.082
2025-11-09 01:25:17.554219,Delhi,92,32.73,35.333
2025-11-09 02:25:17.554219,Delhi,71,33.414,43.268
2025-11-09 03:25:17.554219,Delhi,103,30.842,31.5
2025-11-09 04:25:17.554219,Delhi,89,6.513,37.054
2025-11-09 05:25:17.554219,Delhi,89,26.763,86.441
2025-11-09 06:25:17.554219,Delhi,113,12.374,37.475
2025-11-09 07:25:17.554219,Delhi,46,24.13,51.745
2025-11-09 08:25:17.554219,Delhi,63,19.233,65.299
2025-11-09 09:25:17.554219,Delhi,91,28.542,83.095
2025-11-09 10:25:17.554219,Delhi,155,29.558,79.978
2025-11-09 11:25:17.554219,Delhi,109,29.69,89.102
2025-11-09 12:25:17.554219,Delhi,189,10.302,71.682
2025-11-09 13:25:17.554219,Delhi,153,34.682,80.371
2025-11-09 14:25:17.554219,Delhi,134,17.109,72.267
2025-11-09 15:25:17.554219,Delhi,110,23.368,72.747
2025-11-09 16:25:17.554219,Delhi,134,25.577,49.679
2025-11-09 17:25:17.554219,Delhi,96,28.236,89.686
2025-11-09 18:25:17.554219,Delhi,82,29.321,73.196
2025-11-09 19:25:17.554219,Delhi,121,36.583,53.341
2025-11-09 20:25:17.554219,Delhi,59,37.38,39.261
2025-11-09 21:25:17.554219,Delhi,96,8.645,69.996
2025-11-09 22:25:17.554219,Delhi,129,22.174,50.14
2025-11-09 23:25:17.554219,Delhi,126,31.538,76.649
2025-11-10 00:25:17.554219,Delhi,129,31.346,87.754
2025-11-10 01:25:17.554219,Delhi,129,21.921,76.28
2025-11-10 02:25:17.554219,Delhi,96,25.074,78.147
2025-11-10 03:25:17.554219,Delhi,87,34.929,87.069
2025-11-10 04:25:17.554219,Delhi,108,16.353,85.295
2025-11-10 05:25:17.554219,Delhi,114,16.336,76.983
2025-11-10 06:25:17.554219,Delhi,77,27.108,43.879
2025-11-10 07:25:17.554219,Delhi,100,15.999,54.177
2025-11-10 08:25:17.554219,Delhi,134,29.095,72.621
2025-11-10 09:25:17.554219,Delhi,132,8.363,80.062
2025-11-10 10:25:17.554219,Delhi,131,5.207,67.476
2025-11-10 11:25:17.554219,Delhi,118,26.99,52.171
2025-11-10 12:25:17.554219,Delhi,66,32.519,46.776
2025-11-10 13:25:17.554219,Delhi,116,11.513,81.738
2025-11-10 14:25:17.554219,Delhi,140,37.723,45.122
2025-11-10 15:25:17.554219,Delhi,99,36.879,74.625
2025-11-10 16:25:17.554219,Delhi,128,10.571,86.641
2025-11-10 17:25:17.554219,Delhi,124,27.837,28.363
2025-11-10 18:25:17.554219,Delhi,91,14.078,56.586
2025-11-10 19:25:17.554219,Delhi,112,13.633,25.184
2025-11-10 20:25:17.554219,Delhi,106,33.943,70.581
2025-11-10 21:25:17.554219,Delhi,90,7.453,63.559
2025-11-10 22:25:17.554219,Delhi,122,28.281,74.021
2025-11-10 23:25:17.554219,Delhi,104,17.472,34.34
2025-11-11 00:25:17.554219,Delhi,85,24.25,53.083
2025-11-11 01:25:17.554219,Delhi,88,6.368,84.147
2025-11-11 02:25:17.554219,Delhi,111,35.529,41.155
2025-11-11 03:25:17.554219,Delhi,70,28.511,30.842
2025-11-11 04:25:17.554219,Delhi,123,37.789,28.597
2025-11-11 05:25:17.554219,Delhi,69,24.888,37.24
2025-11-11 06:25:17.554219,Delhi,127,27.196,57.419
2025-11-11 07:25:17.554219,Delhi,108,31.457,43.563
2025-11-11 08:25:17.554219,Delhi,101,30.697,51.458
2025-11-11 09:25:17.554219,Delhi,76,15.773,85.7
2025-11-11 10:25:17.554219,Delhi,134,31.457,75.905
2025-11-11 11:25:17.554219,Delhi,68,5.982,43.346
2025-11-11 12:25:17.554219,Delhi,95,16.319,67.122
2025-11-11 13:25:17.554219,Delhi,67,27.198,45.124
2025-11-11 14:25:17.554219,Delhi,107,19.058,31.283
2025-11-11 15:25:17.554219,Delhi,82,22.377,51.615
2025-11-11 16:25:17.554219,Delhi,173,30.796,58.68
2025-11-11 17:25:17.554219,Delhi,91,17.138,42.852
2025-11-11 18:25:17.554219,Delhi,153,5.052,25.872
2025-11-11 19:25:17.554219,Delhi,99,30.818,43.863
2025-11-11 20:25:17.554219,Delhi,92,27.179,44.58
2025-11-11 21:25:17.554219,Delhi,114,12.8,28.366
2025-11-11 22:25:17.554219,Delhi,100,25.904,40.012
2025-11-11 23:25:17.554219,Delhi,62,32.515,31.333
2025-11-12 00:25:17.554219,Delhi,112,8.689,85.252
2025-11-12 01:25:17.554219,Delhi,88,31.595,53.021
2025-11-12 02:25:17.554219,Delhi,157,22.042,76.373
2025-11-12 03:25:17.554219,Delhi,149,20.708,48.611
2025-11-12 04:25:17.554219,Delhi,73,7.717,83.628
2025-11-12 05:25:17.554219,Delhi,155,6.353,43.494
2025-11-12 06:25:17.554219,Delhi,95,11.881,48.234
2025-11-12 07:25:17.554219,Delhi,65,22.13,84.189
2025-11-12 08:25:17.554219,Delhi,104,36.233,69.039
2025-11-12 09:25:17.554219,Delhi,48,36.286,28.847
2025-11-12 10:25:17.554219,Delhi,195,34.274,49.015
2025-11-12 11:25:17.554219,Delhi,88,30.463,87.929
2025-11-12 12:25:17.554219,Delhi,135,34.6,86.283
2025-11-12 13:25:17.554219,Delhi,132,5.192,25.334
2025-11-12 14:25:17.554219,Delhi,105,16.454,46.052
2025-11-12 15:25:17.554219,Delhi,94,12.683,51.321
2025-11-12 16:25:17.554219,Delhi,69,29.171,78.54
2025-11-12 17:25:17.554219,Delhi,117,6.413,79.622
2025-11-12 18:25:17.554219,Delhi,107,14.102,81.565
2025-11-12 19:25:17.554219,Delhi,95,10.768,35.994
2025-11-12 20:25:17.554219,Delhi,121,26.344,89.612
2025-11-12 21:25:17.554219,Delhi,122,19.595,61.26
2025-11-12 22:25:17.554219,Delhi,119,18.316,79.297
2025-11-12 23:25:17.554219,Delhi,78,32.889,41.745
2025-11-13 00:25:17.554219,Delhi,95,8.493,85.098
2025-11-13 01:25:17.554219,Delhi,154,27.621,55.134
2025-11-13 02:25:17.554219,Delhi,86,28.233,27.063
2025-11-13 03:25:17.554219,Delhi,84,10.078,43.517
2025-11-13 04:25:17.554219,Delhi,106,35.625,33.597
2025-11-13 05:25:17.554219,Delhi,80,16.477,36.978
2025-11-13 06:25:17.554219,Delhi,125,19.968,81.408
2025-11-13 07:25:17.554219,Delhi,177,31.28,42.722
2025-11-13 08:25:17.554219,Delhi,103,12.117,54.948
2025-11-13 09:25:17.554219,Delhi,106,13.863,64.789
2025-11-13 10:25:17.554219,Delhi,99,21.021,27.032
2025-11-13 11:25:17.554219,Delhi,64,36.21,50.384
2025-11-13 12:25:17.554219,Delhi,158,15.451,63.271
2025-11-13 13:25:17.554219,Delhi,110,16.347,47.239
2025-11-13 14:25:17.554219,Delhi,152,35.543,34.835
2025-11-13 15:25:17.554219,Delhi,75,37.37,35.486
2025-11-13 16:25:17.554219,Delhi,82,35.877,31.561
2025-11-13 17:25:17.554219,Delhi,131,24.143,40.289
2025-11-13 18:25:17.554219,Delhi,91,26.709,46.114
2025-11-13 19:25:17.554219,Delhi,90,26.581,35.347
2025-11-13 20:25:17.554219,Delhi,161,10.1,89.181
2025-11-13 21:25:17.554219,Delhi,74,27.83,80.693
2025-11-13 22:25:17.554219,Delhi,128,28.041,73.474
2025-11-13 23:25:17.554219,Delhi,121,24.015,26.917
2025-11-14 00:25:17.554219,Delhi,112,6.738,55.02
2025-11-14 01:25:17.554219,Delhi,126,7.361,60.861
2025-11-14 02:25:17.554219,Delhi,141,36.374,78.326
2025-11-14 03:25:17.554219,Delhi,85,37.591,77.901
2025-11-14 04:25:17.554219,Delhi,108,37.932,60.741
2025-11-14 05:25:17.554219,Delhi,126,5.332,33.689
2025-11-14 06:25:17.554219,Delhi,126,16.406,34.891
2025-11-14 07:25:17.554219,Delhi,103,21.876,59.852
2025-11-14 08:25:17.554219,Delhi,83,15.526,36.529
2025-11-14 09:25:17.554219,Delhi,115,11.108,69.563
2025-11-14 10:25:17.554219,Delhi,128,26.782,42.856
2025-11-14 11:25:17.554219,Delhi,93,16.148,60.376
2025-11-14 12:25:17.554219,Delhi,88,34.881,28.33
2025-11-14 13:25:17.554219,Delhi,126,14.374,78.643
2025-11-14 14:25:17.554219,Delhi,77,22.77,74.107
2025-11-14 15:25:17.554219,Delhi,90,5.953,82.783
2025-11-14 16:25:17.554219,Delhi,146,37.496,61.924
2025-11-14 17:25:17.554219,Delhi,129,23.157,28.245
2025-11-14 18:25:17.554219,Delhi,96,14.475,33.565
2025-11-14 19:25:17.554219,Delhi,98,8.276,37.41
2025-11-14 20:25:17.554219,Delhi,103,36.899,43.819
2025-11-14 21:25:17.554219,Delhi,104,15.36,74.433
2025-11-14 22:25:17.554219,Delhi,89,6.599,27.064
2025-11-14 23:25:17.554219,Delhi,120,10.286,52.575
2025-11-15 00:25:17.554219,Delhi,90,15.587,48.738
2025-11-15 01:25:17.554219,Delhi,100,20.492,59.75
2025-11-15 02:25:17.554219,Delhi,91,20.92,38.575
2025-11-15 03:25:17.554219,Delhi,166,27.408,64.269
2025-11-15 04:25:17.554219,Delhi,89,30.571,29.579
2025-11-15 05:25:17.554219,Delhi,91,6.538,31.318
2025-11-15 06:25:17.554219,Delhi,53,36.099,67.573
2025-11-15 07:25:17.554219,Delhi,126,18.141,85.358
2025-11-15 08:25:17.554219,Delhi,100,29.591,81.871
2025-11-15 09:25:17.554219,Delhi,85,7.398,71.275
2025-11-15 10:25:17.554219,Delhi,69,16.128,44.055
2025-11-15 11:25:17.554219,Delhi,105,33.842,59.142
2025-11-15 12:25:17.554219,Delhi,99,10.95,40.426
2025-11-15 13:25:17.554219,Delhi,90,11.927,25.463
2025-11-15 14:25:17.554219,Delhi,135,34.432,40.299
2025-11-15 15:25:17.554219,Delhi,117,11.326,32.437
2025-11-15 16:25:17.554219,Delhi,130,9.988,78.549
2025-11-15 17:25:17.554219,Delhi,105,19.078,60.702
2025-11-15 18:25:17.554219,Delhi,98,26.317,51.412
2025-11-15 19:25:17.554219,Delhi,88,14.492,69.236
2025-11-15 20:25:17.554219,Delhi,124,13.293,62.586
2025-11-15 21:25:17.554219,Delhi,116,27.788,85.612
2025-11-15 22:25:17.554219,Delhi,67,34.965,84.018
2025-11-15 23:25:17.554219,Delhi,144,32.272,67.514
2025-11-16 00:25:17.554219,Delhi,80,35.167,59.869
2025-11-16 01:25:17.554219,Delhi,93,11.383,69.388
2025-11-16 02:25:17.554219,Delhi,105,23.681,88.205
2025-11-16 03:25:17.554219,Delhi,91,18.292,63.534
2025-11-16 04:25:17.554219,Delhi,67,37.984,42.923
2025-11-16 05:25:17.554219,Delhi,120,31.592,35.059
2025-11-16 06:25:17.554219,Delhi,103,8.458,31.376
2025-11-16 07:25:17.554219,Delhi,78,14.432,88.435
2025-11-16 08:25:17.554219,Delhi,160,13.045,61.753
2025-11-16 09:25:17.554219,Delhi,95,34.866,65.81
2025-11-16 10:25:17.554219,Delhi,106,36.889,74.336
2025-11-16 11:25:17.554219,Delhi,108,5.221,66.781
2025-11-16 12:25:17.554219,Delhi,151,23.503,89.238
2025-11-16 13:25:17.554219,Delhi,92,9.085,66.668
2025-11-16 14:25:17.554219,Delhi,125,37.416,55.714
2025-11-16 15:25:17.554219,Delhi,101,24.029,35.114
2025-11-16 16:25:17.554219,Delhi,119,33.649,49.952
2025-11-16 17:25:17.554219,Delhi,127,37.748,44.858
2025-11-16 18:25:17.554219,Delhi,84,31.565,84.359
2025-11-16 19:25:17.554219,Delhi,135,11.938,59.715
2025-11-16 20:25:17.554219,Delhi,79,16.6,59.779
2025-11-16 21:25:17.554219,Delhi,140,9.506,57.115
2025-11-16 22:25:17.554219,Delhi,151,35.008,67.138
2025-11-16 23:25:17.554219,Delhi,136,11.034,88.8
2025-11-17 00:25:17.554219,Delhi,102,16.373,70.716
2025-11-17 01:25:17.554219,Delhi,108,16.2,27.588
2025-11-17 02:25:17.554219,Delhi,84,15.882,56.878
2025-11-17 03:25:17.554219,Delhi,105,27.918,89.211
2025-11-17 04:25:17.554219,Delhi,97,18.272,63.231
2025-11-17 05:25:17.554219,Delhi,135,29.453,49.124
2025-11-17 06:25:17.554219,Delhi,84,13.219,65.583
2025-11-17 07:25:17.554219,Delhi,78,7.331,29.07
2025-11-17 08:25:17.554219,Delhi,101,26.205,54.551
2025-11-17 09:25:17.554219,Delhi,94,18.815,56.818
2025-11-17 10:25:17.554219,Delhi,91,6.04,66.117
2025-11-17 11:25:17.554219,Delhi,113,34.258,51.997
2025-11-17 12:25:17.554219,Delhi,90,37.467,30.997
2025-11-17 13:25:17.554219,Delhi,98,19.273,37.039
2025-11-17 14:25:17.554219,Delhi,107,8.256,46.628
2025-11-17 15:25:17.554219,Delhi,105,25,67.116
2025-11-17 16:25:17.554219,Delhi,109,10.81,43.185
2025-11-17 17:25:17.554219,Delhi,132,17.515,89.271
2025-11-17 18:25:17.554219,Delhi,88,33.561,50.041
2025-11-17 19:25:17.554219,Delhi,102,33.678,86.837
2025-11-17 20:25:17.554219,Delhi,136,36.908,60.155
2025-11-17 21:25:17.554219,Delhi,89,23.15,41.995
2025-11-17 22:25:17.554219,Delhi,104,31.124,64.758
2025-11-17 23:25:17.554219,Delhi,114,35.038,68.547
2025-11-18 00:25:17.554219,Delhi,101,10.295,52.385
2025-11-18 01:25:17.554219,Delhi,129,30.427,67.603
2025-11-18 02:25:17.554219,Delhi,112,7.042,38.19
2025-11-18 03:25:17.554219,Delhi,124,18.421,72.322
2025-11-18 04:25:17.554219,Delhi,125,27.787,84.958
2025-11-18 05:25:17.554219,Delhi,109,33.776,73.487
2025-11-18 06:25:17.554219,Delhi,93,33.524,88.952
2025-11-18 07:25:17.554219,Delhi,91,11.272,73.717
2025-11-18 08:25:17.554219,Delhi,89,9.944,77.413
2025-11-18 09:25:17.554219,Delhi,100,31.503,79.849
2025-11-18 10:25:17.554219,Delhi,92,31.683,68.235
2025-11-18 11:25:17.554219,Delhi,94,34.026,44.832
2025-11-18 12:25:17.554219,Delhi,124,19.977,47.183
2025-11-18 13:25:17.554219,Delhi,137,20.593,84.136
2025-11-18 14:25:17.554219,Delhi,131,20.141,51.649
2025-11-18 15:25:17.554219,Delhi,134,7.594,49.742
2025-11-18 16:25:17.554219,Delhi,91,24.131,69.723
2025-11-18 17:25:17.554219,Delhi,113,34.597,47.522
2025-11-18 18:25:17.554219,Delhi,87,21.278,80.849
2025-11-18 19:25:17.554219,Delhi,75,23.481,52.464
2025-11-18 20:25:17.554219,Delhi,181,18.714,60.559
2025-11-18 21:25:17.554219,Delhi,122,9.115,86.623
2025-11-18 22:25:17.554219,Delhi,80,8.853,26.941
2025-11-18 23:25:17.554219,Delhi,112,11.24,61.074
2025-11-19 00:25:17.554219,Delhi,67,34.897,54.441
2025-11-19 01:25:17.554219,Delhi,140,36.1,60.697
2025-11-19 02:25:17.554219,Delhi,64,6.641,75.226
2025-11-19 03:25:17.554219,Delhi,102,28.24,87.657
2025-11-19 04:25:17.554219,Delhi,105,27.95,87.29
2025-11-19 05:25:17.554219,Delhi,105,31.821,68.718
2025-11-19 06:25:17.554219,Delhi,100,6.543,49.45
2025-11-19 07:25:17.554219,Delhi,136,19.881,60.224
2025-11-19 08:25:17.554219,Delhi,100,13.977,73.943
2025-11-19 09:25:17.554219,Delhi,73,12.27,61.879
2025-11-19 10:25:17.554219,Delhi,98,35.639,31.761
2025-11-19 11:25:17.554219,Delhi,105,23.226,42.734
2025-11-19 12:25:17.554219,Delhi,88,25.304,27.683
2025-11-19 13:25:17.554219,Delhi,143,11.819,80.977
2025-11-19 14:25:17.554219,Delhi,97,21.355,41.076
2025-11-19 15:25:17.554219,Delhi,74,37.608,43.422
2025-11-19 16:25:17.554219,Delhi,154,27.715,80.107
2025-11-19 17:25:17.554219,Delhi,124,12.333,86.384
2025-11-04 18:25:17.554219,Bengaluru,54,16.939,86.85
2025-11-04 19:25:17.554219,Bengaluru,109,33.617,41.622
2025-11-04 20:25:17.554219,Bengaluru,71,8.049,52.069
2025-11-04 21:25:17.554219,Bengaluru,62,35.431,79.57
2025-11-04 22:25:17.554219,Bengaluru,162,19.661,78.628
2025-11-04 23:25:17.554219,Bengaluru,79,24.965,78.528
2025-11-05 00:25:17.554219,Bengaluru,80,22.419,47.063
2025-11-05 01:25:17.554219,Bengaluru,108,5.307,47.301
2025-11-05 02:25:17.554219,Bengaluru,115,14.926,40.879
2025-11-05 03:25:17.554219,Bengaluru,63,22.432,56.839
2025-11-05 04:25:17.554219,Bengaluru,91,18.803,41.029
2025-11-05 05:25:17.554219,Bengaluru,70,19.514,88.094
2025-11-05 06:25:17.554219,Bengaluru,116,6.91,56.261
2025-11-05 07:25:17.554219,Bengaluru,66,15.135,43.664
2025-11-05 08:25:17.554219,Bengaluru,90,5.492,75.307
2025-11-05 09:25:17.554219,Bengaluru,81,25.717,73.872
2025-11-05 10:25:17.554219,Bengaluru,132,9.805,62.783
2025-11-05 11:25:17.554219,Bengaluru,74,8.434,27.193
2025-11-05 12:25:17.554219,Bengaluru,100,37.442,59.859
2025-11-05 13:25:17.554219,Bengaluru,95,5.305,29.454
2025-11-05 14:25:17.554219,Bengaluru,142,13.335,37.78
2025-11-05 15:25:17.554219,Bengaluru,140,12.228,86.127
2025-11-05 16:25:17.554219,Bengaluru,107,32.558,79.029
2025-11-05 17:25:17.554219,Bengaluru,121,20.745,72.88
2025-11-05 18:25:17.554219,Bengaluru,57,21.189,64.094
2025-11-05 19:25:17.554219,Bengaluru,90,19.05,29.404
2025-11-05 20:25:17.554219,Bengaluru,145,17.444,51.013
2025-11-05 21:25:17.554219,Bengaluru,89,16.604,59.493
2025-11-05 22:25:17.554219,Bengaluru,91,12.033,48.088
2025-11-05 23:25:17.554219,Bengaluru,88,35.7,43.744
2025-11-06 00:25:17.554219,Bengaluru,91,24.853,55.944
2025-11-06 01:25:17.554219,Bengaluru,90,12.306,65.239
2025-11-06 02:25:17.554219,Bengaluru,93,25.959,72.816
2025-11-06 03:25:17.554219,Bengaluru,115,8.407,61.563
2025-11-06 04:25:17.554219,Bengaluru,145,32.313,60.981
2025-11-06 05:25:17.554219,Bengaluru,120,11.85,88.338
2025-11-06 06:25:17.554219,Bengaluru,70,5.236,75.974
2025-11-06 07:25:17.554219,Bengaluru,112,33.397,27.062
2025-11-06 08:25:17.554219,Bengaluru,103,17.038,44.423
2025-11-06 09:25:17.554219,Bengaluru,151,29.642,70.426
2025-11-06 10:25:17.554219,Bengaluru,89,14.441,25.52
2025-11-06 11:25:17.554219,Bengaluru,85,29.796,82.483
2025-11-06 12:25:17.554219,Bengaluru,60,11.146,53.775
2025-11-06 13:25:17.554219,Bengaluru,45,9.937,60.89
2025-11-06 14:25:17.554219,Bengaluru,96,7.081,43.844
2025-11-06 15:25:17.554219,Bengaluru,119,6.631,43.29
2025-11-06 16:25:17.554219,Bengaluru,89,21.269,73.194
2025-11-06 17:25:17.554219,Bengaluru,91,32.369,41.508
2025-11-06 18:25:17.554219,Bengaluru,102,5.678,75.78
2025-11-06 19:25:17.554219,Bengaluru,100,21.742,40.171
2025-11-06 20:25:17.554219,Bengaluru,56,27.842,35.704
2025-11-06 21:25:17.554219,Bengaluru,109,31.237,46.414
2025-11-06 22:25:17.554219,Bengaluru,115,23.85,83.723
2025-11-06 23:25:17.554219,Bengaluru,61,17.171,63.673
2025-11-07 00:25:17.554219,Bengaluru,95,11.649,80.627
2025-11-07 01:25:17.554219,Bengaluru,85,25.58,39.148
2025-11-07 02:25:17.554219,Bengaluru,80,13.617,26.122
2025-11-07 03:25:17.554219,Bengaluru,77,12.295,68.12
2025-11-07 04:25:17.554219,Bengaluru,46,31.055,37.239
2025-11-07 05:25:17.554219,Bengaluru,106,5.341,46.581
2025-11-07 06:25:17.554219,Bengaluru,66,33.611,54.171
2025-11-07 07:25:17.554219,Bengaluru,72,32.02,81.418
2025-11-07 08:25:17.554219,Bengaluru,87,21.979,71.758
2025-11-07 09:25:17.554219,Bengaluru,123,7.245,58.68
2025-11-07 10:25:17.554219,Bengaluru,103,11.219,66.847
2025-11-07 11:25:17.554219,Bengaluru,108,30.612,78.573
2025-11-07 12:25:17.554219,Bengaluru,133,31.766,43.446
2025-11-07 13:25:17.554219,Bengaluru,96,36.785,66.538
2025-11-07 14:25:17.554219,Bengaluru,76,5.078,67.68
2025-11-07 15:25:17.554219,Bengaluru,147,9.764,53.873
2025-11-07 16:25:17.554219,Bengaluru,78,34.182,42.054
2025-11-07 17:25:17.554219,Bengaluru,154,10.77,51.778
2025-11-07 18:25:17.554219,Bengaluru,83,30.309,65.934
2025-11-07 19:25:17.554219,Bengaluru,115,14.64,60.575
2025-11-07 20:25:17.554219,Bengaluru,105,34.675,63.754
2025-11-07 21:25:17.554219,Bengaluru,89,24.127,64.875
2025-11-07 22:25:17.554219,Bengaluru,92,26.463,27.979
2025-11-07 23:25:17.554219,Bengaluru,92,26.466,40.917
2025-11-08 00:25:17.554219,Bengaluru,82,23.962,66.174
2025-11-08 01:25:17.554219,Bengaluru,94,33.253,65.78
2025-11-08 02:25:17.554219,Bengaluru,75,11.257,78.236
2025-11-08 03:25:17.554219,Bengaluru,130,9.677,63.403
2025-11-08 04:25:17.554219,Bengaluru,108,36.919,37.914
2025-11-08 05:25:17.554219,Bengaluru,79,24.919,31.127
2025-11-08 06:25:17.554219,Bengaluru,97,5.192,48.834
2025-11-08 07:25:17.554219,Bengaluru,93,10.883,81.523
2025-11-08 08:25:17.554219,Bengaluru,102,11.947,83.101
2025-11-08 09:25:17.554219,Bengaluru,50,19.245,84.234
2025-11-08 10:25:17.554219,Bengaluru,98,23.582,79.356
2025-11-08 11:25:17.554219,Bengaluru,175,5.724,53.177
2025-11-08 12:25:17.554219,Bengaluru,109,24.657,56.831
2025-11-08 13:25:17.554219,Bengaluru,54,16.974,35.88
2025-11-08 14:25:17.554219,Bengaluru,112,6.818,87.643
2025-11-08 15:25:17.554219,Bengaluru,106,17.339,83.964
2025-11-08 16:25:17.554219,Bengaluru,113,24.555,33.372
2025-11-08 17:25:17.554219,Bengaluru,133,30.928,52.018
2025-11-08 18:25:17.554219,Bengaluru,94,34.839,57.777
2025-11-08 19:25:17.554219,Bengaluru,69,8.952,65.81
2025-11-08 20:25:17.554219,Bengaluru,121,31.935,28.349
2025-11-08 21:25:17.554219,Bengaluru,148,12.762,38.858
2025-11-08 22:25:17.554219,Bengaluru,88,32.492,44.133
2025-11-08 23:25:17.554219,Bengaluru,99,29.626,55.902
2025-11-09 00:25:17.554219,Bengaluru,139,28.738,36.7
2025-11-09 01:25:17.554219,Bengaluru,84,14.262,68.355
2025-11-09 02:25:17.554219,Bengaluru,122,36.676,48.44
2025-11-09 03:25:17.554219,Bengaluru,109,31.753,44.908
2025-11-09 04:25:17.554219,Bengaluru,96,29.396,49.25
2025-11-09 05:25:17.554219,Bengaluru,117,12.039,32.499
2025-11-09 06:25:17.554219,Bengaluru,96,34.67,82.245
2025-11-09 07:25:17.554219,Bengaluru,107,12.696,34.273
2025-11-09 08:25:17.554219,Bengaluru,134,8.402,72.353
2025-11-09 09:25:17.554219,Bengaluru,112,37.051,47.998
2025-11-09 10:25:17.554219,Bengaluru,91,36.646,58.49
2025-11-09 11:25:17.554219,Bengaluru,168,19.437,54.277
2025-11-09 12:25:17.554219,Bengaluru,120,15.153,71.54
2025-11-09 13:25:17.554219,Bengaluru,160,21.29,87.91
2025-11-09 14:25:17.554219,Bengaluru,108,34.543,70.429
2025-11-09 15:25:17.554219,Bengaluru,71,21.233,72.653
2025-11-09 16:25:17.554219,Bengaluru,93,12.636,54.006
2025-11-09 17:25:17.554219,Bengaluru,107,12.058,64.839
2025-11-09 18:25:17.554219,Bengaluru,119,18.762,47.431
2025-11-09 19:25:17.554219,Bengaluru,102,28.539,76.579
2025-11-09 20:25:17.554219,Bengaluru,96,33.902,67.613
2025-11-09 21:25:17.554219,Bengaluru,91,24.91,84.019
2025-11-09 22:25:17.554219,Bengaluru,81,28.001,85.776
2025-11-09 23:25:17.554219,Bengaluru,100,34.251,58.947
2025-11-10 00:25:17.554219,Bengaluru,122,9.647,63.457
2025-11-10 01:25:17.554219,Bengaluru,59,15.641,54.744
2025-11-10 02:25:17.554219,Bengaluru,127,5.263,75.895
2025-11-10 03:25:17.554219,Bengaluru,45,9.211,54.446
2025-11-10 04:25:17.554219,Bengaluru,107,8.407,48.13
2025-11-10 05:25:17.554219,Bengaluru,116,35.609,54.061
2025-11-10 06:25:17.554219,Bengaluru,98,11.359,66.385
2025-11-10 07:25:17.554219,Bengaluru,106,12.271,55.272
2025-11-10 08:25:17.554219,Bengaluru,94,26.142,33.255
2025-11-10 09:25:17.554219,Bengaluru,72,5.276,62.079
2025-11-10 10:25:17.554219,Bengaluru,75,23.407,66.313
2025-11-10 11:25:17.554219,Bengaluru,68,33.793,30.118
2025-11-10 12:25:17.554219,Bengaluru,101,12.761,46.476
2025-11-10 13:25:17.554219,Bengaluru,93,23.709,34.785
2025-11-10 14:25:17.554219,Bengaluru,129,26.368,56.071
2025-11-10 15:25:17.554219,Bengaluru,80,10.144,87.489
2025-11-10 16:25:17.554219,Bengaluru,67,6.91,41.56
2025-11-10 17:25:17.554219,Bengaluru,100,7.602,75.509
2025-11-10 18:25:17.554219,Bengaluru,121,22.141,82.52
2025-11-10 19:25:17.554219,Bengaluru,97,23.848,53.022
2025-11-10 20:25:17.554219,Bengaluru,91,6.65,25.093
2025-11-10 21:25:17.554219,Bengaluru,91,31.294,36.793
2025-11-10 22:25:17.554219,Bengaluru,94,5.261,38.756
2025-11-10 23:25:17.554219,Bengaluru,150,7.467,66.314
2025-11-11 00:25:17.554219,Bengaluru,83,13.297,80.611
2025-11-11 01:25:17.554219,Bengaluru,104,21.351,88.427
2025-11-11 02:25:17.554219,Bengaluru,127,7.831,59.93
2025-11-11 03:25:17.554219,Bengaluru,85,10.348,28.911
2025-11-11 04:25:17.554219,Bengaluru,90,12.061,63.106
2025-11-11 05:25:17.554219,Bengaluru,113,34.501,50.355
2025-11-11 06:25:17.554219,Bengaluru,84,30.366,61.852
2025-11-11 07:25:17.554219,Bengaluru,65,36.511,74.926
2025-11-11 08:25:17.554219,Bengaluru,110,16.821,45.165
2025-11-11 09:25:17.554219,Bengaluru,111,16.061,75.781
2025-11-11 10:25:17.554219,Bengaluru,71,26.085,29.323
2025-11-11 11:25:17.554219,Bengaluru,65,7.356,70.767
2025-11-11 12:25:17.554219,Bengaluru,128,7.575,63.939
2025-11-11 13:25:17.554219,Bengaluru,113,15.2,27.795
2025-11-11 14:25:17.554219,Bengaluru,140,12.655,51.927
2025-11-11 15:25:17.554219,Bengaluru,124,32.089,85.435
2025-11-11 16:25:17.554219,Bengaluru,76,34.304,57.558
2025-11-11 17:25:17.554219,Bengaluru,107,18.776,76.165
2025-11-11 18:25:17.554219,Bengaluru,81,6.678,79.471
2025-11-11 19:25:17.554219,Bengaluru,122,10.838,37.83
2025-11-11 20:25:17.554219,Bengaluru,88,28.22,79.765
2025-11-11 21:25:17.554219,Bengaluru,87,31.933,89.638
2025-11-11 22:25:17.554219,Bengaluru,121,36.827,77.833
2025-11-11 23:25:17.554219,Bengaluru,112,7.35,70.251
2025-11-12 00:25:17.554219,Bengaluru,84,24.661,54.179
2025-11-12 01:25:17.554219,Bengaluru,121,8.049,53.681
2025-11-12 02:25:17.554219,Bengaluru,95,14.528,39.222
2025-11-12 03:25:17.554219,Bengaluru,112,8.757,44.513
2025-11-12 04:25:17.554219,Bengaluru,83,35.914,64.408
2025-11-12 05:25:17.554219,Bengaluru,128,29.277,82.069
2025-11-12 06:25:17.554219,Bengaluru,133,22.748,26.344
2025-11-12 07:25:17.554219,Bengaluru,82,31.517,76.701
2025-11-12 08:25:17.554219,Bengaluru,77,36.853,59.054
2025-11-12 09:25:17.554219,Bengaluru,106,37.16,30.566
2025-11-12 10:25:17.554219,Bengaluru,92,15.896,56.564
2025-11-12 11:25:17.554219,Bengaluru,145,18.08,56.743
2025-11-12 12:25:17.554219,Bengaluru,104,36.405,76.197
2025-11-12 13:25:17.554219,Bengaluru,99,31.124,66.756
2025-11-12 14:25:17.554219,Bengaluru,115,23.938,38.856
2025-11-12 15:25:17.554219,Bengaluru,107,34.296,52.683
2025-11-12 16:25:17.554219,Bengaluru,92,29.08,89.354
2025-11-12 17:25:17.554219,Bengaluru,118,25.395,36.113
2025-11-12 18:25:17.554219,Bengaluru,110,11.987,34.73
2025-11-12 19:25:17.554219,Bengaluru,118,15.359,58.118
2025-11-12 20:25:17.554219,Bengaluru,89,8.116,81.246
2025-11-12 21:25:17.554219,Bengaluru,98,18.898,61.391
2025-11-12 22:25:17.554219,Bengaluru,92,6.172,82.262
2025-11-12 23:25:17.554219,Bengaluru,110,20.951,78.205
2025-11-13 00:25:17.554219,Bengaluru,89,14.827,40.223
2025-11-13 01:25:17.554219,Bengaluru,94,36.247,73.36
2025-11-13 02:25:17.554219,Bengaluru,152,26.55,25.791
2025-11-13 03:25:17.554219,Bengaluru,76,23.471,66.676
2025-11-13 04:25:17.554219,Bengaluru,103,28.481,84.126
2025-11-13 05:25:17.554219,Bengaluru,136,33.125,37.864
2025-11-13 06:25:17.554219,Bengaluru,139,26.313,77.069
2025-11-13 07:25:17.554219,Bengaluru,90,32.756,57.405
2025-11-13 08:25:17.554219,Bengaluru,138,7.163,50.526
2025-11-13 09:25:17.554219,Bengaluru,75,35.533,31.965
2025-11-13 10:25:17.554219,Bengaluru,99,13.35,71.517
2025-11-13 11:25:17.554219,Bengaluru,111,14.846,80.73
2025-11-13 12:25:17.554219,Bengaluru,117,19.68,51.7
2025-11-13 13:25:17.554219,Bengaluru,117,20.837,31.114
2025-11-13 14:25:17.554219,Bengaluru,75,8.813,69.978
2025-11-13 15:25:17.554219,Bengaluru,132,36.467,33.441
2025-11-13 16:25:17.554219,Bengaluru,112,37.051,61.968
2025-11-13 17:25:17.554219,Bengaluru,68,15.216,49.078
2025-11-13 18:25:17.554219,Bengaluru,79,18.06,39.103
2025-11-13 19:25:17.554219,Bengaluru,118,34.212,60.84
2025-11-13 20:25:17.554219,Bengaluru,134,18.725,73.876
2025-11-13 21:25:17.554219,Bengaluru,112,6.014,86.202
2025-11-13 22:25:17.554219,Bengaluru,121,30.265,33.935
2025-11-13 23:25:17.554219,Bengaluru,148,11.485,60.338
2025-11-14 00:25:17.554219,Bengaluru,118,18.82,37.401
2025-11-14 01:25:17.554219,Bengaluru,105,8.642,42.45
2025-11-14 02:25:17.554219,Bengaluru,138,15.211,59.926
2025-11-14 03:25:17.554219,Bengaluru,155,14.244,43.79
2025-11-14 04:25:17.554219,Bengaluru,129,35.102,76.564
2025-11-14 05:25:17.554219,Bengaluru,87,21.342,63.486
2025-11-14 06:25:17.554219,Bengaluru,72,22.302,62.017
2025-11-14 07:25:17.554219,Bengaluru,88,22.93,63.612
2025-11-14 08:25:17.554219,Bengaluru,78,36.659,87.67
2025-11-14 09:25:17.554219,Bengaluru,103,36.815,89.975
2025-11-14 10:25:17.554219,Bengaluru,79,8.299,79.642
2025-11-14 11:25:17.554219,Bengaluru,119,6.962,84.701
2025-11-14 12:25:17.554219,Bengaluru,96,16.519,47.228
2025-11-14 13:25:17.554219,Bengaluru,114,11.022,37.578
2025-11-14 14:25:17.554219,Bengaluru,91,8.796,60.078
2025-11-14 15:25:17.554219,Bengaluru,124,17.48,28.191
2025-11-14 16:25:17.554219,Bengaluru,110,20.629,47.962
2025-11-14 17:25:17.554219,Bengaluru,78,24.352,88.09
2025-11-14 18:25:17.554219,Bengaluru,106,26.69,77.745
2025-11-14 19:25:17.554219,Bengaluru,95,22.081,44.528
2025-11-14 20:25:17.554219,Bengaluru,86,17.056,86.731
2025-11-14 21:25:17.554219,Bengaluru,126,5.549,33.481
2025-11-14 22:25:17.554219,Bengaluru,109,15.084,77
2025-11-14 23:25:17.554219,Bengaluru,137,32.671,47.405
2025-11-15 00:25:17.554219,Bengaluru,98,17.302,78.134
2025-11-15 01:25:17.554219,Bengaluru,142,36.946,81.837
2025-11-15 02:25:17.554219,Bengaluru,94,29.171,43.575
2025-11-15 03:25:17.554219,Bengaluru,83,15.817,62.212
2025-11-15 04:25:17.554219,Bengaluru,63,26.473,44.426
2025-11-15 05:25:17.554219,Bengaluru,83,28.426,43.824
2025-11-15 06:25:17.554219,Bengaluru,139,28.175,47.934
2025-11-15 07:25:17.554219,Bengaluru,117,31.133,72.863
2025-11-15 08:25:17.554219,Bengaluru,95,17.757,50.408
2025-11-15 09:25:17.554219,Bengaluru,108,30.589,54.417
2025-11-15 10:25:17.554219,Bengaluru,103,32.243,53.793
2025-11-15 11:25:17.554219,Bengaluru,140,37.181,27.727
2025-11-15 12:25:17.554219,Bengaluru,111,33.959,70.74
2025-11-15 13:25:17.554219,Bengaluru,111,20.094,73.488
2025-11-15 14:25:17.554219,Bengaluru,97,32.169,82.593
2025-11-15 15:25:17.554219,Bengaluru,65,20.073,57.728
2025-11-15 16:25:17.554219,Bengaluru,111,30.952,25.386
2025-11-15 17:25:17.554219,Bengaluru,61,35.914,50.263
2025-11-15 18:25:17.554219,Bengaluru,99,22.881,45.853
2025-11-15 19:25:17.554219,Bengaluru,146,16.887,29.281
2025-11-15 20:25:17.554219,Bengaluru,100,35.781,64.128
2025-11-15 21:25:17.554219,Bengaluru,97,27.615,62.217
2025-11-15 22:25:17.554219,Bengaluru,128,28.717,55.557
2025-11-15 23:25:17.554219,Bengaluru,150,13.119,46.636
2025-11-16 00:25:17.554219,Bengaluru,120,18.718,51.649
2025-11-16 01:25:17.554219,Bengaluru,79,12.566,71.861
2025-11-16 02:25:17.554219,Bengaluru,84,8.822,87.87
2025-11-16 03:25:17.554219,Bengaluru,104,32.242,34.161
2025-11-16 04:25:17.554219,Bengaluru,88,5.79,29.403
2025-11-16 05:25:17.554219,Bengaluru,71,13.9,38.021
2025-11-16 06:25:17.554219,Bengaluru,96,17.555,54.948
2025-11-16 07:25:17.554219,Bengaluru,114,8.517,38.294
2025-11-16 08:25:17.554219,Bengaluru,90,33.002,37.165
2025-11-16 09:25:17.554219,Bengaluru,108,13.516,52.148
2025-11-16 10:25:17.554219,Bengaluru,55,23.44,26.522
2025-11-16 11:25:17.554219,Bengaluru,84,20.744,89.521
2025-11-16 12:25:17.554219,Bengaluru,153,30.024,73.989
2025-11-16 13:25:17.554219,Bengaluru,112,18.148,29.871
2025-11-16 14:25:17.554219,Bengaluru,63,12.405,50.376
2025-11-16 15:25:17.554219,Bengaluru,138,29.343,35.94
2025-11-16 16:25:17.554219,Bengaluru,95,20.918,47.162
2025-11-16 17:25:17.554219,Bengaluru,101,19.208,63.662
2025-11-16 18:25:17.554219,Bengaluru,120,25.729,43.013
2025-11-16 19:25:17.554219,Bengaluru,92,31.945,68.726
2025-11-16 20:25:17.554219,Bengaluru,82,23.781,25.124
2025-11-16 21:25:17.554219,Bengaluru,80,24.182,31.262
2025-11-16 22:25:17.554219,Bengaluru,101,25.289,62.916
2025-11-16 23:25:17.554219,Bengaluru,121,25.09,53.523
2025-11-17 00:25:17.554219,Bengaluru,144,7.424,86.844
2025-11-17 01:25:17.554219,Bengaluru,111,13.092,35.985
2025-11-17 02:25:17.554219,Bengaluru,81,32.378,51.2
2025-11-17 03:25:17.554219,Bengaluru,129,34.736,39.934
2025-11-17 04:25:17.554219,Bengaluru,143,35.405,87.759
2025-11-17 05:25:17.554219,Bengaluru,110,20.687,76.489
2025-11-17 06:25:17.554219,Bengaluru,80,37.087,74.214
2025-11-17 07:25:17.554219,Bengaluru,104,37.395,88.847
2025-11-17 08:25:17.554219,Bengaluru,63,10.647,25.148
2025-11-17 09:25:17.554219,Bengaluru,135,36.045,27.26
2025-11-17 10:25:17.554219,Bengaluru,125,31.646,53.767
2025-11-17 11:25:17.554219,Bengaluru,103,34.05,63.675
2025-11-17 12:25:17.554219,Bengaluru,99,15.936,82.322
2025-11-17 13:25:17.554219,Bengaluru,152,8.542,66.004
2025-11-17 14:25:17.554219,Bengaluru,131,8.429,74.627
2025-11-17 15:25:17.554219,Bengaluru,132,29.214,71.269
2025-11-17 16:25:17.554219,Bengaluru,98,12.201,82.608
2025-11-17 17:25:17.554219,Bengaluru,101,30.184,36.576
2025-11-17 18:25:17.554219,Bengaluru,83,14.231,25.507
2025-11-17 19:25:17.554219,Bengaluru,112,19.087,63.73
2025-11-17 20:25:17.554219,Bengaluru,69,8.454,60.668
2025-11-17 21:25:17.554219,Bengaluru,119,8.592,80.651
2025-11-17 22:25:17.554219,Bengaluru,83,10.579,29.296
2025-11-17 23:25:17.554219,Bengaluru,81,8.383,51.704
2025-11-18 00:25:17.554219,Bengaluru,114,29.171,35.488
2025-11-18 01:25:17.554219,Bengaluru,81,18.09,51.234
2025-11-18 02:25:17.554219,Bengaluru,123,12.669,25.361
2025-11-18 03:25:17.554219,Bengaluru,78,5.706,82.563
2025-11-18 04:25:17.554219,Bengaluru,113,21.02,72.431
2025-11-18 05:25:17.554219,Bengaluru,114,23.878,67.789
2025-11-18 06:25:17.554219,Bengaluru,148,22.6,73.579
2025-11-18 07:25:17.554219,Bengaluru,101,23.089,80.408
2025-11-18 08:25:17.554219,Bengaluru,107,17.545,84.596
2025-11-18 09:25:17.554219,Bengaluru,107,10.371,56.292
2025-11-18 10:25:17.554219,Bengaluru,120,29.227,77.593
2025-11-18 11:25:17.554219,Bengaluru,118,30.415,54.676
2025-11-18 12:25:17.554219,Bengaluru,104,29.069,52.293
2025-11-18 13:25:17.554219,Bengaluru,94,24.442,69.115
2025-11-18 14:25:17.554219,Bengaluru,104,35.107,35.931
2025-11-18 15:25:17.554219,Bengaluru,145,33.465,33.071
2025-11-18 16:25:17.554219,Bengaluru,110,6.673,63.986
2025-11-18 17:25:17.554219,Bengaluru,95,25.283,56.593
2025-11-18 18:25:17.554219,Bengaluru,113,30.557,39.544
2025-11-18 19:25:17.554219,Bengaluru,111,22.674,73.025
2025-11-18 20:25:17.554219,Bengaluru,94,20.969,79.203
2025-11-18 21:25:17.554219,Bengaluru,107,29.208,40.302
2025-11-18 22:25:17.554219,Bengaluru,90,16.813,79.993
2025-11-18 23:25:17.554219,Bengaluru,144,28.602,34.871
2025-11-19 00:25:17.554219,Bengaluru,97,31.287,37.255
2025-11-19 01:25:17.554219,Bengaluru,93,11.509,52.29
2025-11-19 02:25:17.554219,Bengaluru,117,33.328,70.556
2025-11-19 03:25:17.554219,Bengaluru,77,28.531,83.591
2025-11-19 04:25:17.554219,Bengaluru,112,20.893,84.874
2025-11-19 05:25:17.554219,Bengaluru,70,8.965,63.938
2025-11-19 06:25:17.554219,Bengaluru,72,20.063,77.305
2025-11-19 07:25:17.554219,Bengaluru,128,9.378,66.496
2025-11-19 08:25:17.554219,Bengaluru,109,16.157,36.898
2025-11-19 09:25:17.554219,Bengaluru,110,15.269,72.592
2025-11-19 10:25:17.554219,Bengaluru,153,5.066,66.173
2025-11-19 11:25:17.554219,Bengaluru,61,8.711,45.878
2025-11-19 12:25:17.554219,Bengaluru,115,26.524,89.326
2025-11-19 13:25:17.554219,Bengaluru,107,5.501,52.56
2025-11-19 14:25:17.554219,Bengaluru,101,32.266,31.102
2025-11-19 15:25:17.554219,Bengaluru,91,16.184,36.505
2025-11-19 16:25:17.554219,Bengaluru,80,22.931,79.321
2025-11-19 17:25:17.554219,Bengaluru,79,37.249,86.034
2025-11-04 18:25:17.554219,Kolkata,107,23.634,37.008
2025-11-04 19:25:17.554219,Kolkata,118,20.528,87.404
2025-11-04 20:25:17.554219,Kolkata,118,5.877,38.896
2025-11-04 21:25:17.554219,Kolkata,80,19.663,38.035
2025-11-04 22:25:17.554219,Kolkata,58,15.999,42.539
2025-11-04 23:25:17.554219,Kolkata,164,19.837,89.915
2025-11-05 00:25:17.554219,Kolkata,121,24.444,37.098
2025-11-05 01:25:17.554219,Kolkata,105,36.862,56.631
2025-11-05 02:25:17.554219,Kolkata,122,28.748,86.212
2025-11-05 03:25:17.554219,Kolkata,73,12.991,49.538
2025-11-05 04:25:17.554219,Kolkata,98,19.235,53.507
2025-11-05 05:25:17.554219,Kolkata,136,31.573,72.145
2025-11-05 06:25:17.554219,Kolkata,112,17.738,41.504
2025-11-05 07:25:17.554219,Kolkata,174,18.019,46.314
2025-11-05 08:25:17.554219,Kolkata,71,37.951,82.529
2025-11-05 09:25:17.554219,Kolkata,127,20.139,65.862
2025-11-05 10:25:17.554219,Kolkata,105,27.6,80.618
2025-11-05 11:25:17.554219,Kolkata,141,33.095,73.725
2025-11-05 12:25:17.554219,Kolkata,130,23.846,44.126
2025-11-05 13:25:17.554219,Kolkata,90,23.01,27.945
2025-11-05 14:25:17.554219,Kolkata,131,16.78,70.214
2025-11-05 15:25:17.554219,Kolkata,94,11.394,33.268
2025-11-05 16:25:17.554219,Kolkata,145,11.928,64.775
2025-11-05 17:25:17.554219,Kolkata,129,25.669,30.975
2025-11-05 18:25:17.554219,Kolkata,102,14.113,52.13
2025-11-05 19:25:17.554219,Kolkata,138,15.538,56.182
2025-11-05 20:25:17.554219,Kolkata,75,20.76,49.334
2025-11-05 21:25:17.554219,Kolkata,136,37.958,57.999
2025-11-05 22:25:17.554219,Kolkata,98,22.681,75.74
2025-11-05 23:25:17.554219,Kolkata,121,12.742,89.942
2025-11-06 00:25:17.554219,Kolkata,167,19.111,40.345
2025-11-06 01:25:17.554219,Kolkata,107,34.917,25.405
2025-11-06 02:25:17.554219,Kolkata,105,33.511,75.117
2025-11-06 03:25:17.554219,Kolkata,95,5.57,61.018
2025-11-06 04:25:17.554219,Kolkata,68,29.023,69.368
2025-11-06 05:25:17.554219,Kolkata,119,23.177,26.118
2025-11-06 06:25:17.554219,Kolkata,65,9.365,54.423
2025-11-06 07:25:17.554219,Kolkata,128,37.595,86.254
2025-11-06 08:25:17.554219,Kolkata,72,22.292,66.176
2025-11-06 09:25:17.554219,Kolkata,71,7.708,67.727
2025-11-06 10:25:17.554219,Kolkata,116,18.814,48.981
2025-11-06 11:25:17.554219,Kolkata,110,28.715,75.666
2025-11-06 12:25:17.554219,Kolkata,81,19.079,50.953
2025-11-06 13:25:17.554219,Kolkata,112,8.648,41.463
2025-11-06 14:25:17.554219,Kolkata,120,24.372,32.966
2025-11-06 15:25:17.554219,Kolkata,141,10.149,31.587
2025-11-06 16:25:17.554219,Kolkata,83,33.835,71.423
2025-11-06 17:25:17.554219,Kolkata,120,22.143,40.472
2025-11-06 18:25:17.554219,Kolkata,142,24.132,82.749
2025-11-06 19:25:17.554219,Kolkata,98,37.891,86.38
2025-11-06 20:25:17.554219,Kolkata,112,22.574,78.161
2025-11-06 21:25:17.554219,Kolkata,79,14.916,83.635
2025-11-06 22:25:17.554219,Kolkata,94,6.065,47.621
2025-11-06 23:25:17.554219,Kolkata,124,35.116,74.835
2025-11-07 00:25:17.554219,Kolkata,101,20.566,51.293
2025-11-07 01:25:17.554219,Kolkata,133,28.252,68.935
2025-11-07 02:25:17.554219,Kolkata,63,20.209,26.651
2025-11-07 03:25:17.554219,Kolkata,55,18.464,76.337
2025-11-07 04:25:17.554219,Kolkata,159,36.828,81.37
2025-11-07 05:25:17.554219,Kolkata,99,33.528,38.631
2025-11-07 06:25:17.554219,Kolkata,136,9.612,51.818
2025-11-07 07:25:17.554219,Kolkata,68,35.462,51.274
2025-11-07 08:25:17.554219,Kolkata,132,9.829,37.077
2025-11-07 09:25:17.554219,Kolkata,114,34.845,28.153
2025-11-07 10:25:17.554219,Kolkata,68,6.211,72.797
2025-11-07 11:25:17.554219,Kolkata,107,21.474,40.235
2025-11-07 12:25:17.554219,Kolkata,144,32.365,63.852
2025-11-07 13:25:17.554219,Kolkata,71,19.434,78.069
2025-11-07 14:25:17.554219,Kolkata,104,19.339,80.645
2025-11-07 15:25:17.554219,Kolkata,103,23.225,58.086
2025-11-07 16:25:17.554219,Kolkata,110,18.301,48.605
2025-11-07 17:25:17.554219,Kolkata,83,27.126,42.379
2025-11-07 18:25:17.554219,Kolkata,136,9.294,85.02
2025-11-07 19:25:17.554219,Kolkata,128,26.605,29.052
2025-11-07 20:25:17.554219,Kolkata,108,7.88,46.385
2025-11-07 21:25:17.554219,Kolkata,95,30.577,71.237
2025-11-07 22:25:17.554219,Kolkata,86,14.962,78.57
2025-11-07 23:25:17.554219,Kolkata,85,25.972,70.94
2025-11-08 00:25:17.554219,Kolkata,88,27.095,31.338
2025-11-08 01:25:17.554219,Kolkata,69,28.787,50.808
2025-11-08 02:25:17.554219,Kolkata,106,26.024,52.238
2025-11-08 03:25:17.554219,Kolkata,117,35.356,57.33
2025-11-08 04:25:17.554219,Kolkata,127,20.258,61.663
2025-11-08 05:25:17.554219,Kolkata,135,12.894,49.019
2025-11-08 06:25:17.554219,Kolkata,85,33.221,42.105
2025-11-08 07:25:17.554219,Kolkata,81,14.992,73.796
2025-11-08 08:25:17.554219,Kolkata,110,10.203,27.265
2025-11-08 09:25:17.554219,Kolkata,150,22.075,49.435
2025-11-08 10:25:17.554219,Kolkata,129,9.42,83.15
2025-11-08 11:25:17.554219,Kolkata,145,33.789,45.862
2025-11-08 12:25:17.554219,Kolkata,68,28.031,29.17
2025-11-08 13:25:17.554219,Kolkata,117,23.372,71.859
2025-11-08 14:25:17.554219,Kolkata,106,10.177,34.539
2025-11-08 15:25:17.554219,Kolkata,111,12.967,29.275
2025-11-08 16:25:17.554219,Kolkata,129,6.078,56.677
2025-11-08 17:25:17.554219,Kolkata,54,26.513,66.8
2025-11-08 18:25:17.554219,Kolkata,68,10.054,73.745
2025-11-08 19:25:17.554219,Kolkata,110,31.084,46.759
2025-11-08 20:25:17.554219,Kolkata,130,33.504,32.337
2025-11-08 21:25:17.554219,Kolkata,115,20.228,76.53
2025-11-08 22:25:17.554219,Kolkata,112,26.716,61.366
2025-11-08 23:25:17.554219,Kolkata,106,19.428,62.804
2025-11-09 00:25:17.554219,Kolkata,99,7.631,63.761
2025-11-09 01:25:17.554219,Kolkata,140,32.946,64.407
2025-11-09 02:25:17.554219,Kolkata,57,7.701,68.3
2025-11-09 03:25:17.554219,Kolkata,92,20.65,70.401
2025-11-09 04:25:17.554219,Kolkata,123,21.224,73.449
2025-11-09 05:25:17.554219,Kolkata,91,9.84,38.492
2025-11-09 06:25:17.554219,Kolkata,112,31.456,25.247
2025-11-09 07:25:17.554219,Kolkata,104,30.476,69.825
2025-11-09 08:25:17.554219,Kolkata,51,30.692,87.94
2025-11-09 09:25:17.554219,Kolkata,123,26.894,36.517
2025-11-09 10:25:17.554219,Kolkata,110,21.27,50.765
2025-11-09 11:25:17.554219,Kolkata,70,5.553,66.838
2025-11-09 12:25:17.554219,Kolkata,113,14.215,68.278
2025-11-09 13:25:17.554219,Kolkata,72,25.109,78.1
2025-11-09 14:25:17.554219,Kolkata,108,37.137,50.668
2025-11-09 15:25:17.554219,Kolkata,108,37.607,80.73
2025-11-09 16:25:17.554219,Kolkata,183,19.667,52.976
2025-11-09 17:25:17.554219,Kolkata,124,25.94,48.467
2025-11-09 18:25:17.554219,Kolkata,124,8.644,89.395
2025-11-09 19:25:17.554219,Kolkata,108,16.031,87.96
2025-11-09 20:25:17.554219,Kolkata,125,30.384,76.428
2025-11-09 21:25:17.554219,Kolkata,80,26.413,35.502
2025-11-09 22:25:17.554219,Kolkata,90,31.73,80.021
2025-11-09 23:25:17.554219,Kolkata,179,5.601,60.852
2025-11-10 00:25:17.554219,Kolkata,103,12.535,86.284
2025-11-10 01:25:17.554219,Kolkata,96,32.376,38.963
2025-11-10 02:25:17.554219,Kolkata,128,27.901,67.007
2025-11-10 03:25:17.554219,Kolkata,71,34.458,37.103
2025-11-10 04:25:17.554219,Kolkata,142,5.116,75.749
2025-11-10 05:25:17.554219,Kolkata,89,23.826,77.571
2025-11-10 06:25:17.554219,Kolkata,87,37.101,55.236
2025-11-10 07:25:17.554219,Kolkata,115,6.567,32.239
2025-11-10 08:25:17.554219,Kolkata,151,30.904,80.625
2025-11-10 09:25:17.554219,Kolkata,124,10.106,41.488
2025-11-10 10:25:17.554219,Kolkata,93,28.882,37.804
2025-11-10 11:25:17.554219,Kolkata,114,9.231,64.59
2025-11-10 12:25:17.554219,Kolkata,114,16.623,73.102
2025-11-10 13:25:17.554219,Kolkata,83,27.263,73.884
2025-11-10 14:25:17.554219,Kolkata,31,29.558,56.847
2025-11-10 15:25:17.554219,Kolkata,135,27.492,82.303
2025-11-10 16:25:17.554219,Kolkata,77,20.749,62.499
2025-11-10 17:25:17.554219,Kolkata,124,19.258,71.336
2025-11-10 18:25:17.554219,Kolkata,95,6.628,81.125
2025-11-10 19:25:17.554219,Kolkata,73,14.751,69.17
2025-11-10 20:25:17.554219,Kolkata,87,37.787,77.873
2025-11-10 21:25:17.554219,Kolkata,66,19.246,67.809
2025-11-10 22:25:17.554219,Kolkata,114,14.482,69.306
2025-11-10 23:25:17.554219,Kolkata,81,7.958,58.812
2025-11-11 00:25:17.554219,Kolkata,105,30.226,44.064
2025-11-11 01:25:17.554219,Kolkata,93,8.889,66.304
2025-11-11 02:25:17.554219,Kolkata,60,27.884,28.612
2025-11-11 03:25:17.554219,Kolkata,89,18.895,49.426
2025-11-11 04:25:17.554219,Kolkata,78,11.904,68.033
2025-11-11 05:25:17.554219,Kolkata,145,12.681,77.188
2025-11-11 06:25:17.554219,Kolkata,51,5.902,53.23
2025-11-11 07:25:17.554219,Kolkata,111,35.295,66.894
2025-11-11 08:25:17.554219,Kolkata,97,30.887,79.203
2025-11-11 09:25:17.554219,Kolkata,88,36.308,39.049
2025-11-11 10:25:17.554219,Kolkata,142,15.023,36.688
2025-11-11 11:25:17.554219,Kolkata,80,35.243,31.59
2025-11-11 12:25:17.554219,Kolkata,51,6.723,81.806
2025-11-11 13:25:17.554219,Kolkata,143,25.991,71.093
2025-11-11 14:25:17.554219,Kolkata,97,5.994,75.405
2025-11-11 15:25:17.554219,Kolkata,90,28.72,80.614
2025-11-11 16:25:17.554219,Kolkata,81,10.928,44.344
2025-11-11 17:25:17.554219,Kolkata,122,35.752,70.714
2025-11-11 18:25:17.554219,Kolkata,88,12.804,51.656
2025-11-11 19:25:17.554219,Kolkata,126,8.069,46.437
2025-11-11 20:25:17.554219,Kolkata,150,18.561,61.259
2025-11-11 21:25:17.554219,Kolkata,155,15.638,31.681
2025-11-11 22:25:17.554219,Kolkata,62,28.775,50.016
2025-11-11 23:25:17.554219,Kolkata,57,28.974,79.407
2025-11-12 00:25:17.554219,Kolkata,78,37.474,30.733
2025-11-12 01:25:17.554219,Kolkata,83,17.178,39.717
2025-11-12 02:25:17.554219,Kolkata,100,6.458,26.58
2025-11-12 03:25:17.554219,Kolkata,123,24.103,74.698
2025-11-12 04:25:17.554219,Kolkata,70,18.045,30.117
2025-11-12 05:25:17.554219,Kolkata,104,14.123,82.672
2025-11-12 06:25:17.554219,Kolkata,70,26.821,84.437
2025-11-12 07:25:17.554219,Kolkata,55,30.377,52.518
2025-11-12 08:25:17.554219,Kolkata,121,26.531,45.256
2025-11-12 09:25:17.554219,Kolkata,111,29.805,30.758
2025-11-12 10:25:17.554219,Kolkata,116,9.454,45.767
2025-11-12 11:25:17.554219,Kolkata,98,34.73,64.615
2025-11-12 12:25:17.554219,Kolkata,67,23.87,52.687
2025-11-12 13:25:17.554219,Kolkata,147,32.156,58.556
2025-11-12 14:25:17.554219,Kolkata,107,21.37,47.435
2025-11-12 15:25:17.554219,Kolkata,69,15.53,66.995
2025-11-12 16:25:17.554219,Kolkata,80,32.972,78.628
2025-11-12 17:25:17.554219,Kolkata,136,14.018,34.178
2025-11-12 18:25:17.554219,Kolkata,115,23.501,70.723
2025-11-12 19:25:17.554219,Kolkata,110,16.078,35.871
2025-11-12 20:25:17.554219,Kolkata,108,24.002,56.124
2025-11-12 21:25:17.554219,Kolkata,83,22.569,45.597
2025-11-12 22:25:17.554219,Kolkata,80,18.282,72.867
2025-11-12 23:25:17.554219,Kolkata,76,25.772,51.87
2025-11-13 00:25:17.554219,Kolkata,115,34.515,30.889
2025-11-13 01:25:17.554219,Kolkata,100,33.701,51.707
2025-11-13 02:25:17.554219,Kolkata,139,19.405,86.016
2025-11-13 03:25:17.554219,Kolkata,107,11.554,32.358
2025-11-13 04:25:17.554219,Kolkata,99,17.815,57.858
2025-11-13 05:25:17.554219,Kolkata,48,10.574,51.463
2025-11-13 06:25:17.554219,Kolkata,115,6.134,81.57
2025-11-13 07:25:17.554219,Kolkata,100,12.713,82.244
2025-11-13 08:25:17.554219,Kolkata,108,13.062,73.88
2025-11-13 09:25:17.554219,Kolkata,86,27.749,25.731
2025-11-13 10:25:17.554219,Kolkata,147,12.268,28.74
2025-11-13 11:25:17.554219,Kolkata,115,5.903,54.753
2025-11-13 12:25:17.554219,Kolkata,90,20.512,59.255
2025-11-13 13:25:17.554219,Kolkata,80,26.417,82.28
2025-11-13 14:25:17.554219,Kolkata,97,21.092,52.482
2025-11-13 15:25:17.554219,Kolkata,105,35.895,73.481
2025-11-13 16:25:17.554219,Kolkata,102,33.287,70.811
2025-11-13 17:25:17.554219,Kolkata,58,18.072,50.032
2025-11-13 18:25:17.554219,Kolkata,92,31.318,40.882
2025-11-13 19:25:17.554219,Kolkata,168,7.687,46.848
2025-11-13 20:25:17.554219,Kolkata,111,21.518,30.217
2025-11-13 21:25:17.554219,Kolkata,73,32.981,49.335
2025-11-13 22:25:17.554219,Kolkata,78,33.162,49.88
2025-11-13 23:25:17.554219,Kolkata,86,34.119,81.74
2025-11-14 00:25:17.554219,Kolkata,95,12.902,81.302
2025-11-14 01:25:17.554219,Kolkata,107,32.813,62.62
2025-11-14 02:25:17.554219,Kolkata,132,20.325,39.894
2025-11-14 03:25:17.554219,Kolkata,139,16.448,38.489
2025-11-14 04:25:17.554219,Kolkata,146,37.239,40.03
2025-11-14 05:25:17.554219,Kolkata,99,22.005,40.594
2025-11-14 06:25:17.554219,Kolkata,174,35.081,26.426
2025-11-14 07:25:17.554219,Kolkata,79,9.741,67.052
2025-11-14 08:25:17.554219,Kolkata,114,33.738,51.402
2025-11-14 09:25:17.554219,Kolkata,67,20.914,41.642
2025-11-14 10:25:17.554219,Kolkata,85,18.363,51.932
2025-11-14 11:25:17.554219,Kolkata,101,15.254,28.127
2025-11-14 12:25:17.554219,Kolkata,104,17.777,77.549
2025-11-14 13:25:17.554219,Kolkata,117,8.118,32.859
2025-11-14 14:25:17.554219,Kolkata,111,36.041,25.17
2025-11-14 15:25:17.554219,Kolkata,57,10.581,49.083
2025-11-14 16:25:17.554219,Kolkata,104,30.677,56.645
2025-11-14 17:25:17.554219,Kolkata,77,6.38,75.426
2025-11-14 18:25:17.554219,Kolkata,73,32.437,68.143
2025-11-14 19:25:17.554219,Kolkata,119,8.452,82.067
2025-11-14 20:25:17.554219,Kolkata,123,18.519,58.984
2025-11-14 21:25:17.554219,Kolkata,87,14.743,38.856
2025-11-14 22:25:17.554219,Kolkata,109,5.934,81.98
2025-11-14 23:25:17.554219,Kolkata,114,31.493,73.411
2025-11-15 00:25:17.554219,Kolkata,64,35.535,62.906
2025-11-15 01:25:17.554219,Kolkata,127,25.195,33.796
2025-11-15 02:25:17.554219,Kolkata,78,19.998,26.254
2025-11-15 03:25:17.554219,Kolkata,93,35.506,28.736
2025-11-15 04:25:17.554219,Kolkata,129,19.56,78.56
2025-11-15 05:25:17.554219,Kolkata,165,8.987,87.517
2025-11-15 06:25:17.554219,Kolkata,77,32.839,58.833
2025-11-15 07:25:17.554219,Kolkata,104,24.65,76.37
2025-11-15 08:25:17.554219,Kolkata,100,19.8,78.404
2025-11-15 09:25:17.554219,Kolkata,104,25.878,28.983
2025-11-15 10:25:17.554219,Kolkata,97,6.967,87.109
2025-11-15 11:25:17.554219,Kolkata,83,37.608,61.884
2025-11-15 12:25:17.554219,Kolkata,103,19.051,28.256
2025-11-15 13:25:17.554219,Kolkata,83,9.124,26.656
2025-11-15 14:25:17.554219,Kolkata,111,15.598,76.115
2025-11-15 15:25:17.554219,Kolkata,80,20.453,42.918
2025-11-15 16:25:17.554219,Kolkata,114,7.27,87.754
2025-11-15 17:25:17.554219,Kolkata,112,23.672,74.019
2025-11-15 18:25:17.554219,Kolkata,138,24.09,33.419
2025-11-15 19:25:17.554219,Kolkata,59,18.756,38.725
2025-11-15 20:25:17.554219,Kolkata,118,33.808,54.361
2025-11-15 21:25:17.554219,Kolkata,117,29.387,78.61
2025-11-15 22:25:17.554219,Kolkata,105,16.056,89.681
2025-11-15 23:25:17.554219,Kolkata,100,12.128,82.981
2025-11-16 00:25:17.554219,Kolkata,119,31.112,40.155
2025-11-16 01:25:17.554219,Kolkata,134,8.905,34.325
2025-11-16 02:25:17.554219,Kolkata,108,9.511,84.776
2025-11-16 03:25:17.554219,Kolkata,134,25.018,25.708
2025-11-16 04:25:17.554219,Kolkata,66,25.323,39.08
2025-11-16 05:25:17.554219,Kolkata,150,37.892,46.461
2025-11-16 06:25:17.554219,Kolkata,115,30.209,59.805
2025-11-16 07:25:17.554219,Kolkata,68,28.875,66.734
2025-11-16 08:25:17.554219,Kolkata,64,9.898,50.083
2025-11-16 09:25:17.554219,Kolkata,147,14.449,47.933
2025-11-16 10:25:17.554219,Kolkata,114,30.608,29.49
2025-11-16 11:25:17.554219,Kolkata,91,16.661,54.88
2025-11-16 12:25:17.554219,Kolkata,96,20.705,70.249
2025-11-16 13:25:17.554219,Kolkata,121,18.956,71.519
2025-11-16 14:25:17.554219,Kolkata,102,33.886,50.445
2025-11-16 15:25:17.554219,Kolkata,66,29.626,27.035
2025-11-16 16:25:17.554219,Kolkata,139,30.61,60.864
2025-11-16 17:25:17.554219,Kolkata,93,25.579,59.501
2025-11-16 18:25:17.554219,Kolkata,103,20.127,58.173
2025-11-16 19:25:17.554219,Kolkata,117,16.853,31.648
2025-11-16 20:25:17.554219,Kolkata,69,23.789,69.041
2025-11-16 21:25:17.554219,Kolkata,78,28.416,74.249
2025-11-16 22:25:17.554219,Kolkata,111,10.309,53.618
2025-11-16 23:25:17.554219,Kolkata,105,20.204,25.356
2025-11-17 00:25:17.554219,Kolkata,126,22.815,86.611
2025-11-17 01:25:17.554219,Kolkata,136,16.197,34.422
2025-11-17 02:25:17.554219,Kolkata,136,6.95,29.911
2025-11-17 03:25:17.554219,Kolkata,110,18.917,70.534
2025-11-17 04:25:17.554219,Kolkata,105,6.627,45.747
2025-11-17 05:25:17.554219,Kolkata,150,14.217,76.191
2025-11-17 06:25:17.554219,Kolkata,92,17.942,82.05
2025-11-17 07:25:17.554219,Kolkata,90,21.266,25.269
2025-11-17 08:25:17.554219,Kolkata,98,18.997,80.046
2025-11-17 09:25:17.554219,Kolkata,74,21.511,64.049
2025-11-17 10:25:17.554219,Kolkata,108,14.667,59.267
2025-11-17 11:25:17.554219,Kolkata,134,17.018,60.536
2025-11-17 12:25:17.554219,Kolkata,112,18.863,89.75
2025-11-17 13:25:17.554219,Kolkata,103,36.003,76.672
2025-11-17 14:25:17.554219,Kolkata,112,33.451,31.559
2025-11-17 15:25:17.554219,Kolkata,105,12.118,53.054
2025-11-17 16:25:17.554219,Kolkata,158,5.835,54.541
2025-11-17 17:25:17.554219,Kolkata,86,24.556,56.344
2025-11-17 18:25:17.554219,Kolkata,133,22.956,49.658
2025-11-17 19:25:17.554219,Kolkata,87,18.244,75.812
2025-11-17 20:25:17.554219,Kolkata,142,10.578,48.695
2025-11-17 21:25:17.554219,Kolkata,56,27.568,55.294
2025-11-17 22:25:17.554219,Kolkata,83,19.424,36.085
2025-11-17 23:25:17.554219,Kolkata,96,28.027,59.908
2025-11-18 00:25:17.554219,Kolkata,100,16.257,31.642
2025-11-18 01:25:17.554219,Kolkata,113,34.793,48.081
2025-11-18 02:25:17.554219,Kolkata,107,8.193,79.671
2025-11-18 03:25:17.554219,Kolkata,101,30.151,79.012
2025-11-18 04:25:17.554219,Kolkata,96,23.503,54.687
2025-11-18 05:25:17.554219,Kolkata,80,13.156,62.603
2025-11-18 06:25:17.554219,Kolkata,75,34.4,36.073
2025-11-18 07:25:17.554219,Kolkata,74,5.871,62.247
2025-11-18 08:25:17.554219,Kolkata,79,19.032,49.437
2025-11-18 09:25:17.554219,Kolkata,99,20.763,82.695
2025-11-18 10:25:17.554219,Kolkata,87,11.099,35.976
2025-11-18 11:25:17.554219,Kolkata,72,29.375,30.478
2025-11-18 12:25:17.554219,Kolkata,67,6.324,80.753
2025-11-18 13:25:17.554219,Kolkata,95,20.762,51.862
2025-11-18 14:25:17.554219,Kolkata,114,34.116,36.495
2025-11-18 15:25:17.554219,Kolkata,87,5.163,35.929
2025-11-18 16:25:17.554219,Kolkata,93,8.95,26.377
2025-11-18 17:25:17.554219,Kolkata,103,17.169,44.639
2025-11-18 18:25:17.554219,Kolkata,142,29.283,76.69
2025-11-18 19:25:17.554219,Kolkata,122,23.166,25.517
2025-11-18 20:25:17.554219,Kolkata,75,19.505,45.789
2025-11-18 21:25:17.554219,Kolkata,107,26.414,26.4
2025-11-18 22:25:17.554219,Kolkata,117,19.08,82.714
2025-11-18 23:25:17.554219,Kolkata,102,7.774,29.551
2025-11-19 00:25:17.554219,Kolkata,87,26.48,30.747
2025-11-19 01:25:17.554219,Kolkata,122,10.663,58.549
2025-11-19 02:25:17.554219,Kolkata,68,20.014,58.375
2025-11-19 03:25:17.554219,Kolkata,102,10.395,57.704
2025-11-19 04:25:17.554219,Kolkata,123,22.474,46.009
2025-11-19 05:25:17.554219,Kolkata,112,27.976,75.114
2025-11-19 06:25:17.554219,Kolkata,70,18.616,80.673
2025-11-19 07:25:17.554219,Kolkata,125,29.977,63.556
2025-11-19 08:25:17.554219,Kolkata,76,16.508,55.493
2025-11-19 09:25:17.554219,Kolkata,73,14.484,38.952
2025-11-19 10:25:17.554219,Kolkata,108,15.114,77.396
2025-11-19 11:25:17.554219,Kolkata,65,29.206,71.602
2025-11-19 12:25:17.554219,Kolkata,108,10.218,37.495
2025-11-19 13:25:17.554219,Kolkata,130,17.153,34.231
2025-11-19 14:25:17.554219,Kolkata,77,18.195,71.307
2025-11-19 15:25:17.554219,Kolkata,113,19.446,44.875
2025-11-19 16:25:17.554219,Kolkata,94,15.14,68.47
2025-11-19 17:25:17.554219,Kolkata,103,21.944,85.468
2025-11-04 18:25:17.554219,Chennai,94,33.59,70.02
2025-11-04 19:25:17.554219,Chennai,117,14.103,45.814
2025-11-04 20:25:17.554219,Chennai,92,28.803,60.795
2025-11-04 21:25:17.554219,Chennai,116,14.237,30.816
2025-11-04 22:25:17.554219,Chennai,117,16.416,72.797
2025-11-04 23:25:17.554219,Chennai,134,11.913,51.147
2025-11-05 00:25:17.554219,Chennai,115,27.221,59.689
2025-11-05 01:25:17.554219,Chennai,124,27.987,79.174
2025-11-05 02:25:17.554219,Chennai,89,21.335,73.878
2025-11-05 03:25:17.554219,Chennai,119,23.427,55.362
2025-11-05 04:25:17.554219,Chennai,108,32.507,79.457
2025-11-05 05:25:17.554219,Chennai,74,31.94,64.835
2025-11-05 06:25:17.554219,Chennai,94,24.358,29.351
2025-11-05 07:25:17.554219,Chennai,117,14.359,54.74
2025-11-05 08:25:17.554219,Chennai,120,20.643,48.518
2025-11-05 09:25:17.554219,Chennai,159,36.547,76.207
2025-11-05 10:25:17.554219,Chennai,102,35.383,72.917
2025-11-05 11:25:17.554219,Chennai,81,6.257,64.297
2025-11-05 12:25:17.554219,Chennai,140,34.702,84.622
2025-11-05 13:25:17.554219,Chennai,137,18.289,48.772
2025-11-05 14:25:17.554219,Chennai,104,10.928,74.475
2025-11-05 15:25:17.554219,Chennai,124,21.335,89.382
2025-11-05 16:25:17.554219,Chennai,150,16.663,37.906
2025-11-05 17:25:17.554219,Chennai,113,10.396,60.451
2025-11-05 18:25:17.554219,Chennai,76,9.76,76.138
2025-11-05 19:25:17.554219,Chennai,119,21.54,77.961
2025-11-05 20:25:17.554219,Chennai,73,32.729,69.642
2025-11-05 21:25:17.554219,Chennai,132,37.14,56.677
2025-11-05 22:25:17.554219,Chennai,69,7.142,52.734
2025-11-05 23:25:17.554219,Chennai,86,13.594,30.623
2025-11-06 00:25:17.554219,Chennai,103,30.284,34.351
2025-11-06 01:25:17.554219,Chennai,90,10.108,28.626
2025-11-06 02:25:17.554219,Chennai,127,35.999,85.131
2025-11-06 03:25:17.554219,Chennai,105,33.147,45.201
2025-11-06 04:25:17.554219,Chennai,108,30.807,75.536
2025-11-06 05:25:17.554219,Chennai,116,22.162,37.549
2025-11-06 06:25:17.554219,Chennai,100,8.7,60.85
2025-11-06 07:25:17.554219,Chennai,90,14.386,56.482
2025-11-06 08:25:17.554219,Chennai,120,23.302,52.343
2025-11-06 09:25:17.554219,Chennai,137,18.139,61.262
2025-11-06 10:25:17.554219,Chennai,119,36.582,35.331
2025-11-06 11:25:17.554219,Chennai,88,25.706,67.472
2025-11-06 12:25:17.554219,Chennai,79,10.138,64.424
2025-11-06 13:25:17.554219,Chennai,96,34.268,83.03
2025-11-06 14:25:17.554219,Chennai,132,25.853,26.906
2025-11-06 15:25:17.554219,Chennai,116,20.261,87.966
2025-11-06 16:25:17.554219,Chennai,77,25.932,59.157
2025-11-06 17:25:17.554219,Chennai,92,35.212,71.474
2025-11-06 18:25:17.554219,Chennai,71,15.635,64.502
2025-11-06 19:25:17.554219,Chennai,120,30.413,83.054
2025-11-06 20:25:17.554219,Chennai,110,30.693,86.571
2025-11-06 21:25:17.554219,Chennai,110,28.873,50.877
2025-11-06 22:25:17.554219,Chennai,69,16.262,58.355
2025-11-06 23:25:17.554219,Chennai,75,22.334,87.176
2025-11-07 00:25:17.554219,Chennai,125,15.752,34.788
2025-11-07 01:25:17.554219,Chennai,99,14.097,57.641
2025-11-07 02:25:17.554219,Chennai,84,31.422,50.215
2025-11-07 03:25:17.554219,Chennai,53,20.175,79.138
2025-11-07 04:25:17.554219,Chennai,98,24.153,33.531
2025-11-07 05:25:17.554219,Chennai,111,20.116,49.032
2025-11-07 06:25:17.554219,Chennai,121,7.603,43.186
2025-11-07 07:25:17.554219,Chennai,124,10.98,73.227
2025-11-07 08:25:17.554219,Chennai,132,10.746,38.749
2025-11-07 09:25:17.554219,Chennai,128,23.699,62.792
2025-11-07 10:25:17.554219,Chennai,128,15.334,29.493
2025-11-07 11:25:17.554219,Chennai,105,14.273,76.779
2025-11-07 12:25:17.554219,Chennai,68,9.55,60.612
2025-11-07 13:25:17.554219,Chennai,94,25.117,86.578
2025-11-07 14:25:17.554219,Chennai,88,34.788,75.618
2025-11-07 15:25:17.554219,Chennai,118,17.918,56.403
2025-11-07 16:25:17.554219,Chennai,113,11.894,39.444
2025-11-07 17:25:17.554219,Chennai,140,21.778,33.449
2025-11-07 18:25:17.554219,Chennai,103,10.456,60.263
2025-11-07 19:25:17.554219,Chennai,88,30.575,37.79
2025-11-07 20:25:17.554219,Chennai,94,37.686,88.547
2025-11-07 21:25:17.554219,Chennai,101,9.039,69.161
2025-11-07 22:25:17.554219,Chennai,165,15.951,82.515
2025-11-07 23:25:17.554219,Chennai,106,20.076,51.423
2025-11-08 00:25:17.554219,Chennai,89,17.294,44.206
2025-11-08 01:25:17.554219,Chennai,86,5.098,63.775
2025-11-08 02:25:17.554219,Chennai,98,13.235,31.911
2025-11-08 03:25:17.554219,Chennai,81,35.419,60.952
2025-11-08 04:25:17.554219,Chennai,129,20.055,34.338
2025-11-08 05:25:17.554219,Chennai,88,7.841,88.379
2025-11-08 06:25:17.554219,Chennai,77,19.476,74.638
2025-11-08 07:25:17.554219,Chennai,120,17.118,47.1
2025-11-08 08:25:17.554219,Chennai,99,26.566,54.226
2025-11-08 09:25:17.554219,Chennai,153,21.691,64.626
2025-11-08 10:25:17.554219,Chennai,79,32.769,67.1
2025-11-08 11:25:17.554219,Chennai,138,32.474,50.037
2025-11-08 12:25:17.554219,Chennai,86,33.455,64.162
2025-11-08 13:25:17.554219,Chennai,92,21.442,54.22
2025-11-08 14:25:17.554219,Chennai,141,20.321,84.769
2025-11-08 15:25:17.554219,Chennai,113,5.369,70.1
2025-11-08 16:25:17.554219,Chennai,136,23.958,68.782
2025-11-08 17:25:17.554219,Chennai,84,35.135,44.335
2025-11-08 18:25:17.554219,Chennai,101,6.459,69.69
2025-11-08 19:25:17.554219,Chennai,132,32.711,39.177
2025-11-08 20:25:17.554219,Chennai,56,27.098,68.219
2025-11-08 21:25:17.554219,Chennai,79,10.795,60.291
2025-11-08 22:25:17.554219,Chennai,127,30.842,51.141
2025-11-08 23:25:17.554219,Chennai,128,36.794,84.108
2025-11-09 00:25:17.554219,Chennai,95,12.09,67.665
2025-11-09 01:25:17.554219,Chennai,110,12.497,73.543
2025-11-09 02:25:17.554219,Chennai,145,15.053,67.562
2025-11-09 03:25:17.554219,Chennai,53,22.098,70.569
2025-11-09 04:25:17.554219,Chennai,99,37.798,89.601
2025-11-09 05:25:17.554219,Chennai,128,5.135,41.53
2025-11-09 06:25:17.554219,Chennai,94,7.474,73.178
2025-11-09 07:25:17.554219,Chennai,80,10.575,86.793
2025-11-09 08:25:17.554219,Chennai,111,29.24,36.012
2025-11-09 09:25:17.554219,Chennai,77,29.249,65.467
2025-11-09 10:25:17.554219,Chennai,124,37.005,43.976
2025-11-09 11:25:17.554219,Chennai,116,17.019,78.067
2025-11-09 12:25:17.554219,Chennai,108,27.877,45.132
2025-11-09 13:25:17.554219,Chennai,43,30.917,54.569
2025-11-09 14:25:17.554219,Chennai,57,15.628,27.719
2025-11-09 15:25:17.554219,Chennai,62,20.177,30.758
2025-11-09 16:25:17.554219,Chennai,106,25.675,87.959
2025-11-09 17:25:17.554219,Chennai,100,29.319,67.234
2025-11-09 18:25:17.554219,Chennai,63,23.195,59.377
2025-11-09 19:25:17.554219,Chennai,99,29.803,51.825
2025-11-09 20:25:17.554219,Chennai,75,12.503,33.733
2025-11-09 21:25:17.554219,Chennai,80,18.515,41.229
2025-11-09 22:25:17.554219,Chennai,140,18.889,83.449
2025-11-09 23:25:17.554219,Chennai,57,19.34,29.62
2025-11-10 00:25:17.554219,Chennai,65,32.526,71.07
2025-11-10 01:25:17.554219,Chennai,82,22.684,36.733
2025-11-10 02:25:17.554219,Chennai,79,17.518,40.233
2025-11-10 03:25:17.554219,Chennai,83,12.324,44.136
2025-11-10 04:25:17.554219,Chennai,138,37.871,52.324
2025-11-10 05:25:17.554219,Chennai,60,26.5,62.778
2025-11-10 06:25:17.554219,Chennai,109,34.38,83.471
2025-11-10 07:25:17.554219,Chennai,88,6.562,54.398
2025-11-10 08:25:17.554219,Chennai,88,23.707,36.07
2025-11-10 09:25:17.554219,Chennai,128,21.835,67.868
2025-11-10 10:25:17.554219,Chennai,114,24.608,49.065
2025-11-10 11:25:17.554219,Chennai,113,30.299,39.097
2025-11-10 12:25:17.554219,Chennai,160,29.697,73.214
2025-11-10 13:25:17.554219,Chennai,124,8.351,39.259
2025-11-10 14:25:17.554219,Chennai,150,17.864,44.361
2025-11-10 15:25:17.554219,Chennai,96,22.627,80.689
2025-11-10 16:25:17.554219,Chennai,108,30.667,39.185
2025-11-10 17:25:17.554219,Chennai,97,18.187,31.848
2025-11-10 18:25:17.554219,Chennai,102,35.927,66.012
2025-11-10 19:25:17.554219,Chennai,131,26.622,32.698
2025-11-10 20:25:17.554219,Chennai,87,29.197,27.507
2025-11-10 21:25:17.554219,Chennai,91,18.43,78.331
2025-11-10 22:25:17.554219,Chennai,105,34.561,43.893
2025-11-10 23:25:17.554219,Chennai,106,18.861,26.686
2025-11-11 00:25:17.554219,Chennai,132,36.168,78.51
2025-11-11 01:25:17.554219,Chennai,114,14.67,38.331
2025-11-11 02:25:17.554219,Chennai,63,14.648,35.762
2025-11-11 03:25:17.554219,Chennai,85,31.765,58.972
2025-11-11 04:25:17.554219,Chennai,66,28.017,50.728
2025-11-11 05:25:17.554219,Chennai,73,19.259,42.249
2025-11-11 06:25:17.554219,Chennai,92,7.573,88.434
2025-11-11 07:25:17.554219,Chennai,108,36.859,72.538
2025-11-11 08:25:17.554219,Chennai,107,24.351,78.598
2025-11-11 09:25:17.554219,Chennai,108,37.939,34.323
2025-11-11 10:25:17.554219,Chennai,98,24.557,35.162
2025-11-11 11:25:17.554219,Chennai,94,9.038,61.813
2025-11-11 12:25:17.554219,Chennai,126,9.342,75.344
2025-11-11 13:25:17.554219,Chennai,66,23.932,69.556
2025-11-11 14:25:17.554219,Chennai,117,33.079,55.847
2025-11-11 15:25:17.554219,Chennai,77,25.014,46.49
2025-11-11 16:25:17.554219,Chennai,108,28.681,84.951
2025-11-11 17:25:17.554219,Chennai,91,14.903,32.271
2025-11-11 18:25:17.554219,Chennai,130,6.249,27.489
2025-11-11 19:25:17.554219,Chennai,120,6.215,49.01
2025-11-11 20:25:17.554219,Chennai,115,20.274,88.488
2025-11-11 21:25:17.554219,Chennai,96,29.789,75.118
2025-11-11 22:25:17.554219,Chennai,105,11.368,42.894
2025-11-11 23:25:17.554219,Chennai,113,8.003,34.127
2025-11-12 00:25:17.554219,Chennai,118,32.401,71.533
2025-11-12 01:25:17.554219,Chennai,112,31.451,76.52
2025-11-12 02:25:17.554219,Chennai,106,13.878,49.519
2025-11-12 03:25:17.554219,Chennai,100,37.448,87.206
2025-11-12 04:25:17.554219,Chennai,79,19.778,69.118
2025-11-12 05:25:17.554219,Chennai,128,13.653,67.817
2025-11-12 06:25:17.554219,Chennai,61,7.455,81.238
2025-11-12 07:25:17.554219,Chennai,89,29.76,53.112
2025-11-12 08:25:17.554219,Chennai,119,14.425,71.962
2025-11-12 09:25:17.554219,Chennai,92,7.533,36.828
2025-11-12 10:25:17.554219,Chennai,105,27.466,65.755
2025-11-12 11:25:17.554219,Chennai,69,11.447,40.244
2025-11-12 12:25:17.554219,Chennai,90,6.525,25.177
2025-11-12 13:25:17.554219,Chennai,95,11.21,70.569
2025-11-12 14:25:17.554219,Chennai,77,5.226,74.908
2025-11-12 15:25:17.554219,Chennai,119,11.439,84.408
2025-11-12 16:25:17.554219,Chennai,97,5.701,34.105
2025-11-12 17:25:17.554219,Chennai,74,16.939,74.065
2025-11-12 18:25:17.554219,Chennai,121,11.891,52.846
2025-11-12 19:25:17.554219,Chennai,48,26.115,34.279
2025-11-12 20:25:17.554219,Chennai,116,14.81,42.1
2025-11-12 21:25:17.554219,Chennai,81,12.167,77.159
2025-11-12 22:25:17.554219,Chennai,97,12.605,78
2025-11-12 23:25:17.554219,Chennai,93,17.685,43.643
2025-11-13 00:25:17.554219,Chennai,105,6.987,63.17
2025-11-13 01:25:17.554219,Chennai,161,13.489,47.55
2025-11-13 02:25:17.554219,Chennai,103,23.57,42.427
2025-11-13 03:25:17.554219,Chennai,146,32.35,45.067
2025-11-13 04:25:17.554219,Chennai,106,34.551,70.315
2025-11-13 05:25:17.554219,Chennai,93,26.131,87.363
2025-11-13 06:25:17.554219,Chennai,110,11.03,33.174
2025-11-13 07:25:17.554219,Chennai,108,6.73,81.449
2025-11-13 08:25:17.554219,Chennai,100,33.736,83.015
2025-11-13 09:25:17.554219,Chennai,97,23.185,51.304
2025-11-13 10:25:17.554219,Chennai,101,31.162,85.026
2025-11-13 11:25:17.554219,Chennai,98,30.866,88.794
2025-11-13 12:25:17.554219,Chennai,109,34.519,58.168
2025-11-13 13:25:17.554219,Chennai,34,28.772,77.382
2025-11-13 14:25:17.554219,Chennai,132,9.819,31.03
2025-11-13 15:25:17.554219,Chennai,105,25.771,74.232
2025-11-13 16:25:17.554219,Chennai,126,35.624,45.265
2025-11-13 17:25:17.554219,Chennai,104,7.748,56.89
2025-11-13 18:25:17.554219,Chennai,128,23.739,73.531
2025-11-13 19:25:17.554219,Chennai,143,24.05,50.365
2025-11-13 20:25:17.554219,Chennai,150,24.772,82.551
2025-11-13 21:25:17.554219,Chennai,73,18.542,65.504
2025-11-13 22:25:17.554219,Chennai,83,7.196,29.727
2025-11-13 23:25:17.554219,Chennai,104,21.524,34.987
2025-11-14 00:25:17.554219,Chennai,131,16.222,33.979
2025-11-14 01:25:17.554219,Chennai,152,30.782,89.58
2025-11-14 02:25:17.554219,Chennai,88,10.603,69.194
2025-11-14 03:25:17.554219,Chennai,99,7.624,69.471
2025-11-14 04:25:17.554219,Chennai,109,12.422,27.635
2025-11-14 05:25:17.554219,Chennai,101,32.939,55.541
2025-11-14 06:25:17.554219,Chennai,65,17.753,75.569
2025-11-14 07:25:17.554219,Chennai,109,32.49,54.425
2025-11-14 08:25:17.554219,Chennai,75,22.669,78.649
2025-11-14 09:25:17.554219,Chennai,98,8.37,76.182
2025-11-14 10:25:17.554219,Chennai,105,9.977,61.955
2025-11-14 11:25:17.554219,Chennai,75,34.503,34.184
2025-11-14 12:25:17.554219,Chennai,118,13.438,79.026
2025-11-14 13:25:17.554219,Chennai,96,16.908,29.468
2025-11-14 14:25:17.554219,Chennai,84,14.865,86.316
2025-11-14 15:25:17.554219,Chennai,80,28.469,81.16
2025-11-14 16:25:17.554219,Chennai,73,24.875,78.324
2025-11-14 17:25:17.554219,Chennai,109,26.859,35.62
2025-11-14 18:25:17.554219,Chennai,157,15.087,61.792
2025-11-14 19:25:17.554219,Chennai,100,17.489,37.651
2025-11-14 20:25:17.554219,Chennai,117,20.95,65.219
2025-11-14 21:25:17.554219,Chennai,82,29.646,63.363
2025-11-14 22:25:17.554219,Chennai,89,12.096,60.718
2025-11-14 23:25:17.554219,Chennai,102,5.223,39.155
2025-11-15 00:25:17.554219,Chennai,108,37.809,60.866
2025-11-15 01:25:17.554219,Chennai,136,17.212,41.649
2025-11-15 02:25:17.554219,Chennai,99,16.346,56.399
2025-11-15 03:25:17.554219,Chennai,152,13.553,75.62
2025-11-15 04:25:17.554219,Chennai,156,36.674,60.102
2025-11-15 05:25:17.554219,Chennai,122,9.339,27.975
2025-11-15 06:25:17.554219,Chennai,122,36.942,70.149
2025-11-15 07:25:17.554219,Chennai,98,23.627,76.006
2025-11-15 08:25:17.554219,Chennai,95,34.512,61.054
2025-11-15 09:25:17.554219,Chennai,182,22.067,49.866
2025-11-15 10:25:17.554219,Chennai,89,23.847,58.693
2025-11-15 11:25:17.554219,Chennai,160,11.477,42.62
2025-11-15 12:25:17.554219,Chennai,104,5.208,86.63
2025-11-15 13:25:17.554219,Chennai,69,5.717,27.866
2025-11-15 14:25:17.554219,Chennai,79,21.299,73.3
2025-11-15 15:25:17.554219,Chennai,115,9.019,40.591
2025-11-15 16:25:17.554219,Chennai,90,26.026,41.101
2025-11-15 17:25:17.554219,Chennai,84,32.392,65.519
2025-11-15 18:25:17.554219,Chennai,107,32.921,60.869
2025-11-15 19:25:17.554219,Chennai,121,16.085,31.458
2025-11-15 20:25:17.554219,Chennai,106,34.208,36.54
2025-11-15 21:25:17.554219,Chennai,60,26.008,62.124
2025-11-15 22:25:17.554219,Chennai,148,13.53,29.292
2025-11-15 23:25:17.554219,Chennai,111,19.921,49.406
2025-11-16 00:25:17.554219,Chennai,148,19.181,65.195
2025-11-16 01:25:17.554219,Chennai,97,32.212,84.782
2025-11-16 02:25:17.554219,Chennai,105,17.217,70.049
2025-11-16 03:25:17.554219,Chennai,123,34.15,58.98
2025-11-16 04:25:17.554219,Chennai,79,18.723,72.23
2025-11-16 05:25:17.554219,Chennai,88,28.985,85.095
2025-11-16 06:25:17.554219,Chennai,115,27.076,38.249
2025-11-16 07:25:17.554219,Chennai,99,28.687,39.448
2025-11-16 08:25:17.554219,Chennai,111,35.412,58.265
2025-11-16 09:25:17.554219,Chennai,127,19.641,30.597
2025-11-16 10:25:17.554219,Chennai,68,20.703,53.068
2025-11-16 11:25:17.554219,Chennai,103,8.109,74.75
2025-11-16 12:25:17.554219,Chennai,63,35.324,34.059
2025-11-16 13:25:17.554219,Chennai,76,13.148,38.197
2025-11-16 14:25:17.554219,Chennai,98,31.03,69.764
2025-11-16 15:25:17.554219,Chennai,69,25.584,75.27
2025-11-16 16:25:17.554219,Chennai,127,19.719,35.397
2025-11-16 17:25:17.554219,Chennai,152,21.509,38.597
2025-11-16 18:25:17.554219,Chennai,110,10.203,51.266
2025-11-16 19:25:17.554219,Chennai,125,14.856,39.485
2025-11-16 20:25:17.554219,Chennai,76,14.241,43.731
2025-11-16 21:25:17.554219,Chennai,113,12.059,52.784
2025-11-16 22:25:17.554219,Chennai,141,34.807,26.247
2025-11-16 23:25:17.554219,Chennai,77,10.995,52.42
2025-11-17 00:25:17.554219,Chennai,106,23.553,45.673
2025-11-17 01:25:17.554219,Chennai,124,7.82,45.164
2025-11-17 02:25:17.554219,Chennai,106,23.081,30.534
2025-11-17 03:25:17.554219,Chennai,87,20.32,39.835
2025-11-17 04:25:17.554219,Chennai,105,20.789,32.123
2025-11-17 05:25:17.554219,Chennai,112,29.561,62.82
2025-11-17 06:25:17.554219,Chennai,101,13.837,39.16
2025-11-17 07:25:17.554219,Chennai,125,15.56,52.898
2025-11-17 08:25:17.554219,Chennai,82,7.726,55.097
2025-11-17 09:25:17.554219,Chennai,98,35.904,37.821
2025-11-17 10:25:17.554219,Chennai,104,16.589,83.893
2025-11-17 11:25:17.554219,Chennai,110,25.296,74.408
2025-11-17 12:25:17.554219,Chennai,120,6.219,65.966
2025-11-17 13:25:17.554219,Chennai,83,14.536,76.127
2025-11-17 14:25:17.554219,Chennai,103,19.78,83.182
2025-11-17 15:25:17.554219,Chennai,97,29.082,77.346
2025-11-17 16:25:17.554219,Chennai,69,34.237,85.346
2025-11-17 17:25:17.554219,Chennai,90,35.029,36.196
2025-11-17 18:25:17.554219,Chennai,75,7.225,45.72
2025-11-17 19:25:17.554219,Chennai,115,28.736,62.063
2025-11-17 20:25:17.554219,Chennai,130,5.681,50.058
2025-11-17 21:25:17.554219,Chennai,81,13.291,69.106
2025-11-17 22:25:17.554219,Chennai,95,21.523,81.033
2025-11-17 23:25:17.554219,Chennai,109,27.012,81.802
2025-11-18 00:25:17.554219,Chennai,118,37.865,76.674
2025-11-18 01:25:17.554219,Chennai,125,11.434,36.251
2025-11-18 02:25:17.554219,Chennai,97,10.383,66.682
2025-11-18 03:25:17.554219,Chennai,93,27.701,48.217
2025-11-18 04:25:17.554219,Chennai,87,33.701,78.553
2025-11-18 05:25:17.554219,Chennai,91,34.453,25.768
2025-11-18 06:25:17.554219,Chennai,80,17.934,81.129
2025-11-18 07:25:17.554219,Chennai,90,5.622,76.957
2025-11-18 08:25:17.554219,Chennai,77,8.224,44.8
2025-11-18 09:25:17.554219,Chennai,110,17.364,88.613
2025-11-18 10:25:17.554219,Chennai,77,6.815,58.033
2025-11-18 11:25:17.554219,Chennai,86,31.142,80.746
2025-11-18 12:25:17.554219,Chennai,105,16.049,84.214
2025-11-18 13:25:17.554219,Chennai,88,21.793,52.734
2025-11-18 14:25:17.554219,Chennai,128,18.672,86.16
2025-11-18 15:25:17.554219,Chennai,125,11.989,46.856
2025-11-18 16:25:17.554219,Chennai,121,25.441,51.207
2025-11-18 17:25:17.554219,Chennai,79,21.027,79.074
2025-11-18 18:25:17.554219,Chennai,113,35.506,64.79
2025-11-18 19:25:17.554219,Chennai,75,36.178,63.339
2025-11-18 20:25:17.554219,Chennai,89,35.224,32.715
2025-11-18 21:25:17.554219,Chennai,98,29.096,71.439
2025-11-18 22:25:17.554219,Chennai,110,29.07,48.84
2025-11-18 23:25:17.554219,Chennai,80,15.978,68.556
2025-11-19 00:25:17.554219,Chennai,118,28.632,81.997
2025-11-19 01:25:17.554219,Chennai,101,23.908,56.494
2025-11-19 02:25:17.554219,Chennai,99,12.338,30.426
2025-11-19 03:25:17.554219,Chennai,71,29.927,54.443
2025-11-19 04:25:17.554219,Chennai,174,6.057,88.257
2025-11-19 05:25:17.554219,Chennai,136,24.864,53.379
2025-11-19 06:25:17.554219,Chennai,92,25.081,80.804
2025-11-19 07:25:17.554219,Chennai,140,11.866,64.535
2025-11-19 08:25:17.554219,Chennai,76,7.71,73.743
2025-11-19 09:25:17.554219,Chennai,105,17.298,72.009
2025-11-19 10:25:17.554219,Chennai,116,5.744,83.543
2025-11-19 11:25:17.554219,Chennai,80,22.66,57.585
2025-11-19 12:25:17.554219,Chennai,158,25.011,83.71
2025-11-19 13:25:17.554219,Chennai,98,35.132,41.035
2025-11-19 14:25:17.554219,Chennai,136,17.835,27.979
2025-11-19 15:25:17.554219,Chennai,93,15.386,32.531
2025-11-19 16:25:17.554219,Chennai,104,37.014,66.142
2025-11-19 17:25:17.554219,Chennai,145,25.023,81.638
2025-11-04 18:25:17.554219,Tokyo,117,24.398,54.037
2025-11-04 19:25:17.554219,Tokyo,165,9.733,65.84
2025-11-04 20:25:17.554219,Tokyo,139,37.098,38.522
2025-11-04 21:25:17.554219,Tokyo,125,26.19,79.437
2025-11-04 22:25:17.554219,Tokyo,91,16.278,88.774
2025-11-04 23:25:17.554219,Tokyo,119,7.857,58.167
2025-11-05 00:25:17.554219,Tokyo,135,7.453,43.013
2025-11-05 01:25:17.554219,Tokyo,115,7.392,52.845
2025-11-05 02:25:17.554219,Tokyo,54,13.752,65.789
2025-11-05 03:25:17.554219,Tokyo,108,23.436,45.353
2025-11-05 04:25:17.554219,Tokyo,52,36.962,40.897
2025-11-05 05:25:17.554219,Tokyo,106,29.209,88.149
2025-11-05 06:25:17.554219,Tokyo,128,26.372,40.398
2025-11-05 07:25:17.554219,Tokyo,102,5.832,83.5
2025-11-05 08:25:17.554219,Tokyo,57,26.895,47.136
2025-11-05 09:25:17.554219,Tokyo,57,28.416,60.182
2025-11-05 10:25:17.554219,Tokyo,132,12.576,89.831
2025-11-05 11:25:17.554219,Tokyo,90,32.574,29.707
2025-11-05 12:25:17.554219,Tokyo,117,27.886,36.416
2025-11-05 13:25:17.554219,Tokyo,95,5.805,77.829
2025-11-05 14:25:17.554219,Tokyo,135,29.15,62.324
2025-11-05 15:25:17.554219,Tokyo,130,34.274,40.057
2025-11-05 16:25:17.554219,Tokyo,77,24.078,35.664
2025-11-05 17:25:17.554219,Tokyo,116,22.047,71.306
2025-11-05 18:25:17.554219,Tokyo,94,24.209,37.121
2025-11-05 19:25:17.554219,Tokyo,105,30.751,48.983
2025-11-05 20:25:17.554219,Tokyo,115,36.849,44.604
2025-11-05 21:25:17.554219,Tokyo,109,15.383,85.771
2025-11-05 22:25:17.554219,Tokyo,101,28.64,88.414
2025-11-05 23:25:17.554219,Tokyo,143,30.664,50.177
2025-11-06 00:25:17.554219,Tokyo,74,35.064,54.695
2025-11-06 01:25:17.554219,Tokyo,144,11.268,80.558
2025-11-06 02:25:17.554219,Tokyo,85,30.362,64.332
2025-11-06 03:25:17.554219,Tokyo,118,7.976,47.553
2025-11-06 04:25:17.554219,Tokyo,88,5.163,66.934
2025-11-06 05:25:17.554219,Tokyo,134,17.071,67.324
2025-11-06 06:25:17.554219,Tokyo,155,8.056,28.868
2025-11-06 07:25:17.554219,Tokyo,137,15.521,70.787
2025-11-06 08:25:17.554219,Tokyo,68,21.572,58.072
2025-11-06 09:25:17.554219,Tokyo,109,31.93,33.699
2025-11-06 10:25:17.554219,Tokyo,114,13.616,55.003
2025-11-06 11:25:17.554219,Tokyo,106,13.029,86.925
2025-11-06 12:25:17.554219,Tokyo,121,19.108,83.48
2025-11-06 13:25:17.554219,Tokyo,114,28.51,81.457
2025-11-06 14:25:17.554219,Tokyo,119,30.682,81.213
2025-11-06 15:25:17.554219,Tokyo,117,27.596,37.686
2025-11-06 16:25:17.554219,Tokyo,110,13.856,72.806
2025-11-06 17:25:17.554219,Tokyo,72,18.682,59.157
2025-11-06 18:25:17.554219,Tokyo,66,32.753,31.764
2025-11-06 19:25:17.554219,Tokyo,74,11.631,86.412
2025-11-06 20:25:17.554219,Tokyo,101,19.423,28.227
2025-11-06 21:25:17.554219,Tokyo,104,35.388,44.64
2025-11-06 22:25:17.554219,Tokyo,94,23.229,75.278
2025-11-06 23:25:17.554219,Tokyo,57,35.021,31.592
2025-11-07 00:25:17.554219,Tokyo,75,12.231,28.18
2025-11-07 01:25:17.554219,Tokyo,77,37.606,39.19
2025-11-07 02:25:17.554219,Tokyo,60,23.29,26.549
2025-11-07 03:25:17.554219,Tokyo,123,25.147,48.15
2025-11-07 04:25:17.554219,Tokyo,73,25.313,72.946
2025-11-07 05:25:17.554219,Tokyo,133,10.897,62.324
2025-11-07 06:25:17.554219,Tokyo,81,26.457,34.48
2025-11-07 07:25:17.554219,Tokyo,139,18.461,25.009
2025-11-07 08:25:17.554219,Tokyo,111,9.494,79.329
2025-11-07 09:25:17.554219,Tokyo,102,25.437,50.28
2025-11-07 10:25:17.554219,Tokyo,121,15.363,83.995
2025-11-07 11:25:17.554219,Tokyo,109,28.772,68.68
2025-11-07 12:25:17.554219,Tokyo,109,35.309,52.142
2025-11-07 13:25:17.554219,Tokyo,117,13.993,87.344
2025-11-07 14:25:17.554219,Tokyo,49,7.392,89.977
2025-11-07 15:25:17.554219,Tokyo,114,22.051,79.092
2025-11-07 16:25:17.554219,Tokyo,130,16.645,74.588
2025-11-07 17:25:17.554219,Tokyo,115,35.752,82.31
2025-11-07 18:25:17.554219,Tokyo,103,22.688,27.976
2025-11-07 19:25:17.554219,Tokyo,175,19.957,57.046
2025-11-07 20:25:17.554219,Tokyo,90,6.806,33.888
2025-11-07 21:25:17.554219,Tokyo,160,19.294,74.442
2025-11-07 22:25:17.554219,Tokyo,75,16.22,42.879
2025-11-07 23:25:17.554219,Tokyo,110,19.855,50.553
2025-11-08 00:25:17.554219,Tokyo,107,29.231,36.104
2025-11-08 01:25:17.554219,Tokyo,86,16.756,32.363
2025-11-08 02:25:17.554219,Tokyo,65,19.339,45.331
2025-11-08 03:25:17.554219,Tokyo,123,12.39,84.949
2025-11-08 04:25:17.554219,Tokyo,114,28.908,64.596
2025-11-08 05:25:17.554219,Tokyo,115,24.573,71.027
2025-11-08 06:25:17.554219,Tokyo,156,29.445,44.236
2025-11-08 07:25:17.554219,Tokyo,139,35.231,42.238
2025-11-08 08:25:17.554219,Tokyo,74,24.862,67.627
2025-11-08 09:25:17.554219,Tokyo,76,29.505,46.837
2025-11-08 10:25:17.554219,Tokyo,125,11.199,27.604
2025-11-08 11:25:17.554219,Tokyo,118,12.938,34.053
2025-11-08 12:25:17.554219,Tokyo,90,20.293,46.658
2025-11-08 13:25:17.554219,Tokyo,75,19.566,42.262
2025-11-08 14:25:17.554219,Tokyo,76,9.128,46.468
2025-11-08 15:25:17.554219,Tokyo,123,31.953,88.622
2025-11-08 16:25:17.554219,Tokyo,64,35.869,68.256
2025-11-08 17:25:17.554219,Tokyo,76,14.611,38.796
2025-11-08 18:25:17.554219,Tokyo,100,29.505,66.672
2025-11-08 19:25:17.554219,Tokyo,86,19.577,88.65
2025-11-08 20:25:17.554219,Tokyo,94,29.924,86.996
2025-11-08 21:25:17.554219,Tokyo,74,31.623,54.556
2025-11-08 22:25:17.554219,Tokyo,77,35.995,68.361
2025-11-08 23:25:17.554219,Tokyo,105,18.971,65.831
2025-11-09 00:25:17.554219,Tokyo,96,37.692,81.25
2025-11-09 01:25:17.554219,Tokyo,117,14.242,85.238
2025-11-09 02:25:17.554219,Tokyo,132,34.22,70.18
2025-11-09 03:25:17.554219,Tokyo,140,5.886,81.699
2025-11-09 04:25:17.554219,Tokyo,101,13.56,65.058
2025-11-09 05:25:17.554219,Tokyo,95,18.977,73.359
2025-11-09 06:25:17.554219,Tokyo,120,27.384,37.614
2025-11-09 07:25:17.554219,Tokyo,77,18.217,26.144
2025-11-09 08:25:17.554219,Tokyo,95,20.492,70.113
2025-11-09 09:25:17.554219,Tokyo,90,10.414,34.321
2025-11-09 10:25:17.554219,Tokyo,168,26.702,79.177
2025-11-09 11:25:17.554219,Tokyo,81,25.397,48.398
2025-11-09 12:25:17.554219,Tokyo,125,21.749,77.636
2025-11-09 13:25:17.554219,Tokyo,128,11.812,45.537
2025-11-09 14:25:17.554219,Tokyo,103,7.571,81.067
2025-11-09 15:25:17.554219,Tokyo,104,13.245,64.876
2025-11-09 16:25:17.554219,Tokyo,128,13.836,71.136
2025-11-09 17:25:17.554219,Tokyo,33,22.526,77.362
2025-11-09 18:25:17.554219,Tokyo,124,24.994,28.232
2025-11-09 19:25:17.554219,Tokyo,159,32.119,73.825
2025-11-09 20:25:17.554219,Tokyo,42,24.05,35.242
2025-11-09 21:25:17.554219,Tokyo,81,7.605,75.138
2025-11-09 22:25:17.554219,Tokyo,112,26.742,27.199
2025-11-09 23:25:17.554219,Tokyo,88,34.374,54.164
2025-11-10 00:25:17.554219,Tokyo,99,9.602,89.231
2025-11-10 01:25:17.554219,Tokyo,124,15.935,69.688
2025-11-10 02:25:17.554219,Tokyo,140,32.168,76.524
2025-11-10 03:25:17.554219,Tokyo,111,8.486,88.16
2025-11-10 04:25:17.554219,Tokyo,113,30.39,76.033
2025-11-10 05:25:17.554219,Tokyo,111,12.675,88.47
2025-11-10 06:25:17.554219,Tokyo,130,17.622,66.293
2025-11-10 07:25:17.554219,Tokyo,80,32.915,40.957
2025-11-10 08:25:17.554219,Tokyo,137,6.084,66.466
2025-11-10 09:25:17.554219,Tokyo,158,14.525,42.014
2025-11-10 10:25:17.554219,Tokyo,114,16.2,40.95
2025-11-10 11:25:17.554219,Tokyo,98,21.02,38.199
2025-11-10 12:25:17.554219,Tokyo,95,31.33,51.971
2025-11-10 13:25:17.554219,Tokyo,106,13.714,57.443
2025-11-10 14:25:17.554219,Tokyo,102,24.241,37.034
2025-11-10 15:25:17.554219,Tokyo,98,13.739,74.25
2025-11-10 16:25:17.554219,Tokyo,101,6.56,64.178
2025-11-10 17:25:17.554219,Tokyo,115,6.743,26.278
2025-11-10 18:25:17.554219,Tokyo,138,36.465,64.922
2025-11-10 19:25:17.554219,Tokyo,107,16.296,55.487
2025-11-10 20:25:17.554219,Tokyo,109,24.57,67.763
2025-11-10 21:25:17.554219,Tokyo,126,34.448,77.971
2025-11-10 22:25:17.554219,Tokyo,78,18.183,73.409
2025-11-10 23:25:17.554219,Tokyo,140,25.495,37.865
2025-11-11 00:25:17.554219,Tokyo,127,34.878,51.748
2025-11-11 01:25:17.554219,Tokyo,121,15.627,48.743
2025-11-11 02:25:17.554219,Tokyo,132,5.298,52.849
2025-11-11 03:25:17.554219,Tokyo,76,25.128,78.662
2025-11-11 04:25:17.554219,Tokyo,116,10.829,39.421
2025-11-11 05:25:17.554219,Tokyo,58,7.755,89.617
2025-11-11 06:25:17.554219,Tokyo,133,36.509,52.648
2025-11-11 07:25:17.554219,Tokyo,83,12.078,78.788
2025-11-11 08:25:17.554219,Tokyo,93,10.547,51.85
2025-11-11 09:25:17.554219,Tokyo,77,31.729,79.889
2025-11-11 10:25:17.554219,Tokyo,95,6.524,35.459
2025-11-11 11:25:17.554219,Tokyo,100,21.24,52.156
2025-11-11 12:25:17.554219,Tokyo,143,6.025,68.629
2025-11-11 13:25:17.554219,Tokyo,140,13.495,65.064
2025-11-11 14:25:17.554219,Tokyo,110,21.237,61.338
2025-11-11 15:25:17.554219,Tokyo,93,20.204,59.404
2025-11-11 16:25:17.554219,Tokyo,136,27.493,79.29
2025-11-11 17:25:17.554219,Tokyo,93,19.37,31.392
2025-11-11 18:25:17.554219,Tokyo,88,11.757,36.354
2025-11-11 19:25:17.554219,Tokyo,125,26.199,61.662
2025-11-11 20:25:17.554219,Tokyo,107,30.622,88.657
2025-11-11 21:25:17.554219,Tokyo,130,15.343,58.727
2025-11-11 22:25:17.554219,Tokyo,91,5.977,37.403
2025-11-11 23:25:17.554219,Tokyo,117,6.139,85.051
2025-11-12 00:25:17.554219,Tokyo,100,26.948,73.03
2025-11-12 01:25:17.554219,Tokyo,80,25.838,86.355
2025-11-12 02:25:17.554219,Tokyo,136,14.579,77.909
2025-11-12 03:25:17.554219,Tokyo,116,36.651,46.976
2025-11-12 04:25:17.554219,Tokyo,137,8.649,73.483
2025-11-12 05:25:17.554219,Tokyo,125,15.663,69.893
2025-11-12 06:25:17.554219,Tokyo,86,36.233,78.066
2025-11-12 07:25:17.554219,Tokyo,87,11.669,78.231
2025-11-12 08:25:17.554219,Tokyo,119,34.137,33.01
2025-11-12 09:25:17.554219,Tokyo,80,32.288,30.46
2025-11-12 10:25:17.554219,Tokyo,100,23.268,69.239
2025-11-12 11:25:17.554219,Tokyo,90,29.521,35.87
2025-11-12 12:25:17.554219,Tokyo,90,24.997,73.667
2025-11-12 13:25:17.554219,Tokyo,125,20.614,39.474
2025-11-12 14:25:17.554219,Tokyo,124,22.443,35.757
2025-11-12 15:25:17.554219,Tokyo,74,31.005,49.54
2025-11-12 16:25:17.554219,Tokyo,115,30.282,68.532
2025-11-12 17:25:17.554219,Tokyo,106,37.279,57.662
2025-11-12 18:25:17.554219,Tokyo,118,14.505,37.416
2025-11-12 19:25:17.554219,Tokyo,94,12.218,63.449
2025-11-12 20:25:17.554219,Tokyo,87,19.832,79.909
2025-11-12 21:25:17.554219,Tokyo,111,11.881,82.435
2025-11-12 22:25:17.554219,Tokyo,84,34.057,39.743
2025-11-12 23:25:17.554219,Tokyo,90,15.39,32.779
2025-11-13 00:25:17.554219,Tokyo,92,35.405,50.256
2025-11-13 01:25:17.554219,Tokyo,111,31.843,55.789
2025-11-13 02:25:17.554219,Tokyo,115,22.633,84.979
2025-11-13 03:25:17.554219,Tokyo,163,12.778,58.392
2025-11-13 04:25:17.554219,Tokyo,94,23.984,57.125
2025-11-13 05:25:17.554219,Tokyo,107,7.153,84.29
2025-11-13 06:25:17.554219,Tokyo,75,29.327,66.331
2025-11-13 07:25:17.554219,Tokyo,58,8.181,47.53
2025-11-13 08:25:17.554219,Tokyo,79,25.017,49.744
2025-11-13 09:25:17.554219,Tokyo,93,28.893,57.657
2025-11-13 10:25:17.554219,Tokyo,164,27.676,75.476
2025-11-13 11:25:17.554219,Tokyo,87,24.067,40.868
2025-11-13 12:25:17.554219,Tokyo,110,16.587,61.704
2025-11-13 13:25:17.554219,Tokyo,69,24.874,43.519
2025-11-13 14:25:17.554219,Tokyo,174,11.365,36.432
2025-11-13 15:25:17.554219,Tokyo,144,32.966,29.492
2025-11-13 16:25:17.554219,Tokyo,75,9.294,42.774
2025-11-13 17:25:17.554219,Tokyo,84,23.27,70.847
2025-11-13 18:25:17.554219,Tokyo,86,29.624,56.251
2025-11-13 19:25:17.554219,Tokyo,101,28.695,60.917
2025-11-13 20:25:17.554219,Tokyo,81,29.648,56.53
2025-11-13 21:25:17.554219,Tokyo,82,26.325,32.716
2025-11-13 22:25:17.554219,Tokyo,97,9.28,41.255
2025-11-13 23:25:17.554219,Tokyo,93,16.496,35.878
2025-11-14 00:25:17.554219,Tokyo,76,29.825,60.057
2025-11-14 01:25:17.554219,Tokyo,145,15.588,45.153
2025-11-14 02:25:17.554219,Tokyo,99,23.523,63.281
2025-11-14 03:25:17.554219,Tokyo,82,13.263,61.363
2025-11-14 04:25:17.554219,Tokyo,133,15.704,42.891
2025-11-14 05:25:17.554219,Tokyo,76,20.945,77.205
2025-11-14 06:25:17.554219,Tokyo,91,13.321,38.356
2025-11-14 07:25:17.554219,Tokyo,82,30.869,78.701
2025-11-14 08:25:17.554219,Tokyo,112,15.024,55.921
2025-11-14 09:25:17.554219,Tokyo,84,14.137,43.398
2025-11-14 10:25:17.554219,Tokyo,82,30.015,50.304
2025-11-14 11:25:17.554219,Tokyo,123,36.676,31.392
2025-11-14 12:25:17.554219,Tokyo,69,7.547,66.578
2025-11-14 13:25:17.554219,Tokyo,103,17.962,79.77
2025-11-14 14:25:17.554219,Tokyo,129,32.63,34.617
2025-11-14 15:25:17.554219,Tokyo,78,12.862,57.462
2025-11-14 16:25:17.554219,Tokyo,105,27.019,47.117
2025-11-14 17:25:17.554219,Tokyo,91,7.805,64.679
2025-11-14 18:25:17.554219,Tokyo,116,5.172,30.246
2025-11-14 19:25:17.554219,Tokyo,95,28.445,68.512
2025-11-14 20:25:17.554219,Tokyo,138,36.893,58.522
2025-11-14 21:25:17.554219,Tokyo,85,17.387,48.947
2025-11-14 22:25:17.554219,Tokyo,103,31.744,54.831
2025-11-14 23:25:17.554219,Tokyo,150,5.772,29.258
2025-11-15 00:25:17.554219,Tokyo,149,10.543,84.103
2025-11-15 01:25:17.554219,Tokyo,144,35.186,88.905
2025-11-15 02:25:17.554219,Tokyo,130,6.763,77.839
2025-11-15 03:25:17.554219,Tokyo,111,11.955,52.555
2025-11-15 04:25:17.554219,Tokyo,71,28.678,54.336
2025-11-15 05:25:17.554219,Tokyo,79,20.684,59.756
2025-11-15 06:25:17.554219,Tokyo,98,20.572,87.057
2025-11-15 07:25:17.554219,Tokyo,139,15.379,47.052
2025-11-15 08:25:17.554219,Tokyo,170,13.529,58.472
2025-11-15 09:25:17.554219,Tokyo,108,34.299,33.921
2025-11-15 10:25:17.554219,Tokyo,78,7.158,28.975
2025-11-15 11:25:17.554219,Tokyo,84,33.555,75.499
2025-11-15 12:25:17.554219,Tokyo,66,22.212,37.242
2025-11-15 13:25:17.554219,Tokyo,154,35.847,69.357
2025-11-15 14:25:17.554219,Tokyo,100,12.106,85.065
2025-11-15 15:25:17.554219,Tokyo,99,7.314,78.548
2025-11-15 16:25:17.554219,Tokyo,55,24.947,35.991
2025-11-15 17:25:17.554219,Tokyo,88,24.218,35.912
2025-11-15 18:25:17.554219,Tokyo,65,36.54,25.879
2025-11-15 19:25:17.554219,Tokyo,140,16.973,79.505
2025-11-15 20:25:17.554219,Tokyo,74,30.217,55.041
2025-11-15 21:25:17.554219,Tokyo,118,30.293,60.445
2025-11-15 22:25:17.554219,Tokyo,72,22.43,29.755
2025-11-15 23:25:17.554219,Tokyo,106,7.107,83.16
2025-11-16 00:25:17.554219,Tokyo,93,18.075,30.488
2025-11-16 01:25:17.554219,Tokyo,108,29.353,51.726
2025-11-16 02:25:17.554219,Tokyo,115,17.436,60.435
2025-11-16 03:25:17.554219,Tokyo,99,23.706,55.854
2025-11-16 04:25:17.554219,Tokyo,74,32.922,50.218
2025-11-16 05:25:17.554219,Tokyo,101,30.753,64.864
2025-11-16 06:25:17.554219,Tokyo,99,26.387,37.984
2025-11-16 07:25:17.554219,Tokyo,85,15.502,51.961
2025-11-16 08:25:17.554219,Tokyo,116,25.203,50.679
2025-11-16 09:25:17.554219,Tokyo,115,12.593,89.378
2025-11-16 10:25:17.554219,Tokyo,84,20.841,89.952
2025-11-16 11:25:17.554219,Tokyo,72,15.043,40.296
2025-11-16 12:25:17.554219,Tokyo,100,13.174,60.491
2025-11-16 13:25:17.554219,Tokyo,111,7.795,84.292
2025-11-16 14:25:17.554219,Tokyo,113,25.284,33.456
2025-11-16 15:25:17.554219,Tokyo,107,18.336,26
2025-11-16 16:25:17.554219,Tokyo,97,34.288,53.772
2025-11-16 17:25:17.554219,Tokyo,92,34.875,29.279
2025-11-16 18:25:17.554219,Tokyo,80,22.381,74.096
2025-11-16 19:25:17.554219,Tokyo,119,8.807,70.925
2025-11-16 20:25:17.554219,Tokyo,133,14.846,60.437
2025-11-16 21:25:17.554219,Tokyo,112,26.77,36.033
2025-11-16 22:25:17.554219,Tokyo,85,7.664,58.173
2025-11-16 23:25:17.554219,Tokyo,97,23.255,60.623
2025-11-17 00:25:17.554219,Tokyo,97,23.609,51.24
2025-11-17 01:25:17.554219,Tokyo,77,12.964,36.485
2025-11-17 02:25:17.554219,Tokyo,130,24.715,40.623
2025-11-17 03:25:17.554219,Tokyo,94,28.422,78.577
2025-11-17 04:25:17.554219,Tokyo,166,35.582,46.37
2025-11-17 05:25:17.554219,Tokyo,150,32.888,40.134
2025-11-17 06:25:17.554219,Tokyo,97,34.13,68.974
2025-11-17 07:25:17.554219,Tokyo,101,36.177,26.424
2025-11-17 08:25:17.554219,Tokyo,99,16.431,25.413
2025-11-17 09:25:17.554219,Tokyo,147,31.757,83.398
2025-11-17 10:25:17.554219,Tokyo,77,26.389,26.613
2025-11-17 11:25:17.554219,Tokyo,99,36.926,87.828
2025-11-17 12:25:17.554219,Tokyo,121,18.194,70.834
2025-11-17 13:25:17.554219,Tokyo,79,25.703,70.262
2025-11-17 14:25:17.554219,Tokyo,125,19.324,77.665
2025-11-17 15:25:17.554219,Tokyo,135,21.66,27.974
2025-11-17 16:25:17.554219,Tokyo,112,11.801,43.163
2025-11-17 17:25:17.554219,Tokyo,89,7.366,74.956
2025-11-17 18:25:17.554219,Tokyo,111,26.816,42.612
2025-11-17 19:25:17.554219,Tokyo,83,34.303,69.231
2025-11-17 20:25:17.554219,Tokyo,94,15.555,74.28
2025-11-17 21:25:17.554219,Tokyo,95,25.119,82.011
2025-11-17 22:25:17.554219,Tokyo,106,27.961,26.805
2025-11-17 23:25:17.554219,Tokyo,133,11.574,50.367
2025-11-18 00:25:17.554219,Tokyo,132,26.971,28.887
2025-11-18 01:25:17.554219,Tokyo,86,14.532,44.914
2025-11-18 02:25:17.554219,Tokyo,122,22.08,87.935
2025-11-18 03:25:17.554219,Tokyo,94,22.085,50.6
2025-11-18 04:25:17.554219,Tokyo,121,13.819,51.301
2025-11-18 05:25:17.554219,Tokyo,40,7.277,79.564
2025-11-18 06:25:17.554219,Tokyo,121,19.278,51.626
2025-11-18 07:25:17.554219,Tokyo,93,33.602,89.644
2025-11-18 08:25:17.554219,Tokyo,71,17.369,50.338
2025-11-18 09:25:17.554219,Tokyo,105,29.409,89.068
2025-11-18 10:25:17.554219,Tokyo,183,14.65,36.73
2025-11-18 11:25:17.554219,Tokyo,77,17.575,78.819
2025-11-18 12:25:17.554219,Tokyo,78,7.321,81.911
2025-11-18 13:25:17.554219,Tokyo,55,26.533,83.735
2025-11-18 14:25:17.554219,Tokyo,111,24.979,58.923
2025-11-18 15:25:17.554219,Tokyo,108,10.269,37.321
2025-11-18 16:25:17.554219,Tokyo,44,21.988,33.048
2025-11-18 17:25:17.554219,Tokyo,128,37.667,39.773
2025-11-18 18:25:17.554219,Tokyo,88,27.985,80.011
2025-11-18 19:25:17.554219,Tokyo,124,33.837,65.493
2025-11-18 20:25:17.554219,Tokyo,124,28.781,88.307
2025-11-18 21:25:17.554219,Tokyo,97,25.128,35.379
2025-11-18 22:25:17.554219,Tokyo,140,9.267,50.985
2025-11-18 23:25:17.554219,Tokyo,68,15.406,65.801
2025-11-19 00:25:17.554219,Tokyo,143,8.578,47.323
2025-11-19 01:25:17.554219,Tokyo,89,33.968,38.069
2025-11-19 02:25:17.554219,Tokyo,90,8.58,89.525
2025-11-19 03:25:17.554219,Tokyo,90,23.594,30.287
2025-11-19 04:25:17.554219,Tokyo,89,7.076,31.118
2025-11-19 05:25:17.554219,Tokyo,129,25.963,79.505
2025-11-19 06:25:17.554219,Tokyo,81,28.931,79.411
2025-11-19 07:25:17.554219,Tokyo,143,26.569,53.528
2025-11-19 08:25:17.554219,Tokyo,127,37.873,64.043
2025-11-19 09:25:17.554219,Tokyo,108,5.78,35.532
2025-11-19 10:25:17.554219,Tokyo,111,32.453,79.672
2025-11-19 11:25:17.554219,Tokyo,59,23.771,57.462
2025-11-19 12:25:17.554219,Tokyo,87,29.706,48.738
2025-11-19 13:25:17.554219,Tokyo,70,30.665,33.865
2025-11-19 14:25:17.554219,Tokyo,106,29.129,61.34
2025-11-19 15:25:17.554219,Tokyo,96,28.672,44.679
2025-11-19 16:25:17.554219,Tokyo,90,30.296,26.751
2025-11-19 17:25:17.554219,Tokyo,102,14.8,33.239
2025-11-04 18:25:17.554219,Osaka,96,20.985,56.124
2025-11-04 19:25:17.554219,Osaka,90,30.466,61.029
2025-11-04 20:25:17.554219,Osaka,65,34.41,46.404
2025-11-04 21:25:17.554219,Osaka,120,8.423,62.49
2025-11-04 22:25:17.554219,Osaka,79,31.479,78.754
2025-11-04 23:25:17.554219,Osaka,99,6.943,83.531
2025-11-05 00:25:17.554219,Osaka,128,35.861,67.204
2025-11-05 01:25:17.554219,Osaka,103,11.055,88.206
2025-11-05 02:25:17.554219,Osaka,143,36.814,53.088
2025-11-05 03:25:17.554219,Osaka,128,8.188,64.605
2025-11-05 04:25:17.554219,Osaka,88,19.462,61.776
2025-11-05 05:25:17.554219,Osaka,135,10.577,67.435
2025-11-05 06:25:17.554219,Osaka,85,8.951,55.655
2025-11-05 07:25:17.554219,Osaka,102,26.693,87.317
2025-11-05 08:25:17.554219,Osaka,143,20.388,33.95
2025-11-05 09:25:17.554219,Osaka,65,8.002,33.865
2025-11-05 10:25:17.554219,Osaka,122,12.345,72.445
2025-11-05 11:25:17.554219,Osaka,99,35.194,29.297
2025-11-05 12:25:17.554219,Osaka,106,19.999,37.351
2025-11-05 13:25:17.554219,Osaka,127,37.952,40.932
2025-11-05 14:25:17.554219,Osaka,121,28.674,85.979
2025-11-05 15:25:17.554219,Osaka,137,10.771,80.132
2025-11-05 16:25:17.554219,Osaka,94,20.48,84.946
2025-11-05 17:25:17.554219,Osaka,96,36.584,25.212
2025-11-05 18:25:17.554219,Osaka,91,9.911,58.815
2025-11-05 19:25:17.554219,Osaka,80,36.504,82.339
2025-11-05 20:25:17.554219,Osaka,93,15.241,67.322
2025-11-05 21:25:17.554219,Osaka,81,34.763,58.767
2025-11-05 22:25:17.554219,Osaka,123,27.174,77.855
2025-11-05 23:25:17.554219,Osaka,125,15.056,39.624
2025-11-06 00:25:17.554219,Osaka,133,30.434,62.091
2025-11-06 01:25:17.554219,Osaka,100,18.333,59.295
2025-11-06 02:25:17.554219,Osaka,114,36.617,64.265
2025-11-06 03:25:17.554219,Osaka,83,20.145,82.45
2025-11-06 04:25:17.554219,Osaka,120,25.755,74.58
2025-11-06 05:25:17.554219,Osaka,90,25.137,32.783
2025-11-06 06:25:17.554219,Osaka,171,12.966,43.41
2025-11-06 07:25:17.554219,Osaka,176,31.343,51.164
2025-11-06 08:25:17.554219,Osaka,51,18.904,65.172
2025-11-06 09:25:17.554219,Osaka,89,11.378,83.84
2025-11-06 10:25:17.554219,Osaka,113,18.96,56.587
2025-11-06 11:25:17.554219,Osaka,85,18.66,28.792
2025-11-06 12:25:17.554219,Osaka,131,22.51,40.111
2025-11-06 13:25:17.554219,Osaka,188,30.159,46.468
2025-11-06 14:25:17.554219,Osaka,107,29.305,59.715
2025-11-06 15:25:17.554219,Osaka,106,29.475,43.782
2025-11-06 16:25:17.554219,Osaka,89,13.67,72.706
2025-11-06 17:25:17.554219,Osaka,102,12.035,69.39
2025-11-06 18:25:17.554219,Osaka,122,34.153,30.018
2025-11-06 19:25:17.554219,Osaka,89,23.632,86.167
2025-11-06 20:25:17.554219,Osaka,85,12.264,46.519
2025-11-06 21:25:17.554219,Osaka,143,24.07,47.329
2025-11-06 22:25:17.554219,Osaka,84,35.477,88.341
2025-11-06 23:25:17.554219,Osaka,100,15.99,73.42
2025-11-07 00:25:17.554219,Osaka,95,22.713,37.715
2025-11-07 01:25:17.554219,Osaka,95,37.359,50.162
2025-11-07 02:25:17.554219,Osaka,143,19.783,88.362
2025-11-07 03:25:17.554219,Osaka,93,30.8,33.533
2025-11-07 04:25:17.554219,Osaka,86,15.881,54.902
2025-11-07 05:25:17.554219,Osaka,44,23.692,88.166
2025-11-07 06:25:17.554219,Osaka,88,29.238,25.192
2025-11-07 07:25:17.554219,Osaka,114,37.726,78.29
2025-11-07 08:25:17.554219,Osaka,145,11.625,58.95
2025-11-07 09:25:17.554219,Osaka,105,6.54,84.439
2025-11-07 10:25:17.554219,Osaka,125,18.262,52.076
2025-11-07 11:25:17.554219,Osaka,91,13.38,59.19
2025-11-07 12:25:17.554219,Osaka,74,16.799,31.18
2025-11-07 13:25:17.554219,Osaka,112,7.818,60.85
2025-11-07 14:25:17.554219,Osaka,124,28.518,28.612
2025-11-07 15:25:17.554219,Osaka,104,14.026,83.591
2025-11-07 16:25:17.554219,Osaka,122,23.196,58.528
2025-11-07 17:25:17.554219,Osaka,114,27.874,37.31
2025-11-07 18:25:17.554219,Osaka,128,27.918,69.229
2025-11-07 19:25:17.554219,Osaka,105,7.38,34.892
2025-11-07 20:25:17.554219,Osaka,110,13.134,79.139
2025-11-07 21:25:17.554219,Osaka,126,26.203,32.148
2025-11-07 22:25:17.554219,Osaka,110,18.825,57.604
2025-11-07 23:25:17.554219,Osaka,83,16.162,88.919
2025-11-08 00:25:17.554219,Osaka,95,7.706,70.373
2025-11-08 01:25:17.554219,Osaka,72,22.16,49.654
2025-11-08 02:25:17.554219,Osaka,173,8.099,59.156
2025-11-08 03:25:17.554219,Osaka,131,13.22,52.216
2025-11-08 04:25:17.554219,Osaka,61,24.327,44.274
2025-11-08 05:25:17.554219,Osaka,92,20.704,48.121
2025-11-08 06:25:17.554219,Osaka,89,30.051,88.53
2025-11-08 07:25:17.554219,Osaka,68,13.638,58.314
2025-11-08 08:25:17.554219,Osaka,86,10.603,56.395
2025-11-08 09:25:17.554219,Osaka,107,26.395,84.42
2025-11-08 10:25:17.554219,Osaka,103,9.438,86.643
2025-11-08 11:25:17.554219,Osaka,132,20.143,60.032
2025-11-08 12:25:17.554219,Osaka,128,5.114,80.321
2025-11-08 13:25:17.554219,Osaka,146,13.079,54.676
2025-11-08 14:25:17.554219,Osaka,104,6.586,50.641
2025-11-08 15:25:17.554219,Osaka,126,23.605,30.937
2025-11-08 16:25:17.554219,Osaka,93,34.705,33.529
2025-11-08 17:25:17.554219,Osaka,97,9.569,69.264
2025-11-08 18:25:17.554219,Osaka,76,8.051,78.899
2025-11-08 19:25:17.554219,Osaka,126,27.086,42.451
2025-11-08 20:25:17.554219,Osaka,118,20.994,42.239
2025-11-08 21:25:17.554219,Osaka,172,28.127,50.871
2025-11-08 22:25:17.554219,Osaka,101,11.585,81.242
2025-11-08 23:25:17.554219,Osaka,106,33.187,25.357
2025-11-09 00:25:17.554219,Osaka,120,16.118,34.563
2025-11-09 01:25:17.554219,Osaka,83,13.17,41.857
2025-11-09 02:25:17.554219,Osaka,54,10.571,60.636
2025-11-09 03:25:17.554219,Osaka,134,36.44,53.736
2025-11-09 04:25:17.554219,Osaka,147,24.169,60.737
2025-11-09 05:25:17.554219,Osaka,116,34.859,89.707
2025-11-09 06:25:17.554219,Osaka,99,34.919,65.554
2025-11-09 07:25:17.554219,Osaka,127,35.32,70.356
2025-11-09 08:25:17.554219,Osaka,68,24.033,53.528
2025-11-09 09:25:17.554219,Osaka,121,6.385,61.003
2025-11-09 10:25:17.554219,Osaka,80,26.069,82.342
2025-11-09 11:25:17.554219,Osaka,86,22.039,68.071
2025-11-09 12:25:17.554219,Osaka,141,32.368,66.132
2025-11-09 13:25:17.554219,Osaka,119,19.85,39.066
2025-11-09 14:25:17.554219,Osaka,92,19.442,25.076
2025-11-09 15:25:17.554219,Osaka,139,8.712,73.598
2025-11-09 16:25:17.554219,Osaka,98,8.917,53.829
2025-11-09 17:25:17.554219,Osaka,76,31.625,49.485
2025-11-09 18:25:17.554219,Osaka,133,21.7,38.329
2025-11-09 19:25:17.554219,Osaka,94,22.006,34.8
2025-11-09 20:25:17.554219,Osaka,71,31.06,41.366
2025-11-09 21:25:17.554219,Osaka,78,16.793,81.166
2025-11-09 22:25:17.554219,Osaka,90,29.092,86.736
2025-11-09 23:25:17.554219,Osaka,93,20.376,46.149
2025-11-10 00:25:17.554219,Osaka,91,16.578,77.306
2025-11-10 01:25:17.554219,Osaka,107,16.892,38.962
2025-11-10 02:25:17.554219,Osaka,88,17.712,63.647
2025-11-10 03:25:17.554219,Osaka,89,19.843,25.089
2025-11-10 04:25:17.554219,Osaka,124,9.621,61.002
2025-11-10 05:25:17.554219,Osaka,97,20.671,79.256
2025-11-10 06:25:17.554219,Osaka,66,22.137,59.373
2025-11-10 07:25:17.554219,Osaka,78,27.732,85.996
2025-11-10 08:25:17.554219,Osaka,142,37.209,61.197
2025-11-10 09:25:17.554219,Osaka,80,19.316,70.587
2025-11-10 10:25:17.554219,Osaka,94,6.761,59.477
2025-11-10 11:25:17.554219,Osaka,79,10.85,40.747
2025-11-10 12:25:17.554219,Osaka,123,12.261,83.607
2025-11-10 13:25:17.554219,Osaka,96,12.576,38.301
2025-11-10 14:25:17.554219,Osaka,157,21.54,41.652
2025-11-10 15:25:17.554219,Osaka,110,13.972,83.575
2025-11-10 16:25:17.554219,Osaka,124,15.908,77.355
2025-11-10 17:25:17.554219,Osaka,113,7.134,88.757
2025-11-10 18:25:17.554219,Osaka,84,25.837,30.627
2025-11-10 19:25:17.554219,Osaka,110,8.873,88.57
2025-11-10 20:25:17.554219,Osaka,84,14.361,55.814
2025-11-10 21:25:17.554219,Osaka,113,9.374,43.119
2025-11-10 22:25:17.554219,Osaka,96,18.215,67.661
2025-11-10 23:25:17.554219,Osaka,78,13.005,60.521
2025-11-11 00:25:17.554219,Osaka,115,22.039,49.437
2025-11-11 01:25:17.554219,Osaka,121,34.331,33.633
2025-11-11 02:25:17.554219,Osaka,61,20.441,65.428
2025-11-11 03:25:17.554219,Osaka,95,31.385,86.002
2025-11-11 04:25:17.554219,Osaka,128,15.894,65.242
2025-11-11 05:25:17.554219,Osaka,115,28.74,82.523
2025-11-11 06:25:17.554219,Osaka,130,16.44,36.502
2025-11-11 07:25:17.554219,Osaka,90,37.468,36.423
2025-11-11 08:25:17.554219,Osaka,90,17.133,25.519
2025-11-11 09:25:17.554219,Osaka,78,21.891,29.636
2025-11-11 10:25:17.554219,Osaka,72,29.955,62.454
2025-11-11 11:25:17.554219,Osaka,154,7.128,59.498
2025-11-11 12:25:17.554219,Osaka,84,14.482,69.418
2025-11-11 13:25:17.554219,Osaka,53,8.379,38.851
2025-11-11 14:25:17.554219,Osaka,124,32.088,35.272
2025-11-11 15:25:17.554219,Osaka,88,21.101,50.977
2025-11-11 16:25:17.554219,Osaka,116,7.549,31.1
2025-11-11 17:25:17.554219,Osaka,58,15.181,78.035
2025-11-11 18:25:17.554219,Osaka,52,25.722,54.797
2025-11-11 19:25:17.554219,Osaka,93,5.951,83.263
2025-11-11 20:25:17.554219,Osaka,124,30.266,76.086
2025-11-11 21:25:17.554219,Osaka,96,11.274,29.794
2025-11-11 22:25:17.554219,Osaka,73,37.325,38.211
2025-11-11 23:25:17.554219,Osaka,116,12.4,40.835
2025-11-12 00:25:17.554219,Osaka,115,21.706,72.955
2025-11-12 01:25:17.554219,Osaka,88,30.144,67.803
2025-11-12 02:25:17.554219,Osaka,105,6.225,80.118
2025-11-12 03:25:17.554219,Osaka,124,29.203,74.569
2025-11-12 04:25:17.554219,Osaka,113,34.957,44.23
2025-11-12 05:25:17.554219,Osaka,154,17.892,39.08
2025-11-12 06:25:17.554219,Osaka,155,5.945,63.496
2025-11-12 07:25:17.554219,Osaka,158,20.27,61.055
2025-11-12 08:25:17.554219,Osaka,125,16.509,57.487
2025-11-12 09:25:17.554219,Osaka,117,34.582,35.39
2025-11-12 10:25:17.554219,Osaka,73,24.415,89.272
2025-11-12 11:25:17.554219,Osaka,144,20.192,61.616
2025-11-12 12:25:17.554219,Osaka,108,11.776,26.778
2025-11-12 13:25:17.554219,Osaka,79,25.617,57.183
2025-11-12 14:25:17.554219,Osaka,158,7.861,58.164
2025-11-12 15:25:17.554219,Osaka,83,8.662,42.045
2025-11-12 16:25:17.554219,Osaka,83,13.821,54.489
2025-11-12 17:25:17.554219,Osaka,129,28.692,55.688
2025-11-12 18:25:17.554219,Osaka,88,13.469,77.37
2025-11-12 19:25:17.554219,Osaka,85,12,87.848
2025-11-12 20:25:17.554219,Osaka,88,18.822,38.417
2025-11-12 21:25:17.554219,Osaka,85,28.023,41.076
2025-11-12 22:25:17.554219,Osaka,106,19.337,25.641
2025-11-12 23:25:17.554219,Osaka,102,13.904,34.824
2025-11-13 00:25:17.554219,Osaka,124,19.036,58.211
2025-11-13 01:25:17.554219,Osaka,113,21.386,84.06
2025-11-13 02:25:17.554219,Osaka,78,34.645,59.125
2025-11-13 03:25:17.554219,Osaka,191,35.043,77.867
2025-11-13 04:25:17.554219,Osaka,107,24.882,76.645
2025-11-13 05:25:17.554219,Osaka,82,34.66,46.958
2025-11-13 06:25:17.554219,Osaka,104,15.39,49.802
2025-11-13 07:25:17.554219,Osaka,83,21.151,54.983
2025-11-13 08:25:17.554219,Osaka,52,22.825,76.1
2025-11-13 09:25:17.554219,Osaka,94,36.263,61.509
2025-11-13 10:25:17.554219,Osaka,58,6.743,85.977
2025-11-13 11:25:17.554219,Osaka,141,5.468,52.09
2025-11-13 12:25:17.554219,Osaka,100,19.297,72.953
2025-11-13 13:25:17.554219,Osaka,117,16.432,65.538
2025-11-13 14:25:17.554219,Osaka,96,35.204,25.131
2025-11-13 15:25:17.554219,Osaka,91,34.855,88.441
2025-11-13 16:25:17.554219,Osaka,150,35.141,31.623
2025-11-13 17:25:17.554219,Osaka,88,27.315,50.928
2025-11-13 18:25:17.554219,Osaka,99,24.945,83.072
2025-11-13 19:25:17.554219,Osaka,144,17.872,41.468
2025-11-13 20:25:17.554219,Osaka,64,6.827,54.504
2025-11-13 21:25:17.554219,Osaka,124,21.51,65.932
2025-11-13 22:25:17.554219,Osaka,58,31.681,69.71
2025-11-13 23:25:17.554219,Osaka,89,19.456,47.879
2025-11-14 00:25:17.554219,Osaka,99,20.234,45.802
2025-11-14 01:25:17.554219,Osaka,64,17.691,36.537
2025-11-14 02:25:17.554219,Osaka,78,33.885,84.472
2025-11-14 03:25:17.554219,Osaka,87,5.218,76.812
2025-11-14 04:25:17.554219,Osaka,102,12.289,66.27
2025-11-14 05:25:17.554219,Osaka,68,17.384,72.356
2025-11-14 06:25:17.554219,Osaka,131,28.801,55.697
2025-11-14 07:25:17.554219,Osaka,115,24.557,82.883
2025-11-14 08:25:17.554219,Osaka,90,6.151,44.227
2025-11-14 09:25:17.554219,Osaka,141,31.503,55.325
2025-11-14 10:25:17.554219,Osaka,104,14.739,37.512
2025-11-14 11:25:17.554219,Osaka,111,30.392,76.671
2025-11-14 12:25:17.554219,Osaka,88,5.736,87.928
2025-11-14 13:25:17.554219,Osaka,101,8.665,65.41
2025-11-14 14:25:17.554219,Osaka,74,5.345,37.947
2025-11-14 15:25:17.554219,Osaka,108,29.038,68.565
2025-11-14 16:25:17.554219,Osaka,146,21.095,25.326
2025-11-14 17:25:17.554219,Osaka,109,35.886,40.13
2025-11-14 18:25:17.554219,Osaka,116,14.86,62.55
2025-11-14 19:25:17.554219,Osaka,87,17.411,53.165
2025-11-14 20:25:17.554219,Osaka,95,14.05,54.831
2025-11-14 21:25:17.554219,Osaka,90,31.178,25.771
2025-11-14 22:25:17.554219,Osaka,155,37.216,78.396
2025-11-14 23:25:17.554219,Osaka,100,34.568,83.542
2025-11-15 00:25:17.554219,Osaka,70,21.388,59.623
2025-11-15 01:25:17.554219,Osaka,127,13.045,70.405
2025-11-15 02:25:17.554219,Osaka,50,9.561,44.001
2025-11-15 03:25:17.554219,Osaka,67,28.775,44.645
2025-11-15 04:25:17.554219,Osaka,135,23.295,32.465
2025-11-15 05:25:17.554219,Osaka,124,33.618,56.577
2025-11-15 06:25:17.554219,Osaka,95,31.481,39.151
2025-11-15 07:25:17.554219,Osaka,160,35.67,29.121
2025-11-15 08:25:17.554219,Osaka,124,21.306,25.366
2025-11-15 09:25:17.554219,Osaka,66,6.646,87.693
2025-11-15 10:25:17.554219,Osaka,105,19.403,38.998
2025-11-15 11:25:17.554219,Osaka,103,37.51,56.804
2025-11-15 12:25:17.554219,Osaka,129,13.085,68.315
2025-11-15 13:25:17.554219,Osaka,102,32.678,48.821
2025-11-15 14:25:17.554219,Osaka,113,23.236,29.484
2025-11-15 15:25:17.554219,Osaka,139,29.382,88.857
2025-11-15 16:25:17.554219,Osaka,88,11.936,27.7
2025-11-15 17:25:17.554219,Osaka,136,20.16,40.452
2025-11-15 18:25:17.554219,Osaka,112,27.747,36.098
2025-11-15 19:25:17.554219,Osaka,120,14.678,86.26
2025-11-15 20:25:17.554219,Osaka,139,34.362,62.374
2025-11-15 21:25:17.554219,Osaka,156,12.045,50.212
2025-11-15 22:25:17.554219,Osaka,62,20.024,78.493
2025-11-15 23:25:17.554219,Osaka,76,14.342,26.049
2025-11-16 00:25:17.554219,Osaka,111,21.034,34.702
2025-11-16 01:25:17.554219,Osaka,109,28.358,49.715
2025-11-16 02:25:17.554219,Osaka,88,13.435,51.294
2025-11-16 03:25:17.554219,Osaka,86,6.569,26.707
2025-11-16 04:25:17.554219,Osaka,126,28.432,28.541
2025-11-16 05:25:17.554219,Osaka,122,33.776,83.806
2025-11-16 06:25:17.554219,Osaka,111,9.054,58.131
2025-11-16 07:25:17.554219,Osaka,90,33.518,59.868
2025-11-16 08:25:17.554219,Osaka,126,5.088,85.753
2025-11-16 09:25:17.554219,Osaka,105,21.141,80.711
2025-11-16 10:25:17.554219,Osaka,139,37.514,54.492
2025-11-16 11:25:17.554219,Osaka,133,16.355,54.664
2025-11-16 12:25:17.554219,Osaka,90,16.832,81.811
2025-11-16 13:25:17.554219,Osaka,146,26.605,68.193
2025-11-16 14:25:17.554219,Osaka,121,10.763,28.084
2025-11-16 15:25:17.554219,Osaka,125,35.084,36.732
2025-11-16 16:25:17.554219,Osaka,116,31.268,39.241
2025-11-16 17:25:17.554219,Osaka,79,35.567,33.005
2025-11-16 18:25:17.554219,Osaka,82,24.21,87.179
2025-11-16 19:25:17.554219,Osaka,148,21.326,45.361
2025-11-16 20:25:17.554219,Osaka,141,25.143,52.9
2025-11-16 21:25:17.554219,Osaka,85,6.082,32.952
2025-11-16 22:25:17.554219,Osaka,165,14.641,74.559
2025-11-16 23:25:17.554219,Osaka,75,5.038,74.382
2025-11-17 00:25:17.554219,Osaka,72,8.788,78.219
2025-11-17 01:25:17.554219,Osaka,82,17.812,37.144
2025-11-17 02:25:17.554219,Osaka,78,31.598,68.349
2025-11-17 03:25:17.554219,Osaka,132,36.097,71.138
2025-11-17 04:25:17.554219,Osaka,138,36.508,73.712
2025-11-17 05:25:17.554219,Osaka,145,15.313,78.706
2025-11-17 06:25:17.554219,Osaka,99,17.611,63.213
2025-11-17 07:25:17.554219,Osaka,204,15.277,76.131
2025-11-17 08:25:17.554219,Osaka,38,8.728,76.028
2025-11-17 09:25:17.554219,Osaka,98,25.643,31.679
2025-11-17 10:25:17.554219,Osaka,118,11.25,77.926
2025-11-17 11:25:17.554219,Osaka,125,24.11,33.28
2025-11-17 12:25:17.554219,Osaka,100,19.086,38.11
2025-11-17 13:25:17.554219,Osaka,117,18.876,63.477
2025-11-17 14:25:17.554219,Osaka,118,12.267,57.566
2025-11-17 15:25:17.554219,Osaka,101,20.343,46.322
2025-11-17 16:25:17.554219,Osaka,152,36.346,40.414
2025-11-17 17:25:17.554219,Osaka,109,26.599,84.581
2025-11-17 18:25:17.554219,Osaka,109,37.808,83.947
2025-11-17 19:25:17.554219,Osaka,119,26.4,85.207
2025-11-17 20:25:17.554219,Osaka,83,32.409,57.919
2025-11-17 21:25:17.554219,Osaka,93,37.574,71.478
2025-11-17 22:25:17.554219,Osaka,93,15.972,83.614
2025-11-17 23:25:17.554219,Osaka,81,16.972,69.383
2025-11-18 00:25:17.554219,Osaka,110,31.146,36.691
2025-11-18 01:25:17.554219,Osaka,112,20.487,59.935
2025-11-18 02:25:17.554219,Osaka,132,25.35,66.185
2025-11-18 03:25:17.554219,Osaka,145,15.213,66.582
2025-11-18 04:25:17.554219,Osaka,111,8.405,29.268
2025-11-18 05:25:17.554219,Osaka,129,37.214,82.91
2025-11-18 06:25:17.554219,Osaka,103,8.886,53.338
2025-11-18 07:25:17.554219,Osaka,85,10.342,56.182
2025-11-18 08:25:17.554219,Osaka,137,18.279,50.122
2025-11-18 09:25:17.554219,Osaka,106,19.417,60.308
2025-11-18 10:25:17.554219,Osaka,75,10.026,87.819
2025-11-18 11:25:17.554219,Osaka,126,18.954,83.781
2025-11-18 12:25:17.554219,Osaka,78,35.959,83.127
2025-11-18 13:25:17.554219,Osaka,129,7.729,78.842
2025-11-18 14:25:17.554219,Osaka,76,36.442,26.068
2025-11-18 15:25:17.554219,Osaka,121,21.177,49.492
2025-11-18 16:25:17.554219,Osaka,71,6.507,46.772
2025-11-18 17:25:17.554219,Osaka,96,9.56,75.713
2025-11-18 18:25:17.554219,Osaka,58,9.881,57.356
2025-11-18 19:25:17.554219,Osaka,107,36.267,66.518
2025-11-18 20:25:17.554219,Osaka,118,36.206,80.972
2025-11-18 21:25:17.554219,Osaka,141,26.031,52.352
2025-11-18 22:25:17.554219,Osaka,88,34.597,50.181
2025-11-18 23:25:17.554219,Osaka,87,15.61,44.526
2025-11-19 00:25:17.554219,Osaka,119,5.268,28.75
2025-11-19 01:25:17.554219,Osaka,100,27.849,76.284
2025-11-19 02:25:17.554219,Osaka,104,11.439,78.092
2025-11-19 03:25:17.554219,Osaka,111,13.147,35.592
2025-11-19 04:25:17.554219,Osaka,103,13.285,87.575
2025-11-19 05:25:17.554219,Osaka,98,14.363,30.356
2025-11-19 06:25:17.554219,Osaka,95,25.81,89.309
2025-11-19 07:25:17.554219,Osaka,115,10.6,64.442
2025-11-19 08:25:17.554219,Osaka,109,8.615,35.537
2025-11-19 09:25:17.554219,Osaka,126,7.071,31.012
2025-11-19 10:25:17.554219,Osaka,69,16.032,89.034
2025-11-19 11:25:17.554219,Osaka,125,28.426,71.188
2025-11-19 12:25:17.554219,Osaka,91,12.884,55.923
2025-11-19 13:25:17.554219,Osaka,73,11.053,27.489
2025-11-19 14:25:17.554219,Osaka,100,37.835,33.914
2025-11-19 15:25:17.554219,Osaka,76,35.208,39.276
2025-11-19 16:25:17.554219,Osaka,157,35.842,75.465
2025-11-19 17:25:17.554219,Osaka,64,8.565,87.28
2025-11-04 18:25:17.554219,Seoul,87,29.58,73.601
2025-11-04 19:25:17.554219,Seoul,74,26.603,75.68
2025-11-04 20:25:17.554219,Seoul,88,11.9,39.474
2025-11-04 21:25:17.554219,Seoul,110,17.461,58.389
2025-11-04 22:25:17.554219,Seoul,120,17.738,67.515
2025-11-04 23:25:17.554219,Seoul,120,16.4,69.914
2025-11-05 00:25:17.554219,Seoul,85,7.844,53.418
2025-11-05 01:25:17.554219,Seoul,125,35.987,35.379
2025-11-05 02:25:17.554219,Seoul,43,35.553,65.113
2025-11-05 03:25:17.554219,Seoul,82,5.688,89.51
2025-11-05 04:25:17.554219,Seoul,106,8.83,89.442
2025-11-05 05:25:17.554219,Seoul,71,35.35,50.639
2025-11-05 06:25:17.554219,Seoul,119,36.558,44.624
2025-11-05 07:25:17.554219,Seoul,119,27.225,61.249
2025-11-05 08:25:17.554219,Seoul,104,7.365,62.764
2025-11-05 09:25:17.554219,Seoul,143,18.965,42.794
2025-11-05 10:25:17.554219,Seoul,94,11.552,80.026
2025-11-05 11:25:17.554219,Seoul,140,17.445,27.653
2025-11-05 12:25:17.554219,Seoul,151,31.352,47.826
2025-11-05 13:25:17.554219,Seoul,98,36.559,60.156
2025-11-05 14:25:17.554219,Seoul,99,36.064,84.161
2025-11-05 15:25:17.554219,Seoul,60,10.523,59.979
2025-11-05 16:25:17.554219,Seoul,88,8.512,33.813
2025-11-05 17:25:17.554219,Seoul,75,12.31,30.782
2025-11-05 18:25:17.554219,Seoul,90,31.761,27.236
2025-11-05 19:25:17.554219,Seoul,46,11.334,85.261
2025-11-05 20:25:17.554219,Seoul,92,17.811,78.443
2025-11-05 21:25:17.554219,Seoul,81,25.421,78.455
2025-11-05 22:25:17.554219,Seoul,151,16.789,43.624
2025-11-05 23:25:17.554219,Seoul,98,28.025,55.412
2025-11-06 00:25:17.554219,Seoul,104,13.988,29.095
2025-11-06 01:25:17.554219,Seoul,178,34.44,58.902
2025-11-06 02:25:17.554219,Seoul,136,29.348,79.119
2025-11-06 03:25:17.554219,Seoul,133,30.834,50.063
2025-11-06 04:25:17.554219,Seoul,55,37.891,72.303
2025-11-06 05:25:17.554219,Seoul,99,12.856,81.442
2025-11-06 06:25:17.554219,Seoul,89,23.987,64.888
2025-11-06 07:25:17.554219,Seoul,99,33.451,88.589
2025-11-06 08:25:17.554219,Seoul,90,37.759,69.528
2025-11-06 09:25:17.554219,Seoul,121,35.685,62.767
2025-11-06 10:25:17.554219,Seoul,70,18.755,64.195
2025-11-06 11:25:17.554219,Seoul,90,32.222,58.198
2025-11-06 12:25:17.554219,Seoul,110,27.078,57.547
2025-11-06 13:25:17.554219,Seoul,84,24.877,63.062
2025-11-06 14:25:17.554219,Seoul,85,5.093,46.943
2025-11-06 15:25:17.554219,Seoul,80,16.976,33.795
2025-11-06 16:25:17.554219,Seoul,85,30.599,44.8
2025-11-06 17:25:17.554219,Seoul,94,25.967,50.154
2025-11-06 18:25:17.554219,Seoul,123,10.227,28.664
2025-11-06 19:25:17.554219,Seoul,119,15.296,84.09
2025-11-06 20:25:17.554219,Seoul,104,15.684,35.628
2025-11-06 21:25:17.554219,Seoul,90,27.789,57.176
2025-11-06 22:25:17.554219,Seoul,127,18.202,45.86
2025-11-06 23:25:17.554219,Seoul,135,12.284,52.778
2025-11-07 00:25:17.554219,Seoul,83,12.624,66.022
2025-11-07 01:25:17.554219,Seoul,103,24.887,89.128
2025-11-07 02:25:17.554219,Seoul,97,27.414,84.288
2025-11-07 03:25:17.554219,Seoul,85,37.966,32.94
2025-11-07 04:25:17.554219,Seoul,122,35.906,67.012
2025-11-07 05:25:17.554219,Seoul,138,36.865,86.892
2025-11-07 06:25:17.554219,Seoul,63,18.447,68.114
2025-11-07 07:25:17.554219,Seoul,159,35.709,58.732
2025-11-07 08:25:17.554219,Seoul,69,30.938,34.27
2025-11-07 09:25:17.554219,Seoul,135,36.825,70.414
2025-11-07 10:25:17.554219,Seoul,81,10.822,87.114
2025-11-07 11:25:17.554219,Seoul,107,20.195,61.534
2025-11-07 12:25:17.554219,Seoul,102,34.531,46.735
2025-11-07 13:25:17.554219,Seoul,151,15.759,77.57
2025-11-07 14:25:17.554219,Seoul,62,17.195,61.531
2025-11-07 15:25:17.554219,Seoul,91,30.504,27.408
2025-11-07 16:25:17.554219,Seoul,134,17.145,70.089
2025-11-07 17:25:17.554219,Seoul,110,30.665,52.443
2025-11-07 18:25:17.554219,Seoul,83,34.596,85.183
2025-11-07 19:25:17.554219,Seoul,72,19.653,48.127
2025-11-07 20:25:17.554219,Seoul,89,13.852,53.545
2025-11-07 21:25:17.554219,Seoul,124,15.832,49.668
2025-11-07 22:25:17.554219,Seoul,96,27.263,46.23
2025-11-07 23:25:17.554219,Seoul,114,37.683,89.907
2025-11-08 00:25:17.554219,Seoul,86,6.904,69.428
2025-11-08 01:25:17.554219,Seoul,98,13.117,82.127
2025-11-08 02:25:17.554219,Seoul,142,9.867,26.685
2025-11-08 03:25:17.554219,Seoul,93,8.518,31.005
2025-11-08 04:25:17.554219,Seoul,63,21.786,66.656
2025-11-08 05:25:17.554219,Seoul,118,14.505,38.05
2025-11-08 06:25:17.554219,Seoul,132,16.091,57.854
2025-11-08 07:25:17.554219,Seoul,107,7.771,45.219
2025-11-08 08:25:17.554219,Seoul,96,19.464,34.643
2025-11-08 09:25:17.554219,Seoul,104,28.981,74.304
2025-11-08 10:25:17.554219,Seoul,64,24.051,86.668
2025-11-08 11:25:17.554219,Seoul,111,35.936,71.327
2025-11-08 12:25:17.554219,Seoul,90,23.026,37.687
2025-11-08 13:25:17.554219,Seoul,86,24.567,42.206
2025-11-08 14:25:17.554219,Seoul,103,35.12,76.964
2025-11-08 15:25:17.554219,Seoul,140,33.115,49.709
2025-11-08 16:25:17.554219,Seoul,137,11.889,81.366
2025-11-08 17:25:17.554219,Seoul,78,20.022,26.857
2025-11-08 18:25:17.554219,Seoul,56,24.88,39.699
2025-11-08 19:25:17.554219,Seoul,116,18.85,61.156
2025-11-08 20:25:17.554219,Seoul,49,14.598,37.779
2025-11-08 21:25:17.554219,Seoul,98,10.056,83.885
2025-11-08 22:25:17.554219,Seoul,90,30.421,88.057
2025-11-08 23:25:17.554219,Seoul,76,11.322,25.266
2025-11-09 00:25:17.554219,Seoul,130,5.479,73.749
2025-11-09 01:25:17.554219,Seoul,75,20.808,69.73
2025-11-09 02:25:17.554219,Seoul,115,11.596,28.471
2025-11-09 03:25:17.554219,Seoul,108,13.834,34.47
2025-11-09 04:25:17.554219,Seoul,121,14.114,39.242
2025-11-09 05:25:17.554219,Seoul,161,35.03,27.344
2025-11-09 06:25:17.554219,Seoul,96,36.672,54.448
2025-11-09 07:25:17.554219,Seoul,140,29.529,33.075
2025-11-09 08:25:17.554219,Seoul,110,13.005,30.144
2025-11-09 09:25:17.554219,Seoul,47,22.702,88.712
2025-11-09 10:25:17.554219,Seoul,115,21.876,71.491
2025-11-09 11:25:17.554219,Seoul,90,13.1,68.89
2025-11-09 12:25:17.554219,Seoul,58,20.661,42.812
2025-11-09 13:25:17.554219,Seoul,133,17.936,80.61
2025-11-09 14:25:17.554219,Seoul,90,7.194,75.88
2025-11-09 15:25:17.554219,Seoul,65,12.839,62.682
2025-11-09 16:25:17.554219,Seoul,76,23.839,63.757
2025-11-09 17:25:17.554219,Seoul,97,6.53,53.571
2025-11-09 18:25:17.554219,Seoul,104,7.122,89.663
2025-11-09 19:25:17.554219,Seoul,58,16.596,65.71
2025-11-09 20:25:17.554219,Seoul,83,6.782,65.218
2025-11-09 21:25:17.554219,Seoul,79,22.052,87.56
2025-11-09 22:25:17.554219,Seoul,81,12.723,59.536
2025-11-09 23:25:17.554219,Seoul,178,37.536,80.542
2025-11-10 00:25:17.554219,Seoul,96,11.99,55.04
2025-11-10 01:25:17.554219,Seoul,133,15.568,77.758
2025-11-10 02:25:17.554219,Seoul,111,23.48,39.756
2025-11-10 03:25:17.554219,Seoul,63,10.893,59.211
2025-11-10 04:25:17.554219,Seoul,99,35.29,36.588
2025-11-10 05:25:17.554219,Seoul,113,31.907,81.206
2025-11-10 06:25:17.554219,Seoul,86,18.838,63.762
2025-11-10 07:25:17.554219,Seoul,77,17.874,28.092
2025-11-10 08:25:17.554219,Seoul,116,10.333,29.001
2025-11-10 09:25:17.554219,Seoul,99,14.319,72.575
2025-11-10 10:25:17.554219,Seoul,70,10.858,27.648
2025-11-10 11:25:17.554219,Seoul,88,21.032,43.699
2025-11-10 12:25:17.554219,Seoul,108,27.197,50.808
2025-11-10 13:25:17.554219,Seoul,113,22.142,35.806
2025-11-10 14:25:17.554219,Seoul,109,12.13,77.831
2025-11-10 15:25:17.554219,Seoul,85,24.317,38.964
2025-11-10 16:25:17.554219,Seoul,72,6.189,89.946
2025-11-10 17:25:17.554219,Seoul,151,37.896,34.903
2025-11-10 18:25:17.554219,Seoul,93,24.105,81.978
2025-11-10 19:25:17.554219,Seoul,146,23.432,61.526
2025-11-10 20:25:17.554219,Seoul,115,8.681,39.681
2025-11-10 21:25:17.554219,Seoul,130,18.819,84.326
2025-11-10 22:25:17.554219,Seoul,100,15.687,54.874
2025-11-10 23:25:17.554219,Seoul,105,26.567,72.498
2025-11-11 00:25:17.554219,Seoul,86,7.094,63.556
2025-11-11 01:25:17.554219,Seoul,92,8.272,59.822
2025-11-11 02:25:17.554219,Seoul,104,7.925,87.029
2025-11-11 03:25:17.554219,Seoul,116,37.406,39.573
2025-11-11 04:25:17.554219,Seoul,116,16.208,25.201
2025-11-11 05:25:17.554219,Seoul,95,21.703,58.033
2025-11-11 06:25:17.554219,Seoul,80,29.766,79.853
2025-11-11 07:25:17.554219,Seoul,111,30.798,75.624
2025-11-11 08:25:17.554219,Seoul,142,19.858,39.032
2025-11-11 09:25:17.554219,Seoul,95,21.16,75.541
2025-11-11 10:25:17.554219,Seoul,133,31.427,68.412
2025-11-11 11:25:17.554219,Seoul,175,25.781,38.197
2025-11-11 12:25:17.554219,Seoul,66,32.198,30.697
2025-11-11 13:25:17.554219,Seoul,45,33.283,82.166
2025-11-11 14:25:17.554219,Seoul,98,16.671,40.044
2025-11-11 15:25:17.554219,Seoul,117,27.932,72.937
2025-11-11 16:25:17.554219,Seoul,152,24.208,49.461
2025-11-11 17:25:17.554219,Seoul,140,7.636,59.918
2025-11-11 18:25:17.554219,Seoul,112,34.744,37.572
2025-11-11 19:25:17.554219,Seoul,68,29.858,77.641
2025-11-11 20:25:17.554219,Seoul,107,28.504,56.684
2025-11-11 21:25:17.554219,Seoul,101,36.837,74.267
2025-11-11 22:25:17.554219,Seoul,107,11.328,29.317
2025-11-11 23:25:17.554219,Seoul,87,32.785,35.839
2025-11-12 00:25:17.554219,Seoul,90,31.515,81.896
2025-11-12 01:25:17.554219,Seoul,164,29.872,48.161
2025-11-12 02:25:17.554219,Seoul,114,21.12,26.714
2025-11-12 03:25:17.554219,Seoul,98,34.787,69.25
2025-11-12 04:25:17.554219,Seoul,87,8.955,44.368
2025-11-12 05:25:17.554219,Seoul,87,36.273,47.6
2025-11-12 06:25:17.554219,Seoul,129,31.494,33.504
2025-11-12 07:25:17.554219,Seoul,142,11.873,87.517
2025-11-12 08:25:17.554219,Seoul,137,33.028,41.013
2025-11-12 09:25:17.554219,Seoul,127,29.607,55.146
2025-11-12 10:25:17.554219,Seoul,98,22.747,26.635
2025-11-12 11:25:17.554219,Seoul,138,14.086,63.169
2025-11-12 12:25:17.554219,Seoul,145,8.972,83.177
2025-11-12 13:25:17.554219,Seoul,79,16.36,81.446
2025-11-12 14:25:17.554219,Seoul,85,19.304,86.803
2025-11-12 15:25:17.554219,Seoul,87,29.482,29.305
2025-11-12 16:25:17.554219,Seoul,154,6.94,35.331
2025-11-12 17:25:17.554219,Seoul,93,24.629,25.007
2025-11-12 18:25:17.554219,Seoul,84,27.681,31.347
2025-11-12 19:25:17.554219,Seoul,95,24.419,52.704
2025-11-12 20:25:17.554219,Seoul,100,11.541,78.676
2025-11-12 21:25:17.554219,Seoul,88,10.426,64.307
2025-11-12 22:25:17.554219,Seoul,131,36.044,86.689
2025-11-12 23:25:17.554219,Seoul,145,5.603,83.011
2025-11-13 00:25:17.554219,Seoul,64,13.932,55.059
2025-11-13 01:25:17.554219,Seoul,141,15.289,85.386
2025-11-13 02:25:17.554219,Seoul,60,28.64,70.034
2025-11-13 03:25:17.554219,Seoul,80,34.582,52.655
2025-11-13 04:25:17.554219,Seoul,100,29.266,82.155
2025-11-13 05:25:17.554219,Seoul,124,10.511,77.323
2025-11-13 06:25:17.554219,Seoul,110,33.397,27.641
2025-11-13 07:25:17.554219,Seoul,84,29.15,47.471
2025-11-13 08:25:17.554219,Seoul,146,12.126,67.099
2025-11-13 09:25:17.554219,Seoul,92,8.286,74.268
2025-11-13 10:25:17.554219,Seoul,130,5.397,79.898
2025-11-13 11:25:17.554219,Seoul,110,9.746,49.163
2025-11-13 12:25:17.554219,Seoul,72,6.027,73.056
2025-11-13 13:25:17.554219,Seoul,91,22.777,43.02
2025-11-13 14:25:17.554219,Seoul,76,10.395,37.787
2025-11-13 15:25:17.554219,Seoul,131,30.154,54.415
2025-11-13 16:25:17.554219,Seoul,127,20.221,79.254
2025-11-13 17:25:17.554219,Seoul,138,15.563,42.321
2025-11-13 18:25:17.554219,Seoul,88,26.043,57.421
2025-11-13 19:25:17.554219,Seoul,87,24.669,76.129
2025-11-13 20:25:17.554219,Seoul,75,13.022,76.399
2025-11-13 21:25:17.554219,Seoul,122,19.784,74.431
2025-11-13 22:25:17.554219,Seoul,125,6.521,87.455
2025-11-13 23:25:17.554219,Seoul,93,14.008,55.516
2025-11-14 00:25:17.554219,Seoul,107,7.989,83.527
2025-11-14 01:25:17.554219,Seoul,58,15.989,79.625
2025-11-14 02:25:17.554219,Seoul,95,33.31,42.383
2025-11-14 03:25:17.554219,Seoul,136,30.471,87.551
2025-11-14 04:25:17.554219,Seoul,97,23.793,72.272
2025-11-14 05:25:17.554219,Seoul,107,29.66,50.937
2025-11-14 06:25:17.554219,Seoul,67,14.519,74.497
2025-11-14 07:25:17.554219,Seoul,88,34.407,40.771
2025-11-14 08:25:17.554219,Seoul,108,30.657,66.71
2025-11-14 09:25:17.554219,Seoul,65,21.525,39.023
2025-11-14 10:25:17.554219,Seoul,83,17.137,87.505
2025-11-14 11:25:17.554219,Seoul,116,11.286,87.267
2025-11-14 12:25:17.554219,Seoul,84,20.469,39.804
2025-11-14 13:25:17.554219,Seoul,92,10.42,34.833
2025-11-14 14:25:17.554219,Seoul,119,13.626,80.139
2025-11-14 15:25:17.554219,Seoul,111,32.165,50.184
2025-11-14 16:25:17.554219,Seoul,125,27.899,33.841
2025-11-14 17:25:17.554219,Seoul,138,24.568,62.77
2025-11-14 18:25:17.554219,Seoul,111,15.587,82.608
2025-11-14 19:25:17.554219,Seoul,89,37.314,25.506
2025-11-14 20:25:17.554219,Seoul,108,37.495,50.971
2025-11-14 21:25:17.554219,Seoul,104,26.487,82.332
2025-11-14 22:25:17.554219,Seoul,89,23.743,63.913
2025-11-14 23:25:17.554219,Seoul,85,23.644,52.624
2025-11-15 00:25:17.554219,Seoul,67,14.878,52.737
2025-11-15 01:25:17.554219,Seoul,91,27.95,82.67
2025-11-15 02:25:17.554219,Seoul,168,20.407,62.652
2025-11-15 03:25:17.554219,Seoul,130,17.366,79.844
2025-11-15 04:25:17.554219,Seoul,88,30.397,70.297
2025-11-15 05:25:17.554219,Seoul,107,27.114,89.348
2025-11-15 06:25:17.554219,Seoul,160,23.427,89.123
2025-11-15 07:25:17.554219,Seoul,62,24.191,70.823
2025-11-15 08:25:17.554219,Seoul,94,17.755,63.189
2025-11-15 09:25:17.554219,Seoul,97,8.75,29.649
2025-11-15 10:25:17.554219,Seoul,98,36.848,64.376
2025-11-15 11:25:17.554219,Seoul,121,24.476,44.14
2025-11-15 12:25:17.554219,Seoul,93,23.761,34.79
2025-11-15 13:25:17.554219,Seoul,72,24.758,75.544
2025-11-15 14:25:17.554219,Seoul,147,20.728,47.898
2025-11-15 15:25:17.554219,Seoul,119,35.99,65.078
2025-11-15 16:25:17.554219,Seoul,148,37.03,54.264
2025-11-15 17:25:17.554219,Seoul,102,19.832,66.435
2025-11-15 18:25:17.554219,Seoul,166,24.535,47.754
2025-11-15 19:25:17.554219,Seoul,101,6.959,86.217
2025-11-15 20:25:17.554219,Seoul,71,9.143,86.55
2025-11-15 21:25:17.554219,Seoul,165,28.035,29.934
2025-11-15 22:25:17.554219,Seoul,121,37.289,62.686
2025-11-15 23:25:17.554219,Seoul,66,27.469,45.662
2025-11-16 00:25:17.554219,Seoul,119,20.16,74.937
2025-11-16 01:25:17.554219,Seoul,143,32.066,39.295
2025-11-16 02:25:17.554219,Seoul,103,35.247,58.995
2025-11-16 03:25:17.554219,Seoul,183,14.246,85.078
2025-11-16 04:25:17.554219,Seoul,122,32.948,83.667
2025-11-16 05:25:17.554219,Seoul,135,9.917,88.217
2025-11-16 06:25:17.554219,Seoul,164,34.766,36.184
2025-11-16 07:25:17.554219,Seoul,112,22.039,88.049
2025-11-16 08:25:17.554219,Seoul,78,11.413,86.997
2025-11-16 09:25:17.554219,Seoul,122,16.933,77.743
2025-11-16 10:25:17.554219,Seoul,83,29.439,27.924
2025-11-16 11:25:17.554219,Seoul,148,8.851,79.155
2025-11-16 12:25:17.554219,Seoul,105,36.338,27.902
2025-11-16 13:25:17.554219,Seoul,144,14.349,72.127
2025-11-16 14:25:17.554219,Seoul,131,6.943,82.015
2025-11-16 15:25:17.554219,Seoul,112,22.157,32.296
2025-11-16 16:25:17.554219,Seoul,76,35.922,56.605
2025-11-16 17:25:17.554219,Seoul,108,16.875,46.412
2025-11-16 18:25:17.554219,Seoul,105,5.095,32.918
2025-11-16 19:25:17.554219,Seoul,88,32.262,38.787
2025-11-16 20:25:17.554219,Seoul,80,33.204,53.351
2025-11-16 21:25:17.554219,Seoul,136,17.218,62.523
2025-11-16 22:25:17.554219,Seoul,110,32.315,69.886
2025-11-16 23:25:17.554219,Seoul,84,32.931,26.554
2025-11-17 00:25:17.554219,Seoul,95,9.105,37.416
2025-11-17 01:25:17.554219,Seoul,130,27.511,73.937
2025-11-17 02:25:17.554219,Seoul,89,24.496,41.285
2025-11-17 03:25:17.554219,Seoul,108,28.619,60.706
2025-11-17 04:25:17.554219,Seoul,130,34.056,47.801
2025-11-17 05:25:17.554219,Seoul,114,18.892,64.992
2025-11-17 06:25:17.554219,Seoul,129,33.244,29.362
2025-11-17 07:25:17.554219,Seoul,117,34.156,42.955
2025-11-17 08:25:17.554219,Seoul,94,5.896,68.538
2025-11-17 09:25:17.554219,Seoul,133,24.973,47.595
2025-11-17 10:25:17.554219,Seoul,103,17.487,39.039
2025-11-17 11:25:17.554219,Seoul,101,28.021,36.024
2025-11-17 12:25:17.554219,Seoul,123,23.934,69.586
2025-11-17 13:25:17.554219,Seoul,114,8.784,62.396
2025-11-17 14:25:17.554219,Seoul,127,5.199,76.97
2025-11-17 15:25:17.554219,Seoul,156,6.822,45.101
2025-11-17 16:25:17.554219,Seoul,96,16.468,28.298
2025-11-17 17:25:17.554219,Seoul,117,28.661,52.354
2025-11-17 18:25:17.554219,Seoul,152,10.248,87.383
2025-11-17 19:25:17.554219,Seoul,77,23.502,40.535
2025-11-17 20:25:17.554219,Seoul,80,35.339,72.88
2025-11-17 21:25:17.554219,Seoul,115,8.916,42.347
2025-11-17 22:25:17.554219,Seoul,97,5.437,65.939
2025-11-17 23:25:17.554219,Seoul,116,22.799,48.177
2025-11-18 00:25:17.554219,Seoul,134,10.732,36.742
2025-11-18 01:25:17.554219,Seoul,138,24.016,53.052
2025-11-18 02:25:17.554219,Seoul,115,14.331,79.966
2025-11-18 03:25:17.554219,Seoul,87,27.594,28.802
2025-11-18 04:25:17.554219,Seoul,97,10.21,37.845
2025-11-18 05:25:17.554219,Seoul,111,27.29,72.229
2025-11-18 06:25:17.554219,Seoul,87,6.065,57.976
2025-11-18 07:25:17.554219,Seoul,112,10.448,87.459
2025-11-18 08:25:17.554219,Seoul,98,29.935,44.774
2025-11-18 09:25:17.554219,Seoul,164,17.393,40.185
2025-11-18 10:25:17.554219,Seoul,76,15.841,57.941
2025-11-18 11:25:17.554219,Seoul,142,12.804,71.105
2025-11-18 12:25:17.554219,Seoul,114,24.567,49.679
2025-11-18 13:25:17.554219,Seoul,80,11.816,36.141
2025-11-18 14:25:17.554219,Seoul,123,17.633,49.715
2025-11-18 15:25:17.554219,Seoul,86,34.177,63.505
2025-11-18 16:25:17.554219,Seoul,109,10.375,74.654
2025-11-18 17:25:17.554219,Seoul,104,23.294,55.678
2025-11-18 18:25:17.554219,Seoul,108,17.118,83.709
2025-11-18 19:25:17.554219,Seoul,128,19.795,64.12
2025-11-18 20:25:17.554219,Seoul,88,29.11,77.846
2025-11-18 21:25:17.554219,Seoul,107,6.636,49.336
2025-11-18 22:25:17.554219,Seoul,126,9.052,49.808
2025-11-18 23:25:17.554219,Seoul,64,37.071,88.657
2025-11-19 00:25:17.554219,Seoul,90,9.205,62.503
2025-11-19 01:25:17.554219,Seoul,97,27.139,74.507
2025-11-19 02:25:17.554219,Seoul,105,33.148,64.54
2025-11-19 03:25:17.554219,Seoul,113,36.339,60.039
2025-11-19 04:25:17.554219,Seoul,76,24.667,73.643
2025-11-19 05:25:17.554219,Seoul,161,21.103,45.454
2025-11-19 06:25:17.554219,Seoul,106,6.283,49.509
2025-11-19 07:25:17.554219,Seoul,90,37.104,69.924
2025-11-19 08:25:17.554219,Seoul,106,28.309,77.455
2025-11-19 09:25:17.554219,Seoul,103,27.684,28.996
2025-11-19 10:25:17.554219,Seoul,115,26.454,37.575
2025-11-19 11:25:17.554219,Seoul,104,21.719,36.912
2025-11-19 12:25:17.554219,Seoul,88,16.932,51.741
2025-11-19 13:25:17.554219,Seoul,96,18.893,85.613
2025-11-19 14:25:17.554219,Seoul,87,35.87,59.994
2025-11-19 15:25:17.554219,Seoul,98,29.093,27.027
2025-11-19 16:25:17.554219,Seoul,101,10.905,53.398
2025-11-19 17:25:17.554219,Seoul,111,20.088,85.044
2025-11-04 18:25:17.554219,Beijing,105,18.014,62.475
2025-11-04 19:25:17.554219,Beijing,140,15.163,70.659
2025-11-04 20:25:17.554219,Beijing,115,22.982,67.465
2025-11-04 21:25:17.554219,Beijing,83,8.532,30.348
2025-11-04 22:25:17.554219,Beijing,82,14.321,50.99
2025-11-04 23:25:17.554219,Beijing,105,26.583,66.722
2025-11-05 00:25:17.554219,Beijing,118,19.842,31.969
2025-11-05 01:25:17.554219,Beijing,81,12.613,82.597
2025-11-05 02:25:17.554219,Beijing,102,32.532,73.261
2025-11-05 03:25:17.554219,Beijing,151,9.423,56.688
2025-11-05 04:25:17.554219,Beijing,109,6.427,88.727
2025-11-05 05:25:17.554219,Beijing,117,22.155,30.136
2025-11-05 06:25:17.554219,Beijing,119,16.197,42.621
2025-11-05 07:25:17.554219,Beijing,101,13.115,49.673
2025-11-05 08:25:17.554219,Beijing,87,30.9,76.832
2025-11-05 09:25:17.554219,Beijing,125,7.549,51.774
2025-11-05 10:25:17.554219,Beijing,111,34.747,67.827
2025-11-05 11:25:17.554219,Beijing,87,18.476,82.568
2025-11-05 12:25:17.554219,Beijing,114,32.392,80.231
2025-11-05 13:25:17.554219,Beijing,84,28.031,86.634
2025-11-05 14:25:17.554219,Beijing,149,25.207,68.058
2025-11-05 15:25:17.554219,Beijing,107,7.863,31.626
2025-11-05 16:25:17.554219,Beijing,77,29.644,43.393
2025-11-05 17:25:17.554219,Beijing,133,18.085,32.158
2025-11-05 18:25:17.554219,Beijing,97,15.616,44.538
2025-11-05 19:25:17.554219,Beijing,110,11.442,31.644
2025-11-05 20:25:17.554219,Beijing,149,8.856,57.097
2025-11-05 21:25:17.554219,Beijing,94,34.081,29.051
2025-11-05 22:25:17.554219,Beijing,102,15.635,39.047
2025-11-05 23:25:17.554219,Beijing,121,28.288,32.523
2025-11-06 00:25:17.554219,Beijing,99,22.579,41.944
2025-11-06 01:25:17.554219,Beijing,70,11.019,38.948
2025-11-06 02:25:17.554219,Beijing,132,9.308,33.85
2025-11-06 03:25:17.554219,Beijing,128,16.27,44.157
2025-11-06 04:25:17.554219,Beijing,89,32.537,45.263
2025-11-06 05:25:17.554219,Beijing,126,29.316,51.807
2025-11-06 06:25:17.554219,Beijing,95,17.847,77.395
2025-11-06 07:25:17.554219,Beijing,128,36.145,89.784
2025-11-06 08:25:17.554219,Beijing,110,11.635,47.046
2025-11-06 09:25:17.554219,Beijing,126,34.548,35.671
2025-11-06 10:25:17.554219,Beijing,138,34.447,28.328
2025-11-06 11:25:17.554219,Beijing,57,36.69,25.853
2025-11-06 12:25:17.554219,Beijing,88,17.681,87.849
2025-11-06 13:25:17.554219,Beijing,82,16.78,76.268
2025-11-06 14:25:17.554219,Beijing,107,10.644,88.244
2025-11-06 15:25:17.554219,Beijing,99,33.045,32.675
2025-11-06 16:25:17.554219,Beijing,131,10.757,85.54
2025-11-06 17:25:17.554219,Beijing,83,34.395,79.105
2025-11-06 18:25:17.554219,Beijing,67,20.912,37.976
2025-11-06 19:25:17.554219,Beijing,136,20.194,84.15
2025-11-06 20:25:17.554219,Beijing,104,11.327,85.053
2025-11-06 21:25:17.554219,Beijing,91,14.55,75.696
2025-11-06 22:25:17.554219,Beijing,99,20.349,69.931
2025-11-06 23:25:17.554219,Beijing,152,10.788,55.711
2025-11-07 00:25:17.554219,Beijing,79,37.746,76.702
2025-11-07 01:25:17.554219,Beijing,101,11.243,80.411
2025-11-07 02:25:17.554219,Beijing,93,25.485,42.601
2025-11-07 03:25:17.554219,Beijing,65,9.516,57.406
2025-11-07 04:25:17.554219,Beijing,130,29.889,30.926
2025-11-07 05:25:17.554219,Beijing,72,8.831,72.714
2025-11-07 06:25:17.554219,Beijing,61,16.625,28.768
2025-11-07 07:25:17.554219,Beijing,122,33.051,76.67
2025-11-07 08:25:17.554219,Beijing,142,26.87,70.17
2025-11-07 09:25:17.554219,Beijing,101,13.501,82.949
2025-11-07 10:25:17.554219,Beijing,78,22.491,83.173
2025-11-07 11:25:17.554219,Beijing,88,7.525,73.747
2025-11-07 12:25:17.554219,Beijing,103,28.966,53.65
2025-11-07 13:25:17.554219,Beijing,107,28.457,59.824
2025-11-07 14:25:17.554219,Beijing,75,19.184,59.666
2025-11-07 15:25:17.554219,Beijing,132,5.644,87.411
2025-11-07 16:25:17.554219,Beijing,118,23.516,39.413
2025-11-07 17:25:17.554219,Beijing,116,16.029,58.996
2025-11-07 18:25:17.554219,Beijing,132,13.722,79.134
2025-11-07 19:25:17.554219,Beijing,91,37.06,25.48
2025-11-07 20:25:17.554219,Beijing,92,31.876,57.12
2025-11-07 21:25:17.554219,Beijing,115,36.118,41.857
2025-11-07 22:25:17.554219,Beijing,75,19.069,52.015
2025-11-07 23:25:17.554219,Beijing,100,23.848,26.539
2025-11-08 00:25:17.554219,Beijing,57,35.498,41.549
2025-11-08 01:25:17.554219,Beijing,77,22.267,81.905
2025-11-08 02:25:17.554219,Beijing,84,18.038,89.112
2025-11-08 03:25:17.554219,Beijing,84,6.728,88.928
2025-11-08 04:25:17.554219,Beijing,88,12.395,79.114
2025-11-08 05:25:17.554219,Beijing,149,27.938,37.851
2025-11-08 06:25:17.554219,Beijing,119,11.449,75.31
2025-11-08 07:25:17.554219,Beijing,81,7.403,47.456
2025-11-08 08:25:17.554219,Beijing,86,5.55,58.178
2025-11-08 09:25:17.554219,Beijing,80,11.753,34.723
2025-11-08 10:25:17.554219,Beijing,84,21.074,35.318
2025-11-08 11:25:17.554219,Beijing,69,28.59,47.229
2025-11-08 12:25:17.554219,Beijing,133,26.488,31.819
2025-11-08 13:25:17.554219,Beijing,131,8.554,28.067
2025-11-08 14:25:17.554219,Beijing,107,6.11,44.405
2025-11-08 15:25:17.554219,Beijing,114,30.787,50.584
2025-11-08 16:25:17.554219,Beijing,131,5.674,56.041
2025-11-08 17:25:17.554219,Beijing,96,16.041,83.618
2025-11-08 18:25:17.554219,Beijing,110,31.228,76.984
2025-11-08 19:25:17.554219,Beijing,72,20.912,60.071
2025-11-08 20:25:17.554219,Beijing,88,25.8,66.038
2025-11-08 21:25:17.554219,Beijing,139,30.431,48.148
2025-11-08 22:25:17.554219,Beijing,171,26.809,70.655
2025-11-08 23:25:17.554219,Beijing,162,11.451,43.684
2025-11-09 00:25:17.554219,Beijing,103,14.676,89.638
2025-11-09 01:25:17.554219,Beijing,95,24.796,37.913
2025-11-09 02:25:17.554219,Beijing,113,27.335,44.34
2025-11-09 03:25:17.554219,Beijing,64,28.376,67.748
2025-11-09 04:25:17.554219,Beijing,127,20.392,58.276
2025-11-09 05:25:17.554219,Beijing,97,25.509,31.065
2025-11-09 06:25:17.554219,Beijing,76,19.349,66.216
2025-11-09 07:25:17.554219,Beijing,69,31.937,53.922
2025-11-09 08:25:17.554219,Beijing,113,6.403,54.762
2025-11-09 09:25:17.554219,Beijing,116,16.26,89.497
2025-11-09 10:25:17.554219,Beijing,80,25.955,28.744
2025-11-09 11:25:17.554219,Beijing,112,15.251,37.827
2025-11-09 12:25:17.554219,Beijing,89,26.46,84.924
2025-11-09 13:25:17.554219,Beijing,75,27.769,49.513
2025-11-09 14:25:17.554219,Beijing,154,36.858,40.634
2025-11-09 15:25:17.554219,Beijing,108,20.484,33.024
2025-11-09 16:25:17.554219,Beijing,91,18.402,29.996
2025-11-09 17:25:17.554219,Beijing,133,20.203,84.959
2025-11-09 18:25:17.554219,Beijing,97,30.51,28.648
2025-11-09 19:25:17.554219,Beijing,99,36.31,39.321
2025-11-09 20:25:17.554219,Beijing,79,30.101,76.027
2025-11-09 21:25:17.554219,Beijing,97,33.487,32.658
2025-11-09 22:25:17.554219,Beijing,129,9.545,79.347
2025-11-09 23:25:17.554219,Beijing,114,36.678,42.973
2025-11-10 00:25:17.554219,Beijing,101,13.512,85.661
2025-11-10 01:25:17.554219,Beijing,81,12.962,61.883
2025-11-10 02:25:17.554219,Beijing,135,19.122,37.034
2025-11-10 03:25:17.554219,Beijing,110,5.796,46.794
2025-11-10 04:25:17.554219,Beijing,82,18.957,31.612
2025-11-10 05:25:17.554219,Beijing,164,29.439,56.923
2025-11-10 06:25:17.554219,Beijing,89,34.318,78.878
2025-11-10 07:25:17.554219,Beijing,142,29.653,53.712
2025-11-10 08:25:17.554219,Beijing,70,9.827,46.533
2025-11-10 09:25:17.554219,Beijing,58,11.48,53.911
2025-11-10 10:25:17.554219,Beijing,86,7.77,40.012
2025-11-10 11:25:17.554219,Beijing,171,9.493,63.503
2025-11-10 12:25:17.554219,Beijing,100,13.117,40.751
2025-11-10 13:25:17.554219,Beijing,92,25.221,48.966
2025-11-10 14:25:17.554219,Beijing,89,14.768,74.005
2025-11-10 15:25:17.554219,Beijing,130,9.543,73.227
2025-11-10 16:25:17.554219,Beijing,79,15.393,56.218
2025-11-10 17:25:17.554219,Beijing,140,18.729,38.838
2025-11-10 18:25:17.554219,Beijing,96,5.887,82.697
2025-11-10 19:25:17.554219,Beijing,129,26.911,58.266
2025-11-10 20:25:17.554219,Beijing,101,7.231,82.963
2025-11-10 21:25:17.554219,Beijing,133,33.884,54.35
2025-11-10 22:25:17.554219,Beijing,83,13.573,52.426
2025-11-10 23:25:17.554219,Beijing,85,36.744,43.027
2025-11-11 00:25:17.554219,Beijing,71,19.659,33.406
2025-11-11 01:25:17.554219,Beijing,132,26.073,67.251
2025-11-11 02:25:17.554219,Beijing,97,10.642,69.784
2025-11-11 03:25:17.554219,Beijing,94,12.742,32.704
2025-11-11 04:25:17.554219,Beijing,138,34.898,74.148
2025-11-11 05:25:17.554219,Beijing,111,36.778,65.593
2025-11-11 06:25:17.554219,Beijing,86,37.849,70.137
2025-11-11 07:25:17.554219,Beijing,158,15.407,44.899
2025-11-11 08:25:17.554219,Beijing,90,36.478,25.631
2025-11-11 09:25:17.554219,Beijing,42,37.686,57.231
2025-11-11 10:25:17.554219,Beijing,170,19.461,69.537
2025-11-11 11:25:17.554219,Beijing,79,30.288,86.781
2025-11-11 12:25:17.554219,Beijing,140,23.823,32.941
2025-11-11 13:25:17.554219,Beijing,71,37.087,58.845
2025-11-11 14:25:17.554219,Beijing,102,34.505,67.159
2025-11-11 15:25:17.554219,Beijing,111,31.95,62.876
2025-11-11 16:25:17.554219,Beijing,71,17.939,88.145
2025-11-11 17:25:17.554219,Beijing,121,12.25,79.191
2025-11-11 18:25:17.554219,Beijing,167,8.006,58.874
2025-11-11 19:25:17.554219,Beijing,59,6.043,78.288
2025-11-11 20:25:17.554219,Beijing,86,15.893,58.865
2025-11-11 21:25:17.554219,Beijing,101,27.234,76.335
2025-11-11 22:25:17.554219,Beijing,111,9.347,48.758
2025-11-11 23:25:17.554219,Beijing,122,29.453,60.004
2025-11-12 00:25:17.554219,Beijing,116,9.203,55.217
2025-11-12 01:25:17.554219,Beijing,84,37.249,75.533
2025-11-12 02:25:17.554219,Beijing,109,7.225,48.2
2025-11-12 03:25:17.554219,Beijing,126,9.586,75.649
2025-11-12 04:25:17.554219,Beijing,135,8.333,78.716
2025-11-12 05:25:17.554219,Beijing,118,26.256,78.073
2025-11-12 06:25:17.554219,Beijing,67,6.205,64.084
2025-11-12 07:25:17.554219,Beijing,68,5.669,89.71
2025-11-12 08:25:17.554219,Beijing,99,31.879,82.665
2025-11-12 09:25:17.554219,Beijing,77,29.563,51.559
2025-11-12 10:25:17.554219,Beijing,83,17.659,63.399
2025-11-12 11:25:17.554219,Beijing,109,33.045,69.562
2025-11-12 12:25:17.554219,Beijing,97,31.512,81.218
2025-11-12 13:25:17.554219,Beijing,137,27.198,40.015
2025-11-12 14:25:17.554219,Beijing,96,23.609,71.072
2025-11-12 15:25:17.554219,Beijing,81,23.483,82.926
2025-11-12 16:25:17.554219,Beijing,119,34.387,80.391
2025-11-12 17:25:17.554219,Beijing,91,7.388,29.727
2025-11-12 18:25:17.554219,Beijing,76,29.016,50.131
2025-11-12 19:25:17.554219,Beijing,100,37.399,75.967
2025-11-12 20:25:17.554219,Beijing,116,11.412,38.652
2025-11-12 21:25:17.554219,Beijing,69,17.253,66.812
2025-11-12 22:25:17.554219,Beijing,87,36.268,54.876
2025-11-12 23:25:17.554219,Beijing,82,23.161,40.977
2025-11-13 00:25:17.554219,Beijing,112,7.806,55.128
2025-11-13 01:25:17.554219,Beijing,70,15.993,38.295
2025-11-13 02:25:17.554219,Beijing,120,29.692,49.45
2025-11-13 03:25:17.554219,Beijing,97,11.881,76.698
2025-11-13 04:25:17.554219,Beijing,120,15.417,77.865
2025-11-13 05:25:17.554219,Beijing,113,29.576,67.757
2025-11-13 06:25:17.554219,Beijing,73,32.34,63.729
2025-11-13 07:25:17.554219,Beijing,138,6.107,82.845
2025-11-13 08:25:17.554219,Beijing,120,29.004,81.119
2025-11-13 09:25:17.554219,Beijing,101,24.289,69.924
2025-11-13 10:25:17.554219,Beijing,71,11.079,48.112
2025-11-13 11:25:17.554219,Beijing,96,36.988,74.703
2025-11-13 12:25:17.554219,Beijing,118,37.608,78.528
2025-11-13 13:25:17.554219,Beijing,171,10.808,52.756
2025-11-13 14:25:17.554219,Beijing,83,34.563,56.103
2025-11-13 15:25:17.554219,Beijing,81,22.407,74.004
2025-11-13 16:25:17.554219,Beijing,95,30,88.924
2025-11-13 17:25:17.554219,Beijing,71,23.313,84.018
2025-11-13 18:25:17.554219,Beijing,71,33.249,43.973
2025-11-13 19:25:17.554219,Beijing,109,33.09,41.106
2025-11-13 20:25:17.554219,Beijing,123,29.382,86.614
2025-11-13 21:25:17.554219,Beijing,143,15.837,79.453
2025-11-13 22:25:17.554219,Beijing,107,21.475,80.526
2025-11-13 23:25:17.554219,Beijing,106,26.595,85.911
2025-11-14 00:25:17.554219,Beijing,76,29.504,48.108
2025-11-14 01:25:17.554219,Beijing,142,7.234,39.289
2025-11-14 02:25:17.554219,Beijing,91,35.514,29.943
2025-11-14 03:25:17.554219,Beijing,85,36.515,77.995
2025-11-14 04:25:17.554219,Beijing,119,15.167,41.984
2025-11-14 05:25:17.554219,Beijing,86,17.59,40.549
2025-11-14 06:25:17.554219,Beijing,131,27.366,80.12
2025-11-14 07:25:17.554219,Beijing,109,24.364,86.145
2025-11-14 08:25:17.554219,Beijing,73,18.494,63.031
2025-11-14 09:25:17.554219,Beijing,143,10.651,48.667
2025-11-14 10:25:17.554219,Beijing,100,6.902,63.659
2025-11-14 11:25:17.554219,Beijing,94,12.28,50.543
2025-11-14 12:25:17.554219,Beijing,120,35.929,61.663
2025-11-14 13:25:17.554219,Beijing,76,14.258,29.591
2025-11-14 14:25:17.554219,Beijing,98,8.033,58.01
2025-11-14 15:25:17.554219,Beijing,119,22.95,72.333
2025-11-14 16:25:17.554219,Beijing,112,15.883,89.261
2025-11-14 17:25:17.554219,Beijing,107,31.898,40.855
2025-11-14 18:25:17.554219,Beijing,62,21.018,58.926
2025-11-14 19:25:17.554219,Beijing,107,9.737,68.898
2025-11-14 20:25:17.554219,Beijing,102,34.724,59.639
2025-11-14 21:25:17.554219,Beijing,119,11.491,32.463
2025-11-14 22:25:17.554219,Beijing,111,29.138,75.198
2025-11-14 23:25:17.554219,Beijing,100,13.861,32.129
2025-11-15 00:25:17.554219,Beijing,121,17.41,54.89
2025-11-15 01:25:17.554219,Beijing,75,21.949,81.234
2025-11-15 02:25:17.554219,Beijing,106,12.827,31.995
2025-11-15 03:25:17.554219,Beijing,52,11.276,74.688
2025-11-15 04:25:17.554219,Beijing,83,17.393,66.45
2025-11-15 05:25:17.554219,Beijing,123,25.907,79.972
2025-11-15 06:25:17.554219,Beijing,147,36.089,83.73
2025-11-15 07:25:17.554219,Beijing,161,30.092,31.959
2025-11-15 08:25:17.554219,Beijing,122,24.857,71.126
2025-11-15 09:25:17.554219,Beijing,56,27.206,29.977
2025-11-15 10:25:17.554219,Beijing,102,32.175,80.55
2025-11-15 11:25:17.554219,Beijing,159,5.872,29.504
2025-11-15 12:25:17.554219,Beijing,108,20.863,56.201
2025-11-15 13:25:17.554219,Beijing,67,36.87,64.559
2025-11-15 14:25:17.554219,Beijing,108,36.967,51.107
2025-11-15 15:25:17.554219,Beijing,111,21.56,69.513
2025-11-15 16:25:17.554219,Beijing,91,15.321,79.698
2025-11-15 17:25:17.554219,Beijing,99,16.349,71.72
2025-11-15 18:25:17.554219,Beijing,86,20.478,67.929
2025-11-15 19:25:17.554219,Beijing,93,28.769,53.623
2025-11-15 20:25:17.554219,Beijing,119,21.925,71.594
2025-11-15 21:25:17.554219,Beijing,114,37.995,27.113
2025-11-15 22:25:17.554219,Beijing,88,9.505,62.149
2025-11-15 23:25:17.554219,Beijing,114,22.548,62.226
2025-11-16 00:25:17.554219,Beijing,112,33.352,57.248
2025-11-16 01:25:17.554219,Beijing,62,21.922,50.035
2025-11-16 02:25:17.554219,Beijing,91,19.506,39.85
2025-11-16 03:25:17.554219,Beijing,129,34.85,64.095
2025-11-16 04:25:17.554219,Beijing,92,17.298,83.033
2025-11-16 05:25:17.554219,Beijing,112,14.06,81.94
2025-11-16 06:25:17.554219,Beijing,91,37.135,29.452
2025-11-16 07:25:17.554219,Beijing,111,14.313,31.171
2025-11-16 08:25:17.554219,Beijing,115,28.58,85.529
2025-11-16 09:25:17.554219,Beijing,95,28.018,40.524
2025-11-16 10:25:17.554219,Beijing,76,28.785,36.866
2025-11-16 11:25:17.554219,Beijing,104,21.493,56.499
2025-11-16 12:25:17.554219,Beijing,92,29.206,75.621
2025-11-16 13:25:17.554219,Beijing,100,27.789,80.504
2025-11-16 14:25:17.554219,Beijing,130,37.495,62.617
2025-11-16 15:25:17.554219,Beijing,99,26.108,44.685
2025-11-16 16:25:17.554219,Beijing,74,12.071,75.506
2025-11-16 17:25:17.554219,Beijing,87,33.104,61.099
2025-11-16 18:25:17.554219,Beijing,118,9.041,45.842
2025-11-16 19:25:17.554219,Beijing,104,28.542,69.015
2025-11-16 20:25:17.554219,Beijing,100,10.621,33.61
2025-11-16 21:25:17.554219,Beijing,141,21.063,66.748
2025-11-16 22:25:17.554219,Beijing,148,21.831,63.224
2025-11-16 23:25:17.554219,Beijing,114,29.074,54.777
2025-11-17 00:25:17.554219,Beijing,118,23.418,60.859
2025-11-17 01:25:17.554219,Beijing,100,29.253,33.42
2025-11-17 02:25:17.554219,Beijing,111,34.644,37.501
2025-11-17 03:25:17.554219,Beijing,88,24.413,87.315
2025-11-17 04:25:17.554219,Beijing,108,37.126,45.926
2025-11-17 05:25:17.554219,Beijing,160,15.46,55.644
2025-11-17 06:25:17.554219,Beijing,73,33.101,86.648
2025-11-17 07:25:17.554219,Beijing,121,18.362,53.536
2025-11-17 08:25:17.554219,Beijing,81,22.999,81.843
2025-11-17 09:25:17.554219,Beijing,83,25.392,65.225
2025-11-17 10:25:17.554219,Beijing,125,25.398,43.671
2025-11-17 11:25:17.554219,Beijing,83,11.104,37.353
2025-11-17 12:25:17.554219,Beijing,66,18.72,65.459
2025-11-17 13:25:17.554219,Beijing,119,17.713,83.853
2025-11-17 14:25:17.554219,Beijing,141,9.574,86.536
2025-11-17 15:25:17.554219,Beijing,91,32.254,56.555
2025-11-17 16:25:17.554219,Beijing,114,26.29,26.849
2025-11-17 17:25:17.554219,Beijing,78,14.572,72.823
2025-11-17 18:25:17.554219,Beijing,79,24.227,76.823
2025-11-17 19:25:17.554219,Beijing,159,37.409,46.664
2025-11-17 20:25:17.554219,Beijing,110,37.21,55.991
2025-11-17 21:25:17.554219,Beijing,183,9.252,88.436
2025-11-17 22:25:17.554219,Beijing,110,29.223,38.621
2025-11-17 23:25:17.554219,Beijing,93,27.724,53.557
2025-11-18 00:25:17.554219,Beijing,119,5.408,32.261
2025-11-18 01:25:17.554219,Beijing,114,27.186,67.008
2025-11-18 02:25:17.554219,Beijing,112,34.774,28.061
2025-11-18 03:25:17.554219,Beijing,104,28.741,37.288
2025-11-18 04:25:17.554219,Beijing,114,22.639,83.708
2025-11-18 05:25:17.554219,Beijing,96,23.644,45.662
2025-11-18 06:25:17.554219,Beijing,114,27.359,26.567
2025-11-18 07:25:17.554219,Beijing,79,17.623,86.202
2025-11-18 08:25:17.554219,Beijing,106,37.03,64.452
2025-11-18 09:25:17.554219,Beijing,114,33.637,63.292
2025-11-18 10:25:17.554219,Beijing,91,26.991,73.591
2025-11-18 11:25:17.554219,Beijing,123,11.186,66.7
2025-11-18 12:25:17.554219,Beijing,109,26.902,26.042
2025-11-18 13:25:17.554219,Beijing,150,25.976,33.999
2025-11-18 14:25:17.554219,Beijing,116,11.804,80.055
2025-11-18 15:25:17.554219,Beijing,79,18.125,42.661
2025-11-18 16:25:17.554219,Beijing,62,30.794,30.397
2025-11-18 17:25:17.554219,Beijing,112,18.466,74.192
2025-11-18 18:25:17.554219,Beijing,131,23.402,72.262
2025-11-18 19:25:17.554219,Beijing,94,8.676,87.42
2025-11-18 20:25:17.554219,Beijing,119,33.716,34.16
2025-11-18 21:25:17.554219,Beijing,119,17.988,46.112
2025-11-18 22:25:17.554219,Beijing,112,22.054,28.22
2025-11-18 23:25:17.554219,Beijing,103,19.444,52.961
2025-11-19 00:25:17.554219,Beijing,107,27.58,56.381
2025-11-19 01:25:17.554219,Beijing,152,24.827,83.316
2025-11-19 02:25:17.554219,Beijing,93,15.224,32.941
2025-11-19 03:25:17.554219,Beijing,76,8.773,67.713
2025-11-19 04:25:17.554219,Beijing,92,14.858,45.24
2025-11-19 05:25:17.554219,Beijing,90,27.881,60.978
2025-11-19 06:25:17.554219,Beijing,81,32.953,83.194
2025-11-19 07:25:17.554219,Beijing,95,30.228,37.147
2025-11-19 08:25:17.554219,Beijing,111,29.411,45.671
2025-11-19 09:25:17.554219,Beijing,139,18.36,27.366
2025-11-19 10:25:17.554219,Beijing,96,15.757,42.523
2025-11-19 11:25:17.554219,Beijing,93,16.873,37.222
2025-11-19 12:25:17.554219,Beijing,86,16.401,63.447
2025-11-19 13:25:17.554219,Beijing,131,31.332,71.043
2025-11-19 14:25:17.554219,Beijing,114,10.928,46.896
2025-11-19 15:25:17.554219,Beijing,108,14.488,51.624
2025-11-19 16:25:17.554219,Beijing,85,8.386,32.704
2025-11-19 17:25:17.554219,Beijing,100,25.617,59.467
2025-11-04 18:25:17.554219,Shanghai,74,29.128,77.089
2025-11-04 19:25:17.554219,Shanghai,100,13.541,43.195
2025-11-04 20:25:17.554219,Shanghai,63,22.208,59.215
2025-11-04 21:25:17.554219,Shanghai,101,13.87,39.311
2025-11-04 22:25:17.554219,Shanghai,80,11.677,28.946
2025-11-04 23:25:17.554219,Shanghai,128,10.288,72.2
2025-11-05 00:25:17.554219,Shanghai,97,36.443,79.416
2025-11-05 01:25:17.554219,Shanghai,63,33.055,74.43
2025-11-05 02:25:17.554219,Shanghai,71,20.302,26.57
2025-11-05 03:25:17.554219,Shanghai,128,32.234,28.325
2025-11-05 04:25:17.554219,Shanghai,115,24.724,37.543
2025-11-05 05:25:17.554219,Shanghai,68,36.921,46.352
2025-11-05 06:25:17.554219,Shanghai,115,34.277,57.533
2025-11-05 07:25:17.554219,Shanghai,81,28.987,71.38
2025-11-05 08:25:17.554219,Shanghai,62,32.664,49.187
2025-11-05 09:25:17.554219,Shanghai,59,20.477,28.604
2025-11-05 10:25:17.554219,Shanghai,121,28.454,62.004
2025-11-05 11:25:17.554219,Shanghai,88,10.988,64.658
2025-11-05 12:25:17.554219,Shanghai,126,36.726,61.898
2025-11-05 13:25:17.554219,Shanghai,126,22.778,79.632
2025-11-05 14:25:17.554219,Shanghai,91,23.986,82.205
2025-11-05 15:25:17.554219,Shanghai,102,25.14,70.812
2025-11-05 16:25:17.554219,Shanghai,111,24.25,70.533
2025-11-05 17:25:17.554219,Shanghai,104,20.984,52.325
2025-11-05 18:25:17.554219,Shanghai,98,35.751,61.702
2025-11-05 19:25:17.554219,Shanghai,76,13.96,86.9
2025-11-05 20:25:17.554219,Shanghai,82,21.791,31.211
2025-11-05 21:25:17.554219,Shanghai,72,25.035,89.155
2025-11-05 22:25:17.554219,Shanghai,148,25.773,52.791
2025-11-05 23:25:17.554219,Shanghai,66,34.919,45.839
2025-11-06 00:25:17.554219,Shanghai,135,7.967,88.406
2025-11-06 01:25:17.554219,Shanghai,98,32.239,82.068
2025-11-06 02:25:17.554219,Shanghai,65,10.271,68.183
2025-11-06 03:25:17.554219,Shanghai,85,7.015,52.308
2025-11-06 04:25:17.554219,Shanghai,125,33.425,87.524
2025-11-06 05:25:17.554219,Shanghai,110,5.988,35.412
2025-11-06 06:25:17.554219,Shanghai,161,37.572,28.465
2025-11-06 07:25:17.554219,Shanghai,120,33.82,49.27
2025-11-06 08:25:17.554219,Shanghai,84,29.304,68.158
2025-11-06 09:25:17.554219,Shanghai,115,15.519,63.472
2025-11-06 10:25:17.554219,Shanghai,118,12.87,26.284
2025-11-06 11:25:17.554219,Shanghai,93,7.41,58.5
2025-11-06 12:25:17.554219,Shanghai,62,26.519,75.732
2025-11-06 13:25:17.554219,Shanghai,116,33.502,72.292
2025-11-06 14:25:17.554219,Shanghai,105,36.906,62.414
2025-11-06 15:25:17.554219,Shanghai,76,10.713,62.523
2025-11-06 16:25:17.554219,Shanghai,49,8.831,67.628
2025-11-06 17:25:17.554219,Shanghai,123,10.178,51.17
2025-11-06 18:25:17.554219,Shanghai,106,7.295,45.045
2025-11-06 19:25:17.554219,Shanghai,126,8.297,35.721
2025-11-06 20:25:17.554219,Shanghai,118,29.079,39.864
2025-11-06 21:25:17.554219,Shanghai,119,33.129,86.003
2025-11-06 22:25:17.554219,Shanghai,74,25.306,40.754
2025-11-06 23:25:17.554219,Shanghai,86,24.285,62.997
2025-11-07 00:25:17.554219,Shanghai,80,8.441,28.678
2025-11-07 01:25:17.554219,Shanghai,81,8.549,30.871
2025-11-07 02:25:17.554219,Shanghai,102,26.696,72.114
2025-11-07 03:25:17.554219,Shanghai,109,9.054,80.961
2025-11-07 04:25:17.554219,Shanghai,55,23.168,63.513
2025-11-07 05:25:17.554219,Shanghai,118,21.886,89.344
2025-11-07 06:25:17.554219,Shanghai,86,34.078,82.335
2025-11-07 07:25:17.554219,Shanghai,91,13.557,39.062
2025-11-07 08:25:17.554219,Shanghai,111,33.868,45.532
2025-11-07 09:25:17.554219,Shanghai,74,9.999,27.125
2025-11-07 10:25:17.554219,Shanghai,75,33.347,43.718
2025-11-07 11:25:17.554219,Shanghai,123,29.166,35.248
2025-11-07 12:25:17.554219,Shanghai,115,13.976,41.59
2025-11-07 13:25:17.554219,Shanghai,70,27.156,74.681
2025-11-07 14:25:17.554219,Shanghai,66,19.646,79.092
2025-11-07 15:25:17.554219,Shanghai,107,28.489,88.835
2025-11-07 16:25:17.554219,Shanghai,130,5.458,46.804
2025-11-07 17:25:17.554219,Shanghai,95,37.012,49.683
2025-11-07 18:25:17.554219,Shanghai,105,23.19,43.239
2025-11-07 19:25:17.554219,Shanghai,119,16.732,44.936
2025-11-07 20:25:17.554219,Shanghai,105,36.251,65.366
2025-11-07 21:25:17.554219,Shanghai,88,5.542,74.487
2025-11-07 22:25:17.554219,Shanghai,74,37.911,54.368
2025-11-07 23:25:17.554219,Shanghai,126,34.457,52.545
2025-11-08 00:25:17.554219,Shanghai,81,24.543,66.315
2025-11-08 01:25:17.554219,Shanghai,106,27.905,29.038
2025-11-08 02:25:17.554219,Shanghai,92,12.662,28.923
2025-11-08 03:25:17.554219,Shanghai,108,17.02,28.215
2025-11-08 04:25:17.554219,Shanghai,92,23.366,50.215
2025-11-08 05:25:17.554219,Shanghai,131,15.39,81.629
2025-11-08 06:25:17.554219,Shanghai,90,19.762,78.651
2025-11-08 07:25:17.554219,Shanghai,73,19.567,44.986
2025-11-08 08:25:17.554219,Shanghai,133,7.336,31.778
2025-11-08 09:25:17.554219,Shanghai,98,30.397,57.946
2025-11-08 10:25:17.554219,Shanghai,86,26.809,42.576
2025-11-08 11:25:17.554219,Shanghai,68,12.152,86.502
2025-11-08 12:25:17.554219,Shanghai,156,10.94,45.954
2025-11-08 13:25:17.554219,Shanghai,80,35.288,53.464
2025-11-08 14:25:17.554219,Shanghai,65,7.862,75.722
2025-11-08 15:25:17.554219,Shanghai,82,11.576,66.38
2025-11-08 16:25:17.554219,Shanghai,96,35.168,37.561
2025-11-08 17:25:17.554219,Shanghai,109,21.087,34.587
2025-11-08 18:25:17.554219,Shanghai,127,10.915,81.112
2025-11-08 19:25:17.554219,Shanghai,92,5.006,67.703
2025-11-08 20:25:17.554219,Shanghai,93,12.531,30.401
2025-11-08 21:25:17.554219,Shanghai,96,30.444,73.854
2025-11-08 22:25:17.554219,Shanghai,82,33.783,60.353
2025-11-08 23:25:17.554219,Shanghai,86,31.732,82.708
2025-11-09 00:25:17.554219,Shanghai,72,21.051,40.571
2025-11-09 01:25:17.554219,Shanghai,128,24.388,31.709
2025-11-09 02:25:17.554219,Shanghai,90,33.368,68.632
2025-11-09 03:25:17.554219,Shanghai,102,7.449,41.025
2025-11-09 04:25:17.554219,Shanghai,127,31.143,27.579
2025-11-09 05:25:17.554219,Shanghai,103,5.721,40.573
2025-11-09 06:25:17.554219,Shanghai,145,24.287,86.248
2025-11-09 07:25:17.554219,Shanghai,70,23.192,67.667
2025-11-09 08:25:17.554219,Shanghai,130,30.855,51.291
2025-11-09 09:25:17.554219,Shanghai,105,15.961,31.173
2025-11-09 10:25:17.554219,Shanghai,98,21.036,50.374
2025-11-09 11:25:17.554219,Shanghai,59,9.606,87.626
2025-11-09 12:25:17.554219,Shanghai,98,37.635,87.693
2025-11-09 13:25:17.554219,Shanghai,104,29.054,63.527
2025-11-09 14:25:17.554219,Shanghai,127,25.981,86.824
2025-11-09 15:25:17.554219,Shanghai,115,35.822,27.558
2025-11-09 16:25:17.554219,Shanghai,121,21.477,54.482
2025-11-09 17:25:17.554219,Shanghai,132,11.393,33.607
2025-11-09 18:25:17.554219,Shanghai,99,26.509,55.984
2025-11-09 19:25:17.554219,Shanghai,91,29.826,88.47
2025-11-09 20:25:17.554219,Shanghai,69,19.755,52.21
2025-11-09 21:25:17.554219,Shanghai,110,20.758,47.081
2025-11-09 22:25:17.554219,Shanghai,111,27.08,80.412
2025-11-09 23:25:17.554219,Shanghai,85,12.747,44.273
2025-11-10 00:25:17.554219,Shanghai,83,37.099,27.451
2025-11-10 01:25:17.554219,Shanghai,113,8.882,85.168
2025-11-10 02:25:17.554219,Shanghai,127,12.137,58.953
2025-11-10 03:25:17.554219,Shanghai,72,14.924,47.453
2025-11-10 04:25:17.554219,Shanghai,86,25.87,33.563
2025-11-10 05:25:17.554219,Shanghai,133,30.136,43.361
2025-11-10 06:25:17.554219,Shanghai,97,23.492,58.545
2025-11-10 07:25:17.554219,Shanghai,126,12.686,79.404
2025-11-10 08:25:17.554219,Shanghai,137,11.902,61.411
2025-11-10 09:25:17.554219,Shanghai,98,16.205,79.305
2025-11-10 10:25:17.554219,Shanghai,82,11.305,64.373
2025-11-10 11:25:17.554219,Shanghai,74,25.258,68.224
2025-11-10 12:25:17.554219,Shanghai,117,30.856,41.981
2025-11-10 13:25:17.554219,Shanghai,133,36.87,54.993
2025-11-10 14:25:17.554219,Shanghai,66,29.321,88.364
2025-11-10 15:25:17.554219,Shanghai,44,20.955,75.262
2025-11-10 16:25:17.554219,Shanghai,84,21.374,43.802
2025-11-10 17:25:17.554219,Shanghai,84,33.508,62.087
2025-11-10 18:25:17.554219,Shanghai,78,32.148,73.848
2025-11-10 19:25:17.554219,Shanghai,107,13.363,66.956
2025-11-10 20:25:17.554219,Shanghai,116,21.413,54.447
2025-11-10 21:25:17.554219,Shanghai,65,8.665,63.046
2025-11-10 22:25:17.554219,Shanghai,75,27.013,66.72
2025-11-10 23:25:17.554219,Shanghai,147,14.443,58.053
2025-11-11 00:25:17.554219,Shanghai,129,7.107,29.134
2025-11-11 01:25:17.554219,Shanghai,91,6.634,85.432
2025-11-11 02:25:17.554219,Shanghai,137,14.33,43.552
2025-11-11 03:25:17.554219,Shanghai,119,10.942,43.829
2025-11-11 04:25:17.554219,Shanghai,134,28.802,61.236
2025-11-11 05:25:17.554219,Shanghai,122,28.303,87.765
2025-11-11 06:25:17.554219,Shanghai,97,33.859,63.475
2025-11-11 07:25:17.554219,Shanghai,112,5.31,83.402
2025-11-11 08:25:17.554219,Shanghai,75,14.583,42.777
2025-11-11 09:25:17.554219,Shanghai,80,37.937,36.594
2025-11-11 10:25:17.554219,Shanghai,97,7.272,39.715
2025-11-11 11:25:17.554219,Shanghai,113,35.177,26.345
2025-11-11 12:25:17.554219,Shanghai,100,30.282,61.522
2025-11-11 13:25:17.554219,Shanghai,115,30.052,53.84
2025-11-11 14:25:17.554219,Shanghai,78,11.074,70.792
2025-11-11 15:25:17.554219,Shanghai,83,30.826,69.664
2025-11-11 16:25:17.554219,Shanghai,91,23.68,53.596
2025-11-11 17:25:17.554219,Shanghai,146,9.511,84.309
2025-11-11 18:25:17.554219,Shanghai,98,24.426,72.716
2025-11-11 19:25:17.554219,Shanghai,156,25.009,88.801
2025-11-11 20:25:17.554219,Shanghai,114,20.384,38.814
2025-11-11 21:25:17.554219,Shanghai,125,22.129,45.925
2025-11-11 22:25:17.554219,Shanghai,114,28.923,45.052
2025-11-11 23:25:17.554219,Shanghai,81,10.802,74.445
2025-11-12 00:25:17.554219,Shanghai,84,33.128,65.234
2025-11-12 01:25:17.554219,Shanghai,93,19.385,70.6
2025-11-12 02:25:17.554219,Shanghai,113,20.207,86.387
2025-11-12 03:25:17.554219,Shanghai,158,26.003,69.542
2025-11-12 04:25:17.554219,Shanghai,62,32.521,58.947
2025-11-12 05:25:17.554219,Shanghai,94,8.054,62.764
2025-11-12 06:25:17.554219,Shanghai,117,7.204,57.891
2025-11-12 07:25:17.554219,Shanghai,124,32.715,29.551
2025-11-12 08:25:17.554219,Shanghai,137,13.142,43.339
2025-11-12 09:25:17.554219,Shanghai,81,26.326,51.206
2025-11-12 10:25:17.554219,Shanghai,100,19.996,27.747
2025-11-12 11:25:17.554219,Shanghai,127,30.039,69.498
2025-11-12 12:25:17.554219,Shanghai,99,33.317,47.231
2025-11-12 13:25:17.554219,Shanghai,125,27.476,38.369
2025-11-12 14:25:17.554219,Shanghai,89,31.995,86.718
2025-11-12 15:25:17.554219,Shanghai,87,29.103,70.595
2025-11-12 16:25:17.554219,Shanghai,116,23.731,62.605
2025-11-12 17:25:17.554219,Shanghai,94,20.25,82.041
2025-11-12 18:25:17.554219,Shanghai,98,28.619,57.217
2025-11-12 19:25:17.554219,Shanghai,97,28.723,82.57
2025-11-12 20:25:17.554219,Shanghai,27,9.749,53.418
2025-11-12 21:25:17.554219,Shanghai,77,12.421,32.485
2025-11-12 22:25:17.554219,Shanghai,80,11.01,73.975
2025-11-12 23:25:17.554219,Shanghai,137,15.858,74.388
2025-11-13 00:25:17.554219,Shanghai,63,22.648,83.583
2025-11-13 01:25:17.554219,Shanghai,148,19.854,43.893
2025-11-13 02:25:17.554219,Shanghai,126,13.739,57.446
2025-11-13 03:25:17.554219,Shanghai,97,21.563,43.083
2025-11-13 04:25:17.554219,Shanghai,131,5.236,88.209
2025-11-13 05:25:17.554219,Shanghai,140,19.167,89.832
2025-11-13 06:25:17.554219,Shanghai,99,10.192,28.177
2025-11-13 07:25:17.554219,Shanghai,103,23.276,79.812
2025-11-13 08:25:17.554219,Shanghai,118,12.099,39.814
2025-11-13 09:25:17.554219,Shanghai,72,17.396,86.878
2025-11-13 10:25:17.554219,Shanghai,70,34.191,81.704
2025-11-13 11:25:17.554219,Shanghai,136,9.746,28.073
2025-11-13 12:25:17.554219,Shanghai,65,20.158,50.03
2025-11-13 13:25:17.554219,Shanghai,95,21.246,59.081
2025-11-13 14:25:17.554219,Shanghai,109,27.798,52.549
2025-11-13 15:25:17.554219,Shanghai,124,35.165,37.397
2025-11-13 16:25:17.554219,Shanghai,88,19.807,55.494
2025-11-13 17:25:17.554219,Shanghai,100,16.419,48.035
2025-11-13 18:25:17.554219,Shanghai,91,34.857,70.871
2025-11-13 19:25:17.554219,Shanghai,92,7.321,41.469
2025-11-13 20:25:17.554219,Shanghai,112,36.041,34.25
2025-11-13 21:25:17.554219,Shanghai,79,5.852,52.844
2025-11-13 22:25:17.554219,Shanghai,71,36.404,65.87
2025-11-13 23:25:17.554219,Shanghai,126,36.578,59.83
2025-11-14 00:25:17.554219,Shanghai,114,19.588,76.301
2025-11-14 01:25:17.554219,Shanghai,68,28.678,39.612
2025-11-14 02:25:17.554219,Shanghai,94,31.766,45.424
2025-11-14 03:25:17.554219,Shanghai,76,22.463,73.353
2025-11-14 04:25:17.554219,Shanghai,101,25.111,79.326
2025-11-14 05:25:17.554219,Shanghai,69,22.065,56.736
2025-11-14 06:25:17.554219,Shanghai,82,7.827,49.293
2025-11-14 07:25:17.554219,Shanghai,92,17.8,35.028
2025-11-14 08:25:17.554219,Shanghai,167,17.665,85.434
2025-11-14 09:25:17.554219,Shanghai,165,21.178,45.118
2025-11-14 10:25:17.554219,Shanghai,73,34.784,40.835
2025-11-14 11:25:17.554219,Shanghai,88,31.372,82.659
2025-11-14 12:25:17.554219,Shanghai,132,22.92,67.523
2025-11-14 13:25:17.554219,Shanghai,94,10.962,64.437
2025-11-14 14:25:17.554219,Shanghai,111,32.838,61.59
2025-11-14 15:25:17.554219,Shanghai,122,5.136,82.403
2025-11-14 16:25:17.554219,Shanghai,159,18.229,36.63
2025-11-14 17:25:17.554219,Shanghai,74,37.891,83.576
2025-11-14 18:25:17.554219,Shanghai,82,28.394,27.944
2025-11-14 19:25:17.554219,Shanghai,129,6.419,31.424
2025-11-14 20:25:17.554219,Shanghai,114,18.421,31.501
2025-11-14 21:25:17.554219,Shanghai,107,20.621,58.127
2025-11-14 22:25:17.554219,Shanghai,82,19.716,45.118
2025-11-14 23:25:17.554219,Shanghai,125,28.028,53.805
2025-11-15 00:25:17.554219,Shanghai,135,9.371,28.74
2025-11-15 01:25:17.554219,Shanghai,103,8.784,55.632
2025-11-15 02:25:17.554219,Shanghai,115,29.722,41.193
2025-11-15 03:25:17.554219,Shanghai,96,31.976,38.144
2025-11-15 04:25:17.554219,Shanghai,147,37.196,28.464
2025-11-15 05:25:17.554219,Shanghai,108,30.021,74.425
2025-11-15 06:25:17.554219,Shanghai,161,26.752,31.921
2025-11-15 07:25:17.554219,Shanghai,117,19.222,60.207
2025-11-15 08:25:17.554219,Shanghai,112,19.681,33.484
2025-11-15 09:25:17.554219,Shanghai,143,23.383,26.155
2025-11-15 10:25:17.554219,Shanghai,113,13.585,55.209
2025-11-15 11:25:17.554219,Shanghai,134,22.052,71.768
2025-11-15 12:25:17.554219,Shanghai,109,20.671,80.697
2025-11-15 13:25:17.554219,Shanghai,100,25.125,84.794
2025-11-15 14:25:17.554219,Shanghai,103,35.994,51.438
2025-11-15 15:25:17.554219,Shanghai,63,25.092,52.812
2025-11-15 16:25:17.554219,Shanghai,108,15.364,54.117
2025-11-15 17:25:17.554219,Shanghai,93,37.329,35.347
2025-11-15 18:25:17.554219,Shanghai,102,26.49,73.857
2025-11-15 19:25:17.554219,Shanghai,113,26.05,67.919
2025-11-15 20:25:17.554219,Shanghai,90,30.104,45.847
2025-11-15 21:25:17.554219,Shanghai,87,10.459,54.956
2025-11-15 22:25:17.554219,Shanghai,111,7.093,41.096
2025-11-15 23:25:17.554219,Shanghai,145,24.264,74.106
2025-11-16 00:25:17.554219,Shanghai,81,26.161,29.046
2025-11-16 01:25:17.554219,Shanghai,99,32.902,76.878
2025-11-16 02:25:17.554219,Shanghai,61,5.174,63.038
2025-11-16 03:25:17.554219,Shanghai,85,36.623,67.244
2025-11-16 04:25:17.554219,Shanghai,102,25.855,68.384
2025-11-16 05:25:17.554219,Shanghai,120,6.026,41.058
2025-11-16 06:25:17.554219,Shanghai,102,36.921,83.477
2025-11-16 07:25:17.554219,Shanghai,89,28.432,54.379
2025-11-16 08:25:17.554219,Shanghai,127,11.901,50.506
2025-11-16 09:25:17.554219,Shanghai,92,32.249,42.356
2025-11-16 10:25:17.554219,Shanghai,90,27.412,73.489
2025-11-16 11:25:17.554219,Shanghai,83,7.585,43.61
2025-11-16 12:25:17.554219,Shanghai,79,28.306,69.431
2025-11-16 13:25:17.554219,Shanghai,52,33.894,42.661
2025-11-16 14:25:17.554219,Shanghai,130,28.376,70.342
2025-11-16 15:25:17.554219,Shanghai,74,27.598,77.838
2025-11-16 16:25:17.554219,Shanghai,133,18.79,70.835
2025-11-16 17:25:17.554219,Shanghai,109,9.349,54.956
2025-11-16 18:25:17.554219,Shanghai,81,11.133,77.347
2025-11-16 19:25:17.554219,Shanghai,121,15.548,84.193
2025-11-16 20:25:17.554219,Shanghai,140,30.016,80.177
2025-11-16 21:25:17.554219,Shanghai,85,16.481,29.719
2025-11-16 22:25:17.554219,Shanghai,132,18.469,63.268
2025-11-16 23:25:17.554219,Shanghai,116,10.826,58.321
2025-11-17 00:25:17.554219,Shanghai,91,13.769,39.038
2025-11-17 01:25:17.554219,Shanghai,79,30.425,53.919
2025-11-17 02:25:17.554219,Shanghai,62,16.785,56.504
2025-11-17 03:25:17.554219,Shanghai,102,13.427,50.301
2025-11-17 04:25:17.554219,Shanghai,104,18.164,79.019
2025-11-17 05:25:17.554219,Shanghai,150,30.983,59.408
2025-11-17 06:25:17.554219,Shanghai,119,18.091,36.519
2025-11-17 07:25:17.554219,Shanghai,90,7.269,41.809
2025-11-17 08:25:17.554219,Shanghai,139,29.209,57.239
2025-11-17 09:25:17.554219,Shanghai,84,5.206,29.885
2025-11-17 10:25:17.554219,Shanghai,86,13.064,87.029
2025-11-17 11:25:17.554219,Shanghai,91,17.009,69.284
2025-11-17 12:25:17.554219,Shanghai,107,10.501,43.315
2025-11-17 13:25:17.554219,Shanghai,118,29.502,37.538
2025-11-17 14:25:17.554219,Shanghai,106,26.934,30.604
2025-11-17 15:25:17.554219,Shanghai,112,10.206,32.378
2025-11-17 16:25:17.554219,Shanghai,81,35.175,27.218
2025-11-17 17:25:17.554219,Shanghai,96,17.169,86.945
2025-11-17 18:25:17.554219,Shanghai,120,13.991,52.118
2025-11-17 19:25:17.554219,Shanghai,116,6.328,27.386
2025-11-17 20:25:17.554219,Shanghai,90,21.738,55.185
2025-11-17 21:25:17.554219,Shanghai,76,22.363,66.981
2025-11-17 22:25:17.554219,Shanghai,94,5.711,87.469
2025-11-17 23:25:17.554219,Shanghai,83,17.955,88.313
2025-11-18 00:25:17.554219,Shanghai,143,20.06,76.222
2025-11-18 01:25:17.554219,Shanghai,107,23.25,73.634
2025-11-18 02:25:17.554219,Shanghai,40,18.735,84.065
2025-11-18 03:25:17.554219,Shanghai,154,32.504,88.235
2025-11-18 04:25:17.554219,Shanghai,99,16.009,44.968
2025-11-18 05:25:17.554219,Shanghai,76,21.2,81.536
2025-11-18 06:25:17.554219,Shanghai,78,6.852,85.16
2025-11-18 07:25:17.554219,Shanghai,96,34.207,83.782
2025-11-18 08:25:17.554219,Shanghai,132,16.025,54.961
2025-11-18 09:25:17.554219,Shanghai,66,21.339,85.72
2025-11-18 10:25:17.554219,Shanghai,99,5.688,27.905
2025-11-18 11:25:17.554219,Shanghai,118,32.581,56.259
2025-11-18 12:25:17.554219,Shanghai,73,17.118,70.877
2025-11-18 13:25:17.554219,Shanghai,104,37.49,43.665
2025-11-18 14:25:17.554219,Shanghai,105,6.398,67.953
2025-11-18 15:25:17.554219,Shanghai,126,24.871,82.711
2025-11-18 16:25:17.554219,Shanghai,88,27.877,65.11
2025-11-18 17:25:17.554219,Shanghai,98,15.214,44.198
2025-11-18 18:25:17.554219,Shanghai,93,17.069,43.42
2025-11-18 19:25:17.554219,Shanghai,81,10.851,84.292
2025-11-18 20:25:17.554219,Shanghai,135,18.348,87.623
2025-11-18 21:25:17.554219,Shanghai,138,37.278,71.926
2025-11-18 22:25:17.554219,Shanghai,122,24.393,65.47
2025-11-18 23:25:17.554219,Shanghai,78,24.941,26.378
2025-11-19 00:25:17.554219,Shanghai,40,6.838,74.48
2025-11-19 01:25:17.554219,Shanghai,77,7.496,27.032
2025-11-19 02:25:17.554219,Shanghai,94,21.394,68.204
2025-11-19 03:25:17.554219,Shanghai,112,24.992,34.665
2025-11-19 04:25:17.554219,Shanghai,107,6.953,53.616
2025-11-19 05:25:17.554219,Shanghai,121,11.481,34.949
2025-11-19 06:25:17.554219,Shanghai,80,17.687,43.503
2025-11-19 07:25:17.554219,Shanghai,141,30.604,61.19
2025-11-19 08:25:17.554219,Shanghai,159,37.986,63.163
2025-11-19 09:25:17.554219,Shanghai,54,9.382,60.514
2025-11-19 10:25:17.554219,Shanghai,116,36.878,60.982
2025-11-19 11:25:17.554219,Shanghai,118,22.896,35.372
2025-11-19 12:25:17.554219,Shanghai,118,7.141,70.372
2025-11-19 13:25:17.554219,Shanghai,47,19.546,46.154
2025-11-19 14:25:17.554219,Shanghai,71,16.144,84.212
2025-11-19 15:25:17.554219,Shanghai,131,11.215,44.085
2025-11-19 16:25:17.554219,Shanghai,107,27.334,85.883
2025-11-19 17:25:17.554219,Shanghai,121,6.785,58.257
2025-11-04 18:25:17.554219,Hong Kong,169,36.988,84.889
2025-11-04 19:25:17.554219,Hong Kong,121,20.072,89.615
2025-11-04 20:25:17.554219,Hong Kong,142,5.086,85.868
2025-11-04 21:25:17.554219,Hong Kong,124,29.849,34.502
2025-11-04 22:25:17.554219,Hong Kong,86,26.174,35.404
2025-11-04 23:25:17.554219,Hong Kong,102,30.248,50.97
2025-11-05 00:25:17.554219,Hong Kong,96,15.352,62.384
2025-11-05 01:25:17.554219,Hong Kong,88,18.275,37.801
2025-11-05 02:25:17.554219,Hong Kong,88,23.201,72.106
2025-11-05 03:25:17.554219,Hong Kong,122,30.461,86.294
2025-11-05 04:25:17.554219,Hong Kong,84,31.692,43.117
2025-11-05 05:25:17.554219,Hong Kong,94,32.403,49.098
2025-11-05 06:25:17.554219,Hong Kong,135,24.38,36.102
2025-11-05 07:25:17.554219,Hong Kong,79,10.19,89.732
2025-11-05 08:25:17.554219,Hong Kong,139,13.993,41.338
2025-11-05 09:25:17.554219,Hong Kong,74,27.536,33.893
2025-11-05 10:25:17.554219,Hong Kong,74,32.456,30.199
2025-11-05 11:25:17.554219,Hong Kong,71,14.888,61.833
2025-11-05 12:25:17.554219,Hong Kong,74,16.468,66.317
2025-11-05 13:25:17.554219,Hong Kong,130,33.717,71.879
2025-11-05 14:25:17.554219,Hong Kong,121,7.556,66.184
2025-11-05 15:25:17.554219,Hong Kong,117,26,75.897
2025-11-05 16:25:17.554219,Hong Kong,121,31.551,59.622
2025-11-05 17:25:17.554219,Hong Kong,113,28.45,56.159
2025-11-05 18:25:17.554219,Hong Kong,101,10.434,76.093
2025-11-05 19:25:17.554219,Hong Kong,95,29.72,62.288
2025-11-05 20:25:17.554219,Hong Kong,109,27.831,38.325
2025-11-05 21:25:17.554219,Hong Kong,131,11.665,88.37
2025-11-05 22:25:17.554219,Hong Kong,76,21.215,73.098
2025-11-05 23:25:17.554219,Hong Kong,110,33.599,55.891
2025-11-06 00:25:17.554219,Hong Kong,90,28.386,69.45
2025-11-06 01:25:17.554219,Hong Kong,143,36.741,32.435
2025-11-06 02:25:17.554219,Hong Kong,117,33.552,48.829
2025-11-06 03:25:17.554219,Hong Kong,105,7.16,38.17
2025-11-06 04:25:17.554219,Hong Kong,98,23.655,70.59
2025-11-06 05:25:17.554219,Hong Kong,92,9.271,58.13
2025-11-06 06:25:17.554219,Hong Kong,74,25.144,79.319
2025-11-06 07:25:17.554219,Hong Kong,107,35.458,42.597
2025-11-06 08:25:17.554219,Hong Kong,97,35.573,78.993
2025-11-06 09:25:17.554219,Hong Kong,107,5.297,65.836
2025-11-06 10:25:17.554219,Hong Kong,93,23.036,37.507
2025-11-06 11:25:17.554219,Hong Kong,154,33.326,58.48
2025-11-06 12:25:17.554219,Hong Kong,112,8.104,38.121
2025-11-06 13:25:17.554219,Hong Kong,78,24.672,85.095
2025-11-06 14:25:17.554219,Hong Kong,98,7.18,38.671
2025-11-06 15:25:17.554219,Hong Kong,87,15.656,33.171
2025-11-06 16:25:17.554219,Hong Kong,183,13.887,88.858
2025-11-06 17:25:17.554219,Hong Kong,95,28.955,34.536
2025-11-06 18:25:17.554219,Hong Kong,156,25.328,44.994
2025-11-06 19:25:17.554219,Hong Kong,75,18.105,63.008
2025-11-06 20:25:17.554219,Hong Kong,65,9.429,66.644
2025-11-06 21:25:17.554219,Hong Kong,73,16.497,30.058
2025-11-06 22:25:17.554219,Hong Kong,140,13.817,45.635
2025-11-06 23:25:17.554219,Hong Kong,137,11.521,69.349
2025-11-07 00:25:17.554219,Hong Kong,111,11.715,83.811
2025-11-07 01:25:17.554219,Hong Kong,162,11.363,36.922
2025-11-07 02:25:17.554219,Hong Kong,76,19.98,53.068
2025-11-07 03:25:17.554219,Hong Kong,132,11.172,35.703
2025-11-07 04:25:17.554219,Hong Kong,104,7.206,60.08
2025-11-07 05:25:17.554219,Hong Kong,102,36.578,52.735
2025-11-07 06:25:17.554219,Hong Kong,130,32.925,40.834
2025-11-07 07:25:17.554219,Hong Kong,71,30.43,87.122
2025-11-07 08:25:17.554219,Hong Kong,118,17.525,67.38
2025-11-07 09:25:17.554219,Hong Kong,116,7.403,43.155
2025-11-07 10:25:17.554219,Hong Kong,76,20.884,75.425
2025-11-07 11:25:17.554219,Hong Kong,91,29.962,88.288
2025-11-07 12:25:17.554219,Hong Kong,105,9.207,25.739
2025-11-07 13:25:17.554219,Hong Kong,92,24.397,27.271
2025-11-07 14:25:17.554219,Hong Kong,98,34.503,39.091
2025-11-07 15:25:17.554219,Hong Kong,80,23.473,69.773
2025-11-07 16:25:17.554219,Hong Kong,96,28.211,65.82
2025-11-07 17:25:17.554219,Hong Kong,96,11.175,33.214
2025-11-07 18:25:17.554219,Hong Kong,96,36.786,38.184
2025-11-07 19:25:17.554219,Hong Kong,108,35.735,76.545
2025-11-07 20:25:17.554219,Hong Kong,137,32.984,41.608
2025-11-07 21:25:17.554219,Hong Kong,93,21.364,48.829
2025-11-07 22:25:17.554219,Hong Kong,99,36.662,39.874
2025-11-07 23:25:17.554219,Hong Kong,63,12.802,74.95
2025-11-08 00:25:17.554219,Hong Kong,84,7.587,64.575
2025-11-08 01:25:17.554219,Hong Kong,74,36.924,65.048
2025-11-08 02:25:17.554219,Hong Kong,152,27.999,77.439
2025-11-08 03:25:17.554219,Hong Kong,126,37.942,83.518
2025-11-08 04:25:17.554219,Hong Kong,107,24.403,49.761
2025-11-08 05:25:17.554219,Hong Kong,123,37.918,25.089
2025-11-08 06:25:17.554219,Hong Kong,74,17.342,71.681
2025-11-08 07:25:17.554219,Hong Kong,81,30.613,55.451
2025-11-08 08:25:17.554219,Hong Kong,116,9.355,86.42
2025-11-08 09:25:17.554219,Hong Kong,101,28.886,46.784
2025-11-08 10:25:17.554219,Hong Kong,102,19.277,42.887
2025-11-08 11:25:17.554219,Hong Kong,131,6.455,60.95
2025-11-08 12:25:17.554219,Hong Kong,112,14.961,76.587
2025-11-08 13:25:17.554219,Hong Kong,101,7.239,37.887
2025-11-08 14:25:17.554219,Hong Kong,88,12.471,82.147
2025-11-08 15:25:17.554219,Hong Kong,119,12.232,85.684
2025-11-08 16:25:17.554219,Hong Kong,121,8.927,47.279
2025-11-08 17:25:17.554219,Hong Kong,101,5.703,38.805
2025-11-08 18:25:17.554219,Hong Kong,88,34.301,51.209
2025-11-08 19:25:17.554219,Hong Kong,105,35.843,61.944
2025-11-08 20:25:17.554219,Hong Kong,83,27.748,37.38
2025-11-08 21:25:17.554219,Hong Kong,88,33.819,58.774
2025-11-08 22:25:17.554219,Hong Kong,150,37.717,36.319
2025-11-08 23:25:17.554219,Hong Kong,103,19.59,41.183
2025-11-09 00:25:17.554219,Hong Kong,95,15.415,79.838
2025-11-09 01:25:17.554219,Hong Kong,98,23.504,76.802
2025-11-09 02:25:17.554219,Hong Kong,113,15.085,47.044
2025-11-09 03:25:17.554219,Hong Kong,129,5.739,86.879
2025-11-09 04:25:17.554219,Hong Kong,90,34.72,31.577
2025-11-09 05:25:17.554219,Hong Kong,115,5.869,58.006
2025-11-09 06:25:17.554219,Hong Kong,121,34.25,74.119
2025-11-09 07:25:17.554219,Hong Kong,73,8.682,47.438
2025-11-09 08:25:17.554219,Hong Kong,134,37.819,48.255
2025-11-09 09:25:17.554219,Hong Kong,88,8.305,84.854
2025-11-09 10:25:17.554219,Hong Kong,127,26.901,66.25
2025-11-09 11:25:17.554219,Hong Kong,117,33.807,55.434
2025-11-09 12:25:17.554219,Hong Kong,136,9.21,67.318
2025-11-09 13:25:17.554219,Hong Kong,114,34.493,27.875
2025-11-09 14:25:17.554219,Hong Kong,101,28.442,76.397
2025-11-09 15:25:17.554219,Hong Kong,74,37.886,70.439
2025-11-09 16:25:17.554219,Hong Kong,120,8.507,74.886
2025-11-09 17:25:17.554219,Hong Kong,67,21.119,71.781
2025-11-09 18:25:17.554219,Hong Kong,71,27.539,32.333
2025-11-09 19:25:17.554219,Hong Kong,102,30.859,37.743
2025-11-09 20:25:17.554219,Hong Kong,103,35.63,70.918
2025-11-09 21:25:17.554219,Hong Kong,99,14.93,44.622
2025-11-09 22:25:17.554219,Hong Kong,123,34.091,61.564
2025-11-09 23:25:17.554219,Hong Kong,80,25.538,58.322
2025-11-10 00:25:17.554219,Hong Kong,56,14.367,65.613
2025-11-10 01:25:17.554219,Hong Kong,99,26.382,59.545
2025-11-10 02:25:17.554219,Hong Kong,121,37.168,53.787
2025-11-10 03:25:17.554219,Hong Kong,126,15.602,89.906
2025-11-10 04:25:17.554219,Hong Kong,109,7.711,52.913
2025-11-10 05:25:17.554219,Hong Kong,67,7.354,89.899
2025-11-10 06:25:17.554219,Hong Kong,97,23.619,56.902
2025-11-10 07:25:17.554219,Hong Kong,134,13.48,31.451
2025-11-10 08:25:17.554219,Hong Kong,127,18.63,89.166
2025-11-10 09:25:17.554219,Hong Kong,84,19.178,42.883
2025-11-10 10:25:17.554219,Hong Kong,119,10.123,34.396
2025-11-10 11:25:17.554219,Hong Kong,100,34.284,29.941
2025-11-10 12:25:17.554219,Hong Kong,95,33.038,47.415
2025-11-10 13:25:17.554219,Hong Kong,69,16.602,62.415
2025-11-10 14:25:17.554219,Hong Kong,118,10.697,82.723
2025-11-10 15:25:17.554219,Hong Kong,192,26.493,81.135
2025-11-10 16:25:17.554219,Hong Kong,100,9.243,77.885
2025-11-10 17:25:17.554219,Hong Kong,58,7.929,28.412
2025-11-10 18:25:17.554219,Hong Kong,107,8.39,54.055
2025-11-10 19:25:17.554219,Hong Kong,125,17.648,80.296
2025-11-10 20:25:17.554219,Hong Kong,103,16.574,42.724
2025-11-10 21:25:17.554219,Hong Kong,133,6.216,81.962
2025-11-10 22:25:17.554219,Hong Kong,115,12.856,89.653
2025-11-10 23:25:17.554219,Hong Kong,84,12.646,79.609
2025-11-11 00:25:17.554219,Hong Kong,69,19.002,75.378
2025-11-11 01:25:17.554219,Hong Kong,107,37.143,25.204
2025-11-11 02:25:17.554219,Hong Kong,122,13.083,70.871
2025-11-11 03:25:17.554219,Hong Kong,84,19.231,37.104
2025-11-11 04:25:17.554219,Hong Kong,114,11.173,87.13
2025-11-11 05:25:17.554219,Hong Kong,105,29.191,76.443
2025-11-11 06:25:17.554219,Hong Kong,86,30.952,83.531
2025-11-11 07:25:17.554219,Hong Kong,103,27.257,65.681
2025-11-11 08:25:17.554219,Hong Kong,103,22.577,39.197
2025-11-11 09:25:17.554219,Hong Kong,73,9.378,25.106
2025-11-11 10:25:17.554219,Hong Kong,76,20.315,45.465
2025-11-11 11:25:17.554219,Hong Kong,119,23.557,29.509
2025-11-11 12:25:17.554219,Hong Kong,155,10.187,46.728
2025-11-11 13:25:17.554219,Hong Kong,113,12.126,77.959
2025-11-11 14:25:17.554219,Hong Kong,117,26.93,62.58
2025-11-11 15:25:17.554219,Hong Kong,160,19.493,46.947
2025-11-11 16:25:17.554219,Hong Kong,100,21.262,43.842
2025-11-11 17:25:17.554219,Hong Kong,125,28.467,31.101
2025-11-11 18:25:17.554219,Hong Kong,144,13.975,34.893
2025-11-11 19:25:17.554219,Hong Kong,118,29.82,73.415
2025-11-11 20:25:17.554219,Hong Kong,97,14.276,46.872
2025-11-11 21:25:17.554219,Hong Kong,82,17.34,53.417
2025-11-11 22:25:17.554219,Hong Kong,86,31.543,63.622
2025-11-11 23:25:17.554219,Hong Kong,57,21.129,47.191
2025-11-12 00:25:17.554219,Hong Kong,124,28.007,26.817
2025-11-12 01:25:17.554219,Hong Kong,105,25.815,78.158
2025-11-12 02:25:17.554219,Hong Kong,82,31.209,83.655
2025-11-12 03:25:17.554219,Hong Kong,84,33.126,80.228
2025-11-12 04:25:17.554219,Hong Kong,62,24.428,81.941
2025-11-12 05:25:17.554219,Hong Kong,107,22.581,71.594
2025-11-12 06:25:17.554219,Hong Kong,103,9.099,69.242
2025-11-12 07:25:17.554219,Hong Kong,117,32.575,76.768
2025-11-12 08:25:17.554219,Hong Kong,108,8.512,65.937
2025-11-12 09:25:17.554219,Hong Kong,68,5.727,26.91
2025-11-12 10:25:17.554219,Hong Kong,99,37.182,34.852
2025-11-12 11:25:17.554219,Hong Kong,115,31.921,29.138
2025-11-12 12:25:17.554219,Hong Kong,90,24.484,74.885
2025-11-12 13:25:17.554219,Hong Kong,77,25.967,88.228
2025-11-12 14:25:17.554219,Hong Kong,127,20.047,67.914
2025-11-12 15:25:17.554219,Hong Kong,102,16.378,76.486
2025-11-12 16:25:17.554219,Hong Kong,85,14.191,80.779
2025-11-12 17:25:17.554219,Hong Kong,112,35.82,31.359
2025-11-12 18:25:17.554219,Hong Kong,56,8.238,78.857
2025-11-12 19:25:17.554219,Hong Kong,90,20.038,53.446
2025-11-12 20:25:17.554219,Hong Kong,88,18.186,89.651
2025-11-12 21:25:17.554219,Hong Kong,144,21.863,43.587
2025-11-12 22:25:17.554219,Hong Kong,74,27.954,55.938
2025-11-12 23:25:17.554219,Hong Kong,89,23.897,34.167
2025-11-13 00:25:17.554219,Hong Kong,185,23.563,47.992
2025-11-13 01:25:17.554219,Hong Kong,68,6.08,72.415
2025-11-13 02:25:17.554219,Hong Kong,74,18.301,41.101
2025-11-13 03:25:17.554219,Hong Kong,108,22.166,73.155
2025-11-13 04:25:17.554219,Hong Kong,131,12.396,39.187
2025-11-13 05:25:17.554219,Hong Kong,94,11.951,51.055
2025-11-13 06:25:17.554219,Hong Kong,118,22.913,73.796
2025-11-13 07:25:17.554219,Hong Kong,90,11.116,51.427
2025-11-13 08:25:17.554219,Hong Kong,81,19.294,76.978
2025-11-13 09:25:17.554219,Hong Kong,79,33.862,27.449
2025-11-13 10:25:17.554219,Hong Kong,87,15.774,78.333
2025-11-13 11:25:17.554219,Hong Kong,97,22.018,84.319
2025-11-13 12:25:17.554219,Hong Kong,119,35.244,60.799
2025-11-13 13:25:17.554219,Hong Kong,75,29.699,88.587
2025-11-13 14:25:17.554219,Hong Kong,89,16.586,39.799
2025-11-13 15:25:17.554219,Hong Kong,78,7.159,30.817
2025-11-13 16:25:17.554219,Hong Kong,100,12.271,53.041
2025-11-13 17:25:17.554219,Hong Kong,104,22.306,79.258
2025-11-13 18:25:17.554219,Hong Kong,134,23.248,45.132
2025-11-13 19:25:17.554219,Hong Kong,103,5.526,32.724
2025-11-13 20:25:17.554219,Hong Kong,118,33.002,28.759
2025-11-13 21:25:17.554219,Hong Kong,95,28.266,84.045
2025-11-13 22:25:17.554219,Hong Kong,114,30.89,79.143
2025-11-13 23:25:17.554219,Hong Kong,119,13,70.595
2025-11-14 00:25:17.554219,Hong Kong,145,16.852,50.873
2025-11-14 01:25:17.554219,Hong Kong,101,11.08,40.394
2025-11-14 02:25:17.554219,Hong Kong,64,25.382,27.889
2025-11-14 03:25:17.554219,Hong Kong,114,25.545,77.855
2025-11-14 04:25:17.554219,Hong Kong,101,21.889,35.374
2025-11-14 05:25:17.554219,Hong Kong,115,6.153,72.882
2025-11-14 06:25:17.554219,Hong Kong,100,21.367,37.144
2025-11-14 07:25:17.554219,Hong Kong,86,25.798,53.959
2025-11-14 08:25:17.554219,Hong Kong,56,26.726,30.659
2025-11-14 09:25:17.554219,Hong Kong,91,33.4,57.67
2025-11-14 10:25:17.554219,Hong Kong,91,29.067,26.485
2025-11-14 11:25:17.554219,Hong Kong,80,9.104,82.02
2025-11-14 12:25:17.554219,Hong Kong,73,31.468,35.485
2025-11-14 13:25:17.554219,Hong Kong,114,15.985,38.369
2025-11-14 14:25:17.554219,Hong Kong,88,30.766,42.961
2025-11-14 15:25:17.554219,Hong Kong,98,35.186,57.033
2025-11-14 16:25:17.554219,Hong Kong,85,13.14,75.068
2025-11-14 17:25:17.554219,Hong Kong,113,26.705,76.019
2025-11-14 18:25:17.554219,Hong Kong,88,16.322,76.697
2025-11-14 19:25:17.554219,Hong Kong,104,21.126,77.336
2025-11-14 20:25:17.554219,Hong Kong,85,32.539,68.088
2025-11-14 21:25:17.554219,Hong Kong,121,35.042,28.541
2025-11-14 22:25:17.554219,Hong Kong,94,29.723,76.792
2025-11-14 23:25:17.554219,Hong Kong,114,20.973,85.853
2025-11-15 00:25:17.554219,Hong Kong,103,11.204,85.877
2025-11-15 01:25:17.554219,Hong Kong,146,16.528,80.046
2025-11-15 02:25:17.554219,Hong Kong,103,7.553,87.754
2025-11-15 03:25:17.554219,Hong Kong,114,5.703,73.339
2025-11-15 04:25:17.554219,Hong Kong,134,12.06,66.351
2025-11-15 05:25:17.554219,Hong Kong,102,9.23,62.788
2025-11-15 06:25:17.554219,Hong Kong,106,18.569,57.026
2025-11-15 07:25:17.554219,Hong Kong,82,16.835,82.176
2025-11-15 08:25:17.554219,Hong Kong,133,34.538,53.129
2025-11-15 09:25:17.554219,Hong Kong,64,8.212,31.921
2025-11-15 10:25:17.554219,Hong Kong,67,14.286,44.785
2025-11-15 11:25:17.554219,Hong Kong,107,5.701,75.044
2025-11-15 12:25:17.554219,Hong Kong,106,25.62,66.183
2025-11-15 13:25:17.554219,Hong Kong,128,11.522,43.533
2025-11-15 14:25:17.554219,Hong Kong,131,35.707,54.11
2025-11-15 15:25:17.554219,Hong Kong,72,37.189,49.848
2025-11-15 16:25:17.554219,Hong Kong,85,15.056,37.139
2025-11-15 17:25:17.554219,Hong Kong,123,28.096,87.215
2025-11-15 18:25:17.554219,Hong Kong,84,11.598,25.368
2025-11-15 19:25:17.554219,Hong Kong,104,13.27,54.6
2025-11-15 20:25:17.554219,Hong Kong,119,8.462,71.219
2025-11-15 21:25:17.554219,Hong Kong,84,18.041,56.751
2025-11-15 22:25:17.554219,Hong Kong,127,35.222,83.024
2025-11-15 23:25:17.554219,Hong Kong,84,17.062,66.485
2025-11-16 00:25:17.554219,Hong Kong,102,26.346,31.543
2025-11-16 01:25:17.554219,Hong Kong,92,23.114,61.516
2025-11-16 02:25:17.554219,Hong Kong,133,16.81,81.136
2025-11-16 03:25:17.554219,Hong Kong,104,16.439,41.231
2025-11-16 04:25:17.554219,Hong Kong,111,21.245,68
2025-11-16 05:25:17.554219,Hong Kong,105,5.067,68.535
2025-11-16 06:25:17.554219,Hong Kong,80,8.709,40.867
2025-11-16 07:25:17.554219,Hong Kong,183,19.838,41.861
2025-11-16 08:25:17.554219,Hong Kong,115,32.917,26.959
2025-11-16 09:25:17.554219,Hong Kong,127,22.753,68.098
2025-11-16 10:25:17.554219,Hong Kong,106,18.359,82.058
2025-11-16 11:25:17.554219,Hong Kong,72,31.212,54.02
2025-11-16 12:25:17.554219,Hong Kong,69,15.63,34.558
2025-11-16 13:25:17.554219,Hong Kong,124,6.22,33.514
2025-11-16 14:25:17.554219,Hong Kong,117,23.519,31.724
2025-11-16 15:25:17.554219,Hong Kong,75,8.706,51.693
2025-11-16 16:25:17.554219,Hong Kong,100,12.793,27.524
2025-11-16 17:25:17.554219,Hong Kong,76,19.192,78.243
2025-11-16 18:25:17.554219,Hong Kong,104,35.802,54.834
2025-11-16 19:25:17.554219,Hong Kong,125,36.102,47.647
2025-11-16 20:25:17.554219,Hong Kong,102,37.259,75.583
2025-11-16 21:25:17.554219,Hong Kong,96,7.204,54.799
2025-11-16 22:25:17.554219,Hong Kong,118,33.735,76.425
2025-11-16 23:25:17.554219,Hong Kong,99,27.714,28.251
2025-11-17 00:25:17.554219,Hong Kong,122,23.321,29.27
2025-11-17 01:25:17.554219,Hong Kong,115,28.349,28.843
2025-11-17 02:25:17.554219,Hong Kong,98,30.997,47.327
2025-11-17 03:25:17.554219,Hong Kong,80,16.493,32.759
2025-11-17 04:25:17.554219,Hong Kong,149,17.065,44.911
2025-11-17 05:25:17.554219,Hong Kong,82,25.964,62.736
2025-11-17 06:25:17.554219,Hong Kong,104,16.366,85.749
2025-11-17 07:25:17.554219,Hong Kong,90,14.672,29.944
2025-11-17 08:25:17.554219,Hong Kong,106,11.972,56.616
2025-11-17 09:25:17.554219,Hong Kong,114,19.975,88.769
2025-11-17 10:25:17.554219,Hong Kong,112,23.659,67.41
2025-11-17 11:25:17.554219,Hong Kong,100,7.509,45.105
2025-11-17 12:25:17.554219,Hong Kong,152,24.115,37.212
2025-11-17 13:25:17.554219,Hong Kong,109,27.302,37.739
2025-11-17 14:25:17.554219,Hong Kong,94,22.892,40.991
2025-11-17 15:25:17.554219,Hong Kong,118,7.135,29.225
2025-11-17 16:25:17.554219,Hong Kong,117,12.794,77.704
2025-11-17 17:25:17.554219,Hong Kong,93,25.819,41.749
2025-11-17 18:25:17.554219,Hong Kong,80,13.822,54.334
2025-11-17 19:25:17.554219,Hong Kong,87,8.173,38.798
2025-11-17 20:25:17.554219,Hong Kong,113,13.392,37.634
2025-11-17 21:25:17.554219,Hong Kong,127,29.797,77.329
2025-11-17 22:25:17.554219,Hong Kong,93,23.08,69.68
2025-11-17 23:25:17.554219,Hong Kong,110,5.433,89.587
2025-11-18 00:25:17.554219,Hong Kong,79,15.046,31.07
2025-11-18 01:25:17.554219,Hong Kong,85,20.535,39.613
2025-11-18 02:25:17.554219,Hong Kong,77,20.061,80.384
2025-11-18 03:25:17.554219,Hong Kong,92,36.623,39.884
2025-11-18 04:25:17.554219,Hong Kong,131,30.037,70.877
2025-11-18 05:25:17.554219,Hong Kong,153,8.418,33.826
2025-11-18 06:25:17.554219,Hong Kong,117,20.048,73.504
2025-11-18 07:25:17.554219,Hong Kong,108,13.65,78.429
2025-11-18 08:25:17.554219,Hong Kong,108,9.469,85.099
2025-11-18 09:25:17.554219,Hong Kong,101,37.147,64.509
2025-11-18 10:25:17.554219,Hong Kong,143,20.709,74.422
2025-11-18 11:25:17.554219,Hong Kong,126,32.044,62.88
2025-11-18 12:25:17.554219,Hong Kong,141,8.158,75.336
2025-11-18 13:25:17.554219,Hong Kong,88,30.864,79.741
2025-11-18 14:25:17.554219,Hong Kong,87,32.43,50.25
2025-11-18 15:25:17.554219,Hong Kong,150,30.03,29.498
2025-11-18 16:25:17.554219,Hong Kong,98,11.576,83.841
2025-11-18 17:25:17.554219,Hong Kong,132,31.493,40.807
2025-11-18 18:25:17.554219,Hong Kong,96,7.879,40.89
2025-11-18 19:25:17.554219,Hong Kong,95,15.912,81.996
2025-11-18 20:25:17.554219,Hong Kong,97,31.027,74.8
2025-11-18 21:25:17.554219,Hong Kong,106,36.115,35.136
2025-11-18 22:25:17.554219,Hong Kong,84,27.938,68.77
2025-11-18 23:25:17.554219,Hong Kong,115,15.467,70.713
2025-11-19 00:25:17.554219,Hong Kong,79,26.607,89.638
2025-11-19 01:25:17.554219,Hong Kong,90,34.024,31.378
2025-11-19 02:25:17.554219,Hong Kong,99,21.17,88.785
2025-11-19 03:25:17.554219,Hong Kong,127,5.988,86.582
2025-11-19 04:25:17.554219,Hong Kong,57,24.563,81.847
2025-11-19 05:25:17.554219,Hong Kong,94,29.258,31.548
2025-11-19 06:25:17.554219,Hong Kong,130,16.17,46.028
2025-11-19 07:25:17.554219,Hong Kong,86,37.401,74.36
2025-11-19 08:25:17.554219,Hong Kong,60,25.843,80.576
2025-11-19 09:25:17.554219,Hong Kong,103,35.145,31.925
2025-11-19 10:25:17.554219,Hong Kong,77,23.487,61.714
2025-11-19 11:25:17.554219,Hong Kong,87,9.209,56.791
2025-11-19 12:25:17.554219,Hong Kong,106,21.554,30.684
2025-11-19 13:25:17.554219,Hong Kong,59,25.014,55.809
2025-11-19 14:25:17.554219,Hong Kong,125,26.385,60.824
2025-11-19 15:25:17.554219,Hong Kong,109,10.434,56.592
2025-11-19 16:25:17.554219,Hong Kong,92,37.858,72.505
2025-11-19 17:25:17.554219,Hong Kong,83,36.834,44.699
2025-11-04 18:25:17.554219,Singapore,78,17.079,83.612
2025-11-04 19:25:17.554219,Singapore,74,23.597,63.497
2025-11-04 20:25:17.554219,Singapore,77,18.811,89.246
2025-11-04 21:25:17.554219,Singapore,110,31.165,88.804
2025-11-04 22:25:17.554219,Singapore,62,28.641,28.685
2025-11-04 23:25:17.554219,Singapore,106,27.599,86.429
2025-11-05 00:25:17.554219,Singapore,82,27.822,87.523
2025-11-05 01:25:17.554219,Singapore,99,9.788,26.653
2025-11-05 02:25:17.554219,Singapore,169,7.663,60.853
2025-11-05 03:25:17.554219,Singapore,108,10.448,61.472
2025-11-05 04:25:17.554219,Singapore,91,5.481,32.578
2025-11-05 05:25:17.554219,Singapore,83,15.587,59.878
2025-11-05 06:25:17.554219,Singapore,112,14.999,59.843
2025-11-05 07:25:17.554219,Singapore,115,35.46,61.458
2025-11-05 08:25:17.554219,Singapore,117,30.328,64.714
2025-11-05 09:25:17.554219,Singapore,68,15.429,25.63
2025-11-05 10:25:17.554219,Singapore,95,31.16,39.657
2025-11-05 11:25:17.554219,Singapore,118,27.127,36.023
2025-11-05 12:25:17.554219,Singapore,142,15.436,54.866
2025-11-05 13:25:17.554219,Singapore,116,31.653,33.404
2025-11-05 14:25:17.554219,Singapore,132,5.053,47.094
2025-11-05 15:25:17.554219,Singapore,85,22.31,64.436
2025-11-05 16:25:17.554219,Singapore,104,9.421,75.765
2025-11-05 17:25:17.554219,Singapore,193,21.696,78.15
2025-11-05 18:25:17.554219,Singapore,162,30.157,43.837
2025-11-05 19:25:17.554219,Singapore,164,29.486,48.975
2025-11-05 20:25:17.554219,Singapore,119,30.909,77.681
2025-11-05 21:25:17.554219,Singapore,99,37.477,37.217
2025-11-05 22:25:17.554219,Singapore,91,9.024,69.752
2025-11-05 23:25:17.554219,Singapore,146,26.925,59.976
2025-11-06 00:25:17.554219,Singapore,115,20.659,42.717
2025-11-06 01:25:17.554219,Singapore,110,14.356,33.499
2025-11-06 02:25:17.554219,Singapore,97,11.171,46.739
2025-11-06 03:25:17.554219,Singapore,84,24.589,74.674
2025-11-06 04:25:17.554219,Singapore,90,5.445,25.121
2025-11-06 05:25:17.554219,Singapore,118,5.169,50.292
2025-11-06 06:25:17.554219,Singapore,81,7.834,63.668
2025-11-06 07:25:17.554219,Singapore,101,25.384,71.929
2025-11-06 08:25:17.554219,Singapore,79,34.301,87.171
2025-11-06 09:25:17.554219,Singapore,159,15.748,68.147
2025-11-06 10:25:17.554219,Singapore,113,35.91,51.078
2025-11-06 11:25:17.554219,Singapore,89,25.504,58.956
2025-11-06 12:25:17.554219,Singapore,69,25.156,34.632
2025-11-06 13:25:17.554219,Singapore,119,8.242,57.329
2025-11-06 14:25:17.554219,Singapore,92,37.699,38.639
2025-11-06 15:25:17.554219,Singapore,98,10.992,82.056
2025-11-06 16:25:17.554219,Singapore,97,35.251,85.997
2025-11-06 17:25:17.554219,Singapore,90,11.073,73.337
2025-11-06 18:25:17.554219,Singapore,106,37.007,75.929
2025-11-06 19:25:17.554219,Singapore,71,31.296,87.863
2025-11-06 20:25:17.554219,Singapore,68,5.351,42.112
2025-11-06 21:25:17.554219,Singapore,99,10.179,85.678
2025-11-06 22:25:17.554219,Singapore,156,27.612,52.51
2025-11-06 23:25:17.554219,Singapore,78,18.279,65.202
2025-11-07 00:25:17.554219,Singapore,91,22.522,37.81
2025-11-07 01:25:17.554219,Singapore,107,9.006,79.101
2025-11-07 02:25:17.554219,Singapore,94,24.1,76.936
2025-11-07 03:25:17.554219,Singapore,128,30.4,71.295
2025-11-07 04:25:17.554219,Singapore,72,5.574,44.893
2025-11-07 05:25:17.554219,Singapore,95,14.892,25.622
2025-11-07 06:25:17.554219,Singapore,128,33.101,28.768
2025-11-07 07:25:17.554219,Singapore,126,24.385,46.071
2025-11-07 08:25:17.554219,Singapore,112,27.057,49.524
2025-11-07 09:25:17.554219,Singapore,147,29.117,71.61
2025-11-07 10:25:17.554219,Singapore,88,30.429,84.587
2025-11-07 11:25:17.554219,Singapore,127,36.26,74.004
2025-11-07 12:25:17.554219,Singapore,97,15.253,46.685
2025-11-07 13:25:17.554219,Singapore,144,25.442,74.322
2025-11-07 14:25:17.554219,Singapore,112,19.757,56.428
2025-11-07 15:25:17.554219,Singapore,110,5.56,75.62
2025-11-07 16:25:17.554219,Singapore,147,16.846,26.26
2025-11-07 17:25:17.554219,Singapore,144,33.22,84.653
2025-11-07 18:25:17.554219,Singapore,133,17.434,79.648
2025-11-07 19:25:17.554219,Singapore,155,34.035,58.901
2025-11-07 20:25:17.554219,Singapore,107,7.485,68.631
2025-11-07 21:25:17.554219,Singapore,155,19.189,70.888
2025-11-07 22:25:17.554219,Singapore,86,12.516,43.932
2025-11-07 23:25:17.554219,Singapore,138,34.757,89.106
2025-11-08 00:25:17.554219,Singapore,131,32.119,64.161
2025-11-08 01:25:17.554219,Singapore,100,34.277,52.642
2025-11-08 02:25:17.554219,Singapore,76,16.12,58.633
2025-11-08 03:25:17.554219,Singapore,68,12.204,62.025
2025-11-08 04:25:17.554219,Singapore,109,22.806,76.732
2025-11-08 05:25:17.554219,Singapore,119,23.265,67.327
2025-11-08 06:25:17.554219,Singapore,85,20.383,64.739
2025-11-08 07:25:17.554219,Singapore,144,15.065,34.891
2025-11-08 08:25:17.554219,Singapore,142,11.344,83.192
2025-11-08 09:25:17.554219,Singapore,70,23.708,34.061
2025-11-08 10:25:17.554219,Singapore,89,31.77,41.863
2025-11-08 11:25:17.554219,Singapore,90,14.663,51.724
2025-11-08 12:25:17.554219,Singapore,53,37.69,65.639
2025-11-08 13:25:17.554219,Singapore,54,17.829,68.882
2025-11-08 14:25:17.554219,Singapore,138,32.563,28.721
2025-11-08 15:25:17.554219,Singapore,85,29.684,69.445
2025-11-08 16:25:17.554219,Singapore,59,36.988,54.202
2025-11-08 17:25:17.554219,Singapore,89,14.205,78.525
2025-11-08 18:25:17.554219,Singapore,120,23.309,55.627
2025-11-08 19:25:17.554219,Singapore,125,9.385,84.458
2025-11-08 20:25:17.554219,Singapore,155,13.711,88.867
2025-11-08 21:25:17.554219,Singapore,105,13.25,34.838
2025-11-08 22:25:17.554219,Singapore,101,14.888,83.296
2025-11-08 23:25:17.554219,Singapore,73,9.301,74.22
2025-11-09 00:25:17.554219,Singapore,93,27.589,70.899
2025-11-09 01:25:17.554219,Singapore,95,37.349,81.25
2025-11-09 02:25:17.554219,Singapore,96,11.765,27.292
2025-11-09 03:25:17.554219,Singapore,108,37.341,38.412
2025-11-09 04:25:17.554219,Singapore,67,26.832,59.38
2025-11-09 05:25:17.554219,Singapore,94,6.025,83.623
2025-11-09 06:25:17.554219,Singapore,136,11.482,69.772
2025-11-09 07:25:17.554219,Singapore,103,14.486,54.152
2025-11-09 08:25:17.554219,Singapore,112,10.059,80.539
2025-11-09 09:25:17.554219,Singapore,139,19.966,37.255
2025-11-09 10:25:17.554219,Singapore,95,32.969,87.322
2025-11-09 11:25:17.554219,Singapore,102,24.724,76.776
2025-11-09 12:25:17.554219,Singapore,101,16.621,56.973
2025-11-09 13:25:17.554219,Singapore,109,25.182,58.041
2025-11-09 14:25:17.554219,Singapore,101,14.523,73.474
2025-11-09 15:25:17.554219,Singapore,111,16.205,73.166
2025-11-09 16:25:17.554219,Singapore,145,28.402,28.581
2025-11-09 17:25:17.554219,Singapore,43,6.408,62.255
2025-11-09 18:25:17.554219,Singapore,101,33.834,65.286
2025-11-09 19:25:17.554219,Singapore,41,24.544,49.37
2025-11-09 20:25:17.554219,Singapore,110,27.054,48.426
2025-11-09 21:25:17.554219,Singapore,116,18.964,70.15
2025-11-09 22:25:17.554219,Singapore,93,17.904,28.883
2025-11-09 23:25:17.554219,Singapore,131,31.143,47.141
2025-11-10 00:25:17.554219,Singapore,86,25.114,54.33
2025-11-10 01:25:17.554219,Singapore,156,7.254,86.5
2025-11-10 02:25:17.554219,Singapore,77,8.607,55.626
2025-11-10 03:25:17.554219,Singapore,98,7.744,81.661
2025-11-10 04:25:17.554219,Singapore,61,30,51.307
2025-11-10 05:25:17.554219,Singapore,102,17.836,58.974
2025-11-10 06:25:17.554219,Singapore,115,8.376,56.843
2025-11-10 07:25:17.554219,Singapore,126,27.483,80.087
2025-11-10 08:25:17.554219,Singapore,101,23.885,26.518
2025-11-10 09:25:17.554219,Singapore,74,22.595,86.092
2025-11-10 10:25:17.554219,Singapore,102,14.018,36.794
2025-11-10 11:25:17.554219,Singapore,82,15.12,82.933
2025-11-10 12:25:17.554219,Singapore,70,8.772,73.858
2025-11-10 13:25:17.554219,Singapore,89,15.634,39.464
2025-11-10 14:25:17.554219,Singapore,152,8.642,39.805
2025-11-10 15:25:17.554219,Singapore,118,31.547,33.782
2025-11-10 16:25:17.554219,Singapore,67,35.437,43.791
2025-11-10 17:25:17.554219,Singapore,66,17.356,38.557
2025-11-10 18:25:17.554219,Singapore,90,17.745,60.115
2025-11-10 19:25:17.554219,Singapore,145,29.395,58.777
2025-11-10 20:25:17.554219,Singapore,109,27.51,50.601
2025-11-10 21:25:17.554219,Singapore,109,7.268,51.241
2025-11-10 22:25:17.554219,Singapore,113,14.634,81.58
2025-11-10 23:25:17.554219,Singapore,99,19.767,63.75
2025-11-11 00:25:17.554219,Singapore,174,21.382,37.828
2025-11-11 01:25:17.554219,Singapore,77,11.877,33.014
2025-11-11 02:25:17.554219,Singapore,64,36.015,59.539
2025-11-11 03:25:17.554219,Singapore,101,25.156,68.532
2025-11-11 04:25:17.554219,Singapore,93,5.276,87.75
2025-11-11 05:25:17.554219,Singapore,112,21.475,77.845
2025-11-11 06:25:17.554219,Singapore,107,13.734,81.001
2025-11-11 07:25:17.554219,Singapore,124,23.153,62.719
2025-11-11 08:25:17.554219,Singapore,117,12.419,32.409
2025-11-11 09:25:17.554219,Singapore,105,37.529,25.796
2025-11-11 10:25:17.554219,Singapore,94,7.321,35.778
2025-11-11 11:25:17.554219,Singapore,77,8.065,77.72
2025-11-11 12:25:17.554219,Singapore,111,34.388,89.819
2025-11-11 13:25:17.554219,Singapore,153,37.236,73.606
2025-11-11 14:25:17.554219,Singapore,112,15.38,55.765
2025-11-11 15:25:17.554219,Singapore,123,8.382,75.928
2025-11-11 16:25:17.554219,Singapore,151,37.414,72.47
2025-11-11 17:25:17.554219,Singapore,98,5.892,46.698
2025-11-11 18:25:17.554219,Singapore,98,12.999,79.374
2025-11-11 19:25:17.554219,Singapore,91,9.906,78.408
2025-11-11 20:25:17.554219,Singapore,83,33.393,45.06
2025-11-11 21:25:17.554219,Singapore,94,6.639,53.595
2025-11-11 22:25:17.554219,Singapore,97,34.594,32.757
2025-11-11 23:25:17.554219,Singapore,59,26.864,52.944
2025-11-12 00:25:17.554219,Singapore,132,10.059,84.168
2025-11-12 01:25:17.554219,Singapore,56,16.922,87.31
2025-11-12 02:25:17.554219,Singapore,116,34.555,34.342
2025-11-12 03:25:17.554219,Singapore,95,17.737,84.599
2025-11-12 04:25:17.554219,Singapore,83,26.923,26.886
2025-11-12 05:25:17.554219,Singapore,123,23.567,87.729
2025-11-12 06:25:17.554219,Singapore,118,35.785,36.572
2025-11-12 07:25:17.554219,Singapore,132,36.721,43.403
2025-11-12 08:25:17.554219,Singapore,130,24.905,68.433
2025-11-12 09:25:17.554219,Singapore,122,20.353,43.412
2025-11-12 10:25:17.554219,Singapore,101,26.661,59.06
2025-11-12 11:25:17.554219,Singapore,126,10.29,78.522
2025-11-12 12:25:17.554219,Singapore,122,10.284,30.957
2025-11-12 13:25:17.554219,Singapore,109,15.774,34.348
2025-11-12 14:25:17.554219,Singapore,74,36.897,34.931
2025-11-12 15:25:17.554219,Singapore,130,21.008,82.682
2025-11-12 16:25:17.554219,Singapore,128,16.007,36.087
2025-11-12 17:25:17.554219,Singapore,183,5.644,83.14
2025-11-12 18:25:17.554219,Singapore,99,31.76,81.768
2025-11-12 19:25:17.554219,Singapore,123,29.251,45.785
2025-11-12 20:25:17.554219,Singapore,145,18.147,34.966
2025-11-12 21:25:17.554219,Singapore,83,5.03,73.695
2025-11-12 22:25:17.554219,Singapore,102,33.757,79.892
2025-11-12 23:25:17.554219,Singapore,107,27.562,84.319
2025-11-13 00:25:17.554219,Singapore,63,15.521,74.558
2025-11-13 01:25:17.554219,Singapore,82,28.269,33.136
2025-11-13 02:25:17.554219,Singapore,127,17.007,28.524
2025-11-13 03:25:17.554219,Singapore,87,33.195,62.307
2025-11-13 04:25:17.554219,Singapore,86,17.422,77.13
2025-11-13 05:25:17.554219,Singapore,105,37.181,60.453
2025-11-13 06:25:17.554219,Singapore,88,15.794,79.012
2025-11-13 07:25:17.554219,Singapore,101,35.977,55.01
2025-11-13 08:25:17.554219,Singapore,80,31.841,27.706
2025-11-13 09:25:17.554219,Singapore,92,12.82,31.434
2025-11-13 10:25:17.554219,Singapore,127,9.168,61.797
2025-11-13 11:25:17.554219,Singapore,99,17.219,25.78
2025-11-13 12:25:17.554219,Singapore,84,8.801,25.893
2025-11-13 13:25:17.554219,Singapore,70,20.96,81.431
2025-11-13 14:25:17.554219,Singapore,126,34.838,71.766
2025-11-13 15:25:17.554219,Singapore,87,35.972,60.873
2025-11-13 16:25:17.554219,Singapore,117,8.622,51.428
2025-11-13 17:25:17.554219,Singapore,73,25.51,50.819
2025-11-13 18:25:17.554219,Singapore,128,20.936,47.345
2025-11-13 19:25:17.554219,Singapore,154,27.051,71.677
2025-11-13 20:25:17.554219,Singapore,97,32.776,58.453
2025-11-13 21:25:17.554219,Singapore,104,18.468,46.895
2025-11-13 22:25:17.554219,Singapore,98,15.39,68.557
2025-11-13 23:25:17.554219,Singapore,104,12.435,42.229
2025-11-14 00:25:17.554219,Singapore,101,14.867,77.698
2025-11-14 01:25:17.554219,Singapore,113,30.896,47.633
2025-11-14 02:25:17.554219,Singapore,117,32.926,65.331
2025-11-14 03:25:17.554219,Singapore,82,13.789,62.02
2025-11-14 04:25:17.554219,Singapore,120,8.594,52.143
2025-11-14 05:25:17.554219,Singapore,99,6.587,60.577
2025-11-14 06:25:17.554219,Singapore,90,11.174,65.266
2025-11-14 07:25:17.554219,Singapore,127,24.373,36.386
2025-11-14 08:25:17.554219,Singapore,84,5.676,41.901
2025-11-14 09:25:17.554219,Singapore,101,17.091,26.625
2025-11-14 10:25:17.554219,Singapore,103,36.302,43.615
2025-11-14 11:25:17.554219,Singapore,89,20.454,27.589
2025-11-14 12:25:17.554219,Singapore,145,19.437,30.152
2025-11-14 13:25:17.554219,Singapore,110,15.122,80.81
2025-11-14 14:25:17.554219,Singapore,94,12.486,80.05
2025-11-14 15:25:17.554219,Singapore,93,20.922,59.912
2025-11-14 16:25:17.554219,Singapore,75,32.28,74.017
2025-11-14 17:25:17.554219,Singapore,83,18.875,25.289
2025-11-14 18:25:17.554219,Singapore,157,30.588,65.504
2025-11-14 19:25:17.554219,Singapore,88,12.573,89.812
2025-11-14 20:25:17.554219,Singapore,113,19.132,70.196
2025-11-14 21:25:17.554219,Singapore,146,34.088,82.867
2025-11-14 22:25:17.554219,Singapore,118,15.763,45.686
2025-11-14 23:25:17.554219,Singapore,165,29.067,82.023
2025-11-15 00:25:17.554219,Singapore,78,22.157,55.946
2025-11-15 01:25:17.554219,Singapore,65,12.244,63.806
2025-11-15 02:25:17.554219,Singapore,120,15.31,86.389
2025-11-15 03:25:17.554219,Singapore,136,21.761,47.924
2025-11-15 04:25:17.554219,Singapore,85,17.453,51.286
2025-11-15 05:25:17.554219,Singapore,94,14.085,56.915
2025-11-15 06:25:17.554219,Singapore,134,27.335,57.198
2025-11-15 07:25:17.554219,Singapore,86,29.995,46.479
2025-11-15 08:25:17.554219,Singapore,133,14.066,78.044
2025-11-15 09:25:17.554219,Singapore,95,8.674,35.877
2025-11-15 10:25:17.554219,Singapore,149,28.313,54.89
2025-11-15 11:25:17.554219,Singapore,126,10.593,62.924
2025-11-15 12:25:17.554219,Singapore,129,13.126,81.382
2025-11-15 13:25:17.554219,Singapore,66,7.414,49.039
2025-11-15 14:25:17.554219,Singapore,115,11.755,43.156
2025-11-15 15:25:17.554219,Singapore,123,20.05,26.271
2025-11-15 16:25:17.554219,Singapore,97,33.397,77.697
2025-11-15 17:25:17.554219,Singapore,159,5.113,36.127
2025-11-15 18:25:17.554219,Singapore,127,18.895,74.523
2025-11-15 19:25:17.554219,Singapore,88,7.94,25.161
2025-11-15 20:25:17.554219,Singapore,82,8.614,80.058
2025-11-15 21:25:17.554219,Singapore,79,32.859,45.368
2025-11-15 22:25:17.554219,Singapore,93,21.248,76.796
2025-11-15 23:25:17.554219,Singapore,94,22.051,26.072
2025-11-16 00:25:17.554219,Singapore,104,27.867,42.177
2025-11-16 01:25:17.554219,Singapore,108,14.797,63.418
2025-11-16 02:25:17.554219,Singapore,82,36.161,30.865
2025-11-16 03:25:17.554219,Singapore,106,32.61,63.92
2025-11-16 04:25:17.554219,Singapore,140,35.096,75.192
2025-11-16 05:25:17.554219,Singapore,29,5.489,62.381
2025-11-16 06:25:17.554219,Singapore,91,34.786,83.837
2025-11-16 07:25:17.554219,Singapore,87,21.28,60.322
2025-11-16 08:25:17.554219,Singapore,99,8.051,70.594
2025-11-16 09:25:17.554219,Singapore,133,16.417,69.476
2025-11-16 10:25:17.554219,Singapore,92,24.752,82.392
2025-11-16 11:25:17.554219,Singapore,107,28.804,25.947
2025-11-16 12:25:17.554219,Singapore,91,6.334,79.225
2025-11-16 13:25:17.554219,Singapore,98,33.912,83.738
2025-11-16 14:25:17.554219,Singapore,145,10.847,71.826
2025-11-16 15:25:17.554219,Singapore,126,19.664,64.206
2025-11-16 16:25:17.554219,Singapore,132,27.494,45.329
2025-11-16 17:25:17.554219,Singapore,121,24.565,79.007
2025-11-16 18:25:17.554219,Singapore,121,31.382,59.152
2025-11-16 19:25:17.554219,Singapore,104,22.022,54.136
2025-11-16 20:25:17.554219,Singapore,136,32.432,73.584
2025-11-16 21:25:17.554219,Singapore,111,23.238,37.259
2025-11-16 22:25:17.554219,Singapore,136,13.607,49.011
2025-11-16 23:25:17.554219,Singapore,124,7.264,33.923
2025-11-17 00:25:17.554219,Singapore,112,10.538,26.845
2025-11-17 01:25:17.554219,Singapore,81,31.719,73.434
2025-11-17 02:25:17.554219,Singapore,103,24.763,89.809
2025-11-17 03:25:17.554219,Singapore,75,33.156,46.635
2025-11-17 04:25:17.554219,Singapore,102,30.322,38.044
2025-11-17 05:25:17.554219,Singapore,91,32.933,81.655
2025-11-17 06:25:17.554219,Singapore,112,17.942,82.733
2025-11-17 07:25:17.554219,Singapore,161,12.849,32.593
2025-11-17 08:25:17.554219,Singapore,114,11.936,69.012
2025-11-17 09:25:17.554219,Singapore,68,5.273,68.983
2025-11-17 10:25:17.554219,Singapore,98,29.061,34.001
2025-11-17 11:25:17.554219,Singapore,152,26.82,81.441
2025-11-17 12:25:17.554219,Singapore,119,12.107,44.861
2025-11-17 13:25:17.554219,Singapore,125,19.93,50.264
2025-11-17 14:25:17.554219,Singapore,126,34.24,88.067
2025-11-17 15:25:17.554219,Singapore,93,8.272,68.757
2025-11-17 16:25:17.554219,Singapore,164,17.164,83.166
2025-11-17 17:25:17.554219,Singapore,62,26.325,63.532
2025-11-17 18:25:17.554219,Singapore,92,14.711,35.455
2025-11-17 19:25:17.554219,Singapore,121,12.318,28.045
2025-11-17 20:25:17.554219,Singapore,140,20.942,47.167
2025-11-17 21:25:17.554219,Singapore,63,5.308,30.957
2025-11-17 22:25:17.554219,Singapore,78,27.099,51.233
2025-11-17 23:25:17.554219,Singapore,112,16.659,45.737
2025-11-18 00:25:17.554219,Singapore,158,7.776,80.893
2025-11-18 01:25:17.554219,Singapore,143,13.908,31.628
2025-11-18 02:25:17.554219,Singapore,104,7.745,58.014
2025-11-18 03:25:17.554219,Singapore,186,19.465,48.797
2025-11-18 04:25:17.554219,Singapore,132,25.023,82.513
2025-11-18 05:25:17.554219,Singapore,108,32.657,81.557
2025-11-18 06:25:17.554219,Singapore,113,12.691,54.32
2025-11-18 07:25:17.554219,Singapore,131,9.599,82.744
2025-11-18 08:25:17.554219,Singapore,126,33.606,33.417
2025-11-18 09:25:17.554219,Singapore,88,12.694,36.124
2025-11-18 10:25:17.554219,Singapore,93,9.508,67.855
2025-11-18 11:25:17.554219,Singapore,103,24.571,65.114
2025-11-18 12:25:17.554219,Singapore,90,33.657,46.341
2025-11-18 13:25:17.554219,Singapore,48,24.74,41.236
2025-11-18 14:25:17.554219,Singapore,61,13.152,74.4
2025-11-18 15:25:17.554219,Singapore,80,23.492,59.781
2025-11-18 16:25:17.554219,Singapore,88,24.903,42.189
2025-11-18 17:25:17.554219,Singapore,131,15.692,60.575
2025-11-18 18:25:17.554219,Singapore,153,21.489,43.142
2025-11-18 19:25:17.554219,Singapore,116,17.951,69.447
2025-11-18 20:25:17.554219,Singapore,93,34.731,40.371
2025-11-18 21:25:17.554219,Singapore,152,28.844,88.313
2025-11-18 22:25:17.554219,Singapore,134,10.896,29.943
2025-11-18 23:25:17.554219,Singapore,99,18.213,56.688
2025-11-19 00:25:17.554219,Singapore,97,11.58,82.172
2025-11-19 01:25:17.554219,Singapore,124,36.938,82.062
2025-11-19 02:25:17.554219,Singapore,116,20.439,61.628
2025-11-19 03:25:17.554219,Singapore,88,28.229,48.63
2025-11-19 04:25:17.554219,Singapore,127,13.137,52.602
2025-11-19 05:25:17.554219,Singapore,101,33.176,38.802
2025-11-19 06:25:17.554219,Singapore,88,28.272,89.135
2025-11-19 07:25:17.554219,Singapore,97,11.463,45.848
2025-11-19 08:25:17.554219,Singapore,83,31.66,67.736
2025-11-19 09:25:17.554219,Singapore,115,27.534,75.337
2025-11-19 10:25:17.554219,Singapore,68,15.57,25.325
2025-11-19 11:25:17.554219,Singapore,101,23.928,66.952
2025-11-19 12:25:17.554219,Singapore,107,8.882,34.331
2025-11-19 13:25:17.554219,Singapore,125,27.142,62.643
2025-11-19 14:25:17.554219,Singapore,83,17.116,85.324
2025-11-19 15:25:17.554219,Singapore,114,34.717,38.332
2025-11-19 16:25:17.554219,Singapore,130,17.453,35.408
2025-11-19 17:25:17.554219,Singapore,85,9.269,67.806
2025-11-04 18:25:17.554219,Bangkok,125,31.02,70.066
2025-11-04 19:25:17.554219,Bangkok,91,17.058,44.763
2025-11-04 20:25:17.554219,Bangkok,131,6.871,35.882
2025-11-04 21:25:17.554219,Bangkok,59,32.936,63.469
2025-11-04 22:25:17.554219,Bangkok,98,32.716,27.644
2025-11-04 23:25:17.554219,Bangkok,94,23.211,67.239
2025-11-05 00:25:17.554219,Bangkok,94,16.162,47.833
2025-11-05 01:25:17.554219,Bangkok,154,35.013,45.194
2025-11-05 02:25:17.554219,Bangkok,77,8.13,85.131
2025-11-05 03:25:17.554219,Bangkok,109,22.301,37.109
2025-11-05 04:25:17.554219,Bangkok,89,30.151,88.627
2025-11-05 05:25:17.554219,Bangkok,82,28.511,48.773
2025-11-05 06:25:17.554219,Bangkok,113,14.68,62.968
2025-11-05 07:25:17.554219,Bangkok,76,33.071,45.298
2025-11-05 08:25:17.554219,Bangkok,98,32.737,57.895
2025-11-05 09:25:17.554219,Bangkok,94,16.9,58.709
2025-11-05 10:25:17.554219,Bangkok,84,7.386,32.218
2025-11-05 11:25:17.554219,Bangkok,136,29.979,63.901
2025-11-05 12:25:17.554219,Bangkok,87,24.616,73.514
2025-11-05 13:25:17.554219,Bangkok,127,37.105,58.723
2025-11-05 14:25:17.554219,Bangkok,135,19.736,51.221
2025-11-05 15:25:17.554219,Bangkok,124,27.145,63.419
2025-11-05 16:25:17.554219,Bangkok,84,13.364,51.038
2025-11-05 17:25:17.554219,Bangkok,123,25.587,83.669
2025-11-05 18:25:17.554219,Bangkok,91,25.821,38.049
2025-11-05 19:25:17.554219,Bangkok,81,26.409,65.113
2025-11-05 20:25:17.554219,Bangkok,54,29.849,84.57
2025-11-05 21:25:17.554219,Bangkok,110,20.761,26.549
2025-11-05 22:25:17.554219,Bangkok,185,6.252,89.123
2025-11-05 23:25:17.554219,Bangkok,101,36.087,84.899
2025-11-06 00:25:17.554219,Bangkok,105,29.021,44.388
2025-11-06 01:25:17.554219,Bangkok,101,12.91,43.381
2025-11-06 02:25:17.554219,Bangkok,125,14.843,59.103
2025-11-06 03:25:17.554219,Bangkok,55,19.765,71.656
2025-11-06 04:25:17.554219,Bangkok,129,12.806,71.654
2025-11-06 05:25:17.554219,Bangkok,112,31.401,85.838
2025-11-06 06:25:17.554219,Bangkok,114,24.212,76.427
2025-11-06 07:25:17.554219,Bangkok,93,31.736,66.27
2025-11-06 08:25:17.554219,Bangkok,114,20.732,65.11
2025-11-06 09:25:17.554219,Bangkok,95,25.079,29.564
2025-11-06 10:25:17.554219,Bangkok,148,33.654,56.934
2025-11-06 11:25:17.554219,Bangkok,95,6.14,59.835
2025-11-06 12:25:17.554219,Bangkok,62,13.427,40.82
2025-11-06 13:25:17.554219,Bangkok,125,10.634,85.402
2025-11-06 14:25:17.554219,Bangkok,103,23.358,53.052
2025-11-06 15:25:17.554219,Bangkok,88,18.169,85.982
2025-11-06 16:25:17.554219,Bangkok,95,22.319,74.632
2025-11-06 17:25:17.554219,Bangkok,116,25.213,44.414
2025-11-06 18:25:17.554219,Bangkok,130,17.324,55.055
2025-11-06 19:25:17.554219,Bangkok,92,32.348,83.606
2025-11-06 20:25:17.554219,Bangkok,100,26.535,67.562
2025-11-06 21:25:17.554219,Bangkok,97,15.206,66.557
2025-11-06 22:25:17.554219,Bangkok,94,15.109,41.084
2025-11-06 23:25:17.554219,Bangkok,117,31.328,60.64
2025-11-07 00:25:17.554219,Bangkok,108,20.777,76.332
2025-11-07 01:25:17.554219,Bangkok,111,27.32,49.797
2025-11-07 02:25:17.554219,Bangkok,120,36.081,67.746
2025-11-07 03:25:17.554219,Bangkok,122,29.386,62.528
2025-11-07 04:25:17.554219,Bangkok,114,7.848,85.397
2025-11-07 05:25:17.554219,Bangkok,125,27.828,68.996
2025-11-07 06:25:17.554219,Bangkok,98,37.027,82.229
2025-11-07 07:25:17.554219,Bangkok,128,19.157,64.426
2025-11-07 08:25:17.554219,Bangkok,93,15.454,25.683
2025-11-07 09:25:17.554219,Bangkok,108,7.128,33.368
2025-11-07 10:25:17.554219,Bangkok,125,28.938,42.339
2025-11-07 11:25:17.554219,Bangkok,100,30.912,25.936
2025-11-07 12:25:17.554219,Bangkok,111,36.152,63.973
2025-11-07 13:25:17.554219,Bangkok,133,34.583,40.196
2025-11-07 14:25:17.554219,Bangkok,119,25.852,87.106
2025-11-07 15:25:17.554219,Bangkok,104,23.753,53.77
2025-11-07 16:25:17.554219,Bangkok,84,9.707,75.739
2025-11-07 17:25:17.554219,Bangkok,136,23.721,86.988
2025-11-07 18:25:17.554219,Bangkok,88,37.216,32.612
2025-11-07 19:25:17.554219,Bangkok,97,11.22,75.842
2025-11-07 20:25:17.554219,Bangkok,110,24.512,63.045
2025-11-07 21:25:17.554219,Bangkok,156,8.561,71.945
2025-11-07 22:25:17.554219,Bangkok,104,13.9,27.936
2025-11-07 23:25:17.554219,Bangkok,95,37.74,77.855
2025-11-08 00:25:17.554219,Bangkok,95,14.704,48.278
2025-11-08 01:25:17.554219,Bangkok,119,32.335,81.02
2025-11-08 02:25:17.554219,Bangkok,58,23.552,52.616
2025-11-08 03:25:17.554219,Bangkok,106,25.469,63.302
2025-11-08 04:25:17.554219,Bangkok,130,6.114,82.199
2025-11-08 05:25:17.554219,Bangkok,100,19.597,63.07
2025-11-08 06:25:17.554219,Bangkok,76,14.314,44.759
2025-11-08 07:25:17.554219,Bangkok,71,36.206,35.274
2025-11-08 08:25:17.554219,Bangkok,84,16.287,48.618
2025-11-08 09:25:17.554219,Bangkok,92,9.591,37.185
2025-11-08 10:25:17.554219,Bangkok,106,36.724,63.199
2025-11-08 11:25:17.554219,Bangkok,110,27.97,42.8
2025-11-08 12:25:17.554219,Bangkok,115,21.28,47.02
2025-11-08 13:25:17.554219,Bangkok,134,9.653,27.732
2025-11-08 14:25:17.554219,Bangkok,58,27.165,64.363
2025-11-08 15:25:17.554219,Bangkok,85,19.766,56.303
2025-11-08 16:25:17.554219,Bangkok,93,22.566,52.953
2025-11-08 17:25:17.554219,Bangkok,110,20.538,40.583
2025-11-08 18:25:17.554219,Bangkok,64,24.653,55.311
2025-11-08 19:25:17.554219,Bangkok,106,15.812,42.211
2025-11-08 20:25:17.554219,Bangkok,133,11.316,53.564
2025-11-08 21:25:17.554219,Bangkok,115,18.853,71.357
2025-11-08 22:25:17.554219,Bangkok,113,36.52,44.14
2025-11-08 23:25:17.554219,Bangkok,157,26.521,48.655
2025-11-09 00:25:17.554219,Bangkok,149,27.781,62.593
2025-11-09 01:25:17.554219,Bangkok,84,7.48,48.404
2025-11-09 02:25:17.554219,Bangkok,98,8.607,78.336
2025-11-09 03:25:17.554219,Bangkok,91,28.17,41.212
2025-11-09 04:25:17.554219,Bangkok,82,36.404,51.592
2025-11-09 05:25:17.554219,Bangkok,82,32.09,74.88
2025-11-09 06:25:17.554219,Bangkok,128,28.262,34.886
2025-11-09 07:25:17.554219,Bangkok,86,12.953,56.042
2025-11-09 08:25:17.554219,Bangkok,110,15.959,61.122
2025-11-09 09:25:17.554219,Bangkok,104,22.348,54.746
2025-11-09 10:25:17.554219,Bangkok,92,9.818,80.743
2025-11-09 11:25:17.554219,Bangkok,121,15.744,69.695
2025-11-09 12:25:17.554219,Bangkok,92,32.112,68.884
2025-11-09 13:25:17.554219,Bangkok,194,16.485,31.518
2025-11-09 14:25:17.554219,Bangkok,79,33.085,32.164
2025-11-09 15:25:17.554219,Bangkok,108,29.128,40.197
2025-11-09 16:25:17.554219,Bangkok,74,16.532,54.362
2025-11-09 17:25:17.554219,Bangkok,106,14.384,40.909
2025-11-09 18:25:17.554219,Bangkok,90,30.921,69.519
2025-11-09 19:25:17.554219,Bangkok,141,34.9,64.403
2025-11-09 20:25:17.554219,Bangkok,106,24.05,81.006
2025-11-09 21:25:17.554219,Bangkok,105,9.849,58.118
2025-11-09 22:25:17.554219,Bangkok,131,14.856,43.114
2025-11-09 23:25:17.554219,Bangkok,95,26.583,86.153
2025-11-10 00:25:17.554219,Bangkok,128,23.944,72.502
2025-11-10 01:25:17.554219,Bangkok,85,22.517,74.146
2025-11-10 02:25:17.554219,Bangkok,102,17.06,65.842
2025-11-10 03:25:17.554219,Bangkok,81,11.514,45.369
2025-11-10 04:25:17.554219,Bangkok,101,26.301,47.326
2025-11-10 05:25:17.554219,Bangkok,78,34.513,42.116
2025-11-10 06:25:17.554219,Bangkok,49,19.926,72.558
2025-11-10 07:25:17.554219,Bangkok,49,17.221,42.562
2025-11-10 08:25:17.554219,Bangkok,150,22.774,47.573
2025-11-10 09:25:17.554219,Bangkok,99,27.76,36.644
2025-11-10 10:25:17.554219,Bangkok,127,33.894,27.424
2025-11-10 11:25:17.554219,Bangkok,143,28.748,69.402
2025-11-10 12:25:17.554219,Bangkok,142,37.335,54.167
2025-11-10 13:25:17.554219,Bangkok,133,25.905,25.336
2025-11-10 14:25:17.554219,Bangkok,90,37.648,51.919
2025-11-10 15:25:17.554219,Bangkok,86,23.436,79.993
2025-11-10 16:25:17.554219,Bangkok,150,20.612,32.062
2025-11-10 17:25:17.554219,Bangkok,87,9.177,39.267
2025-11-10 18:25:17.554219,Bangkok,160,27.75,67.623
2025-11-10 19:25:17.554219,Bangkok,37,17.381,52.137
2025-11-10 20:25:17.554219,Bangkok,132,24.354,34.891
2025-11-10 21:25:17.554219,Bangkok,129,29.55,33.841
2025-11-10 22:25:17.554219,Bangkok,129,35.267,51.524
2025-11-10 23:25:17.554219,Bangkok,127,18.032,54.226
2025-11-11 00:25:17.554219,Bangkok,125,14.388,40.76
2025-11-11 01:25:17.554219,Bangkok,81,10.043,82.045
2025-11-11 02:25:17.554219,Bangkok,119,10.178,48.314
2025-11-11 03:25:17.554219,Bangkok,127,8.937,85.88
2025-11-11 04:25:17.554219,Bangkok,102,28.464,69.995
2025-11-11 05:25:17.554219,Bangkok,77,33.639,33.72
2025-11-11 06:25:17.554219,Bangkok,137,37.118,41.181
2025-11-11 07:25:17.554219,Bangkok,130,25.485,30.586
2025-11-11 08:25:17.554219,Bangkok,125,21.202,82.154
2025-11-11 09:25:17.554219,Bangkok,122,9.012,54.434
2025-11-11 10:25:17.554219,Bangkok,116,14.258,77.214
2025-11-11 11:25:17.554219,Bangkok,79,22.862,43.598
2025-11-11 12:25:17.554219,Bangkok,134,12.05,54.192
2025-11-11 13:25:17.554219,Bangkok,89,17.418,48.121
2025-11-11 14:25:17.554219,Bangkok,139,20.984,64.62
2025-11-11 15:25:17.554219,Bangkok,108,33.69,89.11
2025-11-11 16:25:17.554219,Bangkok,103,12.424,29.764
2025-11-11 17:25:17.554219,Bangkok,67,26.09,74.564
2025-11-11 18:25:17.554219,Bangkok,72,25.52,62.907
2025-11-11 19:25:17.554219,Bangkok,75,13.583,46.801
2025-11-11 20:25:17.554219,Bangkok,94,5.78,26.473
2025-11-11 21:25:17.554219,Bangkok,106,6.133,70.03
2025-11-11 22:25:17.554219,Bangkok,193,12.098,59.982
2025-11-11 23:25:17.554219,Bangkok,125,10.063,71.956
2025-11-12 00:25:17.554219,Bangkok,91,17.612,38.328
2025-11-12 01:25:17.554219,Bangkok,84,17.134,57.499
2025-11-12 02:25:17.554219,Bangkok,64,37.756,75.736
2025-11-12 03:25:17.554219,Bangkok,95,14.628,63.151
2025-11-12 04:25:17.554219,Bangkok,110,17.802,38.652
2025-11-12 05:25:17.554219,Bangkok,92,35.619,28.065
2025-11-12 06:25:17.554219,Bangkok,99,29.842,36.672
2025-11-12 07:25:17.554219,Bangkok,80,19.638,67.335
2025-11-12 08:25:17.554219,Bangkok,109,35.243,46.711
2025-11-12 09:25:17.554219,Bangkok,81,10.061,87.878
2025-11-12 10:25:17.554219,Bangkok,73,6.529,75.021
2025-11-12 11:25:17.554219,Bangkok,95,24.013,55.672
2025-11-12 12:25:17.554219,Bangkok,129,23.225,70.591
2025-11-12 13:25:17.554219,Bangkok,92,23.152,46.654
2025-11-12 14:25:17.554219,Bangkok,104,17.444,58.241
2025-11-12 15:25:17.554219,Bangkok,130,10.925,29.746
2025-11-12 16:25:17.554219,Bangkok,101,36.173,89.114
2025-11-12 17:25:17.554219,Bangkok,75,10.942,35.502
2025-11-12 18:25:17.554219,Bangkok,96,36.912,43.6
2025-11-12 19:25:17.554219,Bangkok,68,28.024,30.144
2025-11-12 20:25:17.554219,Bangkok,89,20.638,88.469
2025-11-12 21:25:17.554219,Bangkok,132,36.251,60.597
2025-11-12 22:25:17.554219,Bangkok,119,19.259,56.59
2025-11-12 23:25:17.554219,Bangkok,27,19.872,34.93
2025-11-13 00:25:17.554219,Bangkok,102,36.121,48.961
2025-11-13 01:25:17.554219,Bangkok,170,35.697,27.195
2025-11-13 02:25:17.554219,Bangkok,110,27.147,31.571
2025-11-13 03:25:17.554219,Bangkok,106,8.793,86.819
2025-11-13 04:25:17.554219,Bangkok,70,37.034,58.878
2025-11-13 05:25:17.554219,Bangkok,81,18.593,48.409
2025-11-13 06:25:17.554219,Bangkok,99,15.014,39.79
2025-11-13 07:25:17.554219,Bangkok,101,21.637,32.32
2025-11-13 08:25:17.554219,Bangkok,125,8.619,73.553
2025-11-13 09:25:17.554219,Bangkok,96,33.779,42.153
2025-11-13 10:25:17.554219,Bangkok,150,31.233,36.961
2025-11-13 11:25:17.554219,Bangkok,99,27.641,42.98
2025-11-13 12:25:17.554219,Bangkok,99,26.425,46.732
2025-11-13 13:25:17.554219,Bangkok,85,26.752,57.218
2025-11-13 14:25:17.554219,Bangkok,115,25.591,88.964
2025-11-13 15:25:17.554219,Bangkok,89,9.383,42.915
2025-11-13 16:25:17.554219,Bangkok,115,18.577,25.873
2025-11-13 17:25:17.554219,Bangkok,151,7.501,60.513
2025-11-13 18:25:17.554219,Bangkok,128,20.187,33.857
2025-11-13 19:25:17.554219,Bangkok,69,13.593,44.548
2025-11-13 20:25:17.554219,Bangkok,132,30.678,65.04
2025-11-13 21:25:17.554219,Bangkok,88,11.576,44.788
2025-11-13 22:25:17.554219,Bangkok,141,26.382,46.256
2025-11-13 23:25:17.554219,Bangkok,76,15.256,46.676
2025-11-14 00:25:17.554219,Bangkok,123,13.774,66.775
2025-11-14 01:25:17.554219,Bangkok,90,17.735,28.191
2025-11-14 02:25:17.554219,Bangkok,69,5.119,71.567
2025-11-14 03:25:17.554219,Bangkok,98,18.347,43.006
2025-11-14 04:25:17.554219,Bangkok,75,34.964,80.631
2025-11-14 05:25:17.554219,Bangkok,88,20.095,85.452
2025-11-14 06:25:17.554219,Bangkok,128,14.068,89.586
2025-11-14 07:25:17.554219,Bangkok,145,19.944,61.847
2025-11-14 08:25:17.554219,Bangkok,78,13.228,49.313
2025-11-14 09:25:17.554219,Bangkok,101,27.427,34.184
2025-11-14 10:25:17.554219,Bangkok,62,17.279,64.715
2025-11-14 11:25:17.554219,Bangkok,123,13.507,37.608
2025-11-14 12:25:17.554219,Bangkok,95,34.132,45.11
2025-11-14 13:25:17.554219,Bangkok,124,14.736,47.334
2025-11-14 14:25:17.554219,Bangkok,165,31.304,67.229
2025-11-14 15:25:17.554219,Bangkok,78,8.392,80.187
2025-11-14 16:25:17.554219,Bangkok,83,10.458,70.882
2025-11-14 17:25:17.554219,Bangkok,69,28.276,65.494
2025-11-14 18:25:17.554219,Bangkok,121,25.692,71.353
2025-11-14 19:25:17.554219,Bangkok,105,36.959,56.739
2025-11-14 20:25:17.554219,Bangkok,70,26.73,69.151
2025-11-14 21:25:17.554219,Bangkok,66,20.886,32.565
2025-11-14 22:25:17.554219,Bangkok,148,27.419,59.081
2025-11-14 23:25:17.554219,Bangkok,71,29.115,55.188
2025-11-15 00:25:17.554219,Bangkok,97,32.592,60.584
2025-11-15 01:25:17.554219,Bangkok,120,26.144,83.595
2025-11-15 02:25:17.554219,Bangkok,126,7.229,72.638
2025-11-15 03:25:17.554219,Bangkok,94,34.383,57.709
2025-11-15 04:25:17.554219,Bangkok,119,16.155,58.382
2025-11-15 05:25:17.554219,Bangkok,88,31.635,59.986
2025-11-15 06:25:17.554219,Bangkok,105,16.62,34.58
2025-11-15 07:25:17.554219,Bangkok,139,23.328,32.763
2025-11-15 08:25:17.554219,Bangkok,119,37.11,30.474
2025-11-15 09:25:17.554219,Bangkok,131,5.531,79.013
2025-11-15 10:25:17.554219,Bangkok,89,16.775,33.578
2025-11-15 11:25:17.554219,Bangkok,144,25.513,54.447
2025-11-15 12:25:17.554219,Bangkok,118,21.3,25.03
2025-11-15 13:25:17.554219,Bangkok,165,26.983,74.355
2025-11-15 14:25:17.554219,Bangkok,80,12.532,30.304
2025-11-15 15:25:17.554219,Bangkok,104,6.116,89.027
2025-11-15 16:25:17.554219,Bangkok,114,21.37,69.086
2025-11-15 17:25:17.554219,Bangkok,66,23.383,58.324
2025-11-15 18:25:17.554219,Bangkok,86,35.259,46.656
2025-11-15 19:25:17.554219,Bangkok,104,34.046,52.178
2025-11-15 20:25:17.554219,Bangkok,101,20.798,43.531
2025-11-15 21:25:17.554219,Bangkok,135,25.704,28.838
2025-11-15 22:25:17.554219,Bangkok,140,27.93,76.71
2025-11-15 23:25:17.554219,Bangkok,127,30.503,74.78
2025-11-16 00:25:17.554219,Bangkok,152,10.121,83.593
2025-11-16 01:25:17.554219,Bangkok,127,14.319,56.487
2025-11-16 02:25:17.554219,Bangkok,98,21.916,75.462
2025-11-16 03:25:17.554219,Bangkok,124,5.099,45.516
2025-11-16 04:25:17.554219,Bangkok,117,16.16,78.331
2025-11-16 05:25:17.554219,Bangkok,127,23.013,45.444
2025-11-16 06:25:17.554219,Bangkok,119,33.668,47.492
2025-11-16 07:25:17.554219,Bangkok,96,7.139,81.518
2025-11-16 08:25:17.554219,Bangkok,83,15.569,26.354
2025-11-16 09:25:17.554219,Bangkok,122,37.278,26.653
2025-11-16 10:25:17.554219,Bangkok,177,25.346,40.003
2025-11-16 11:25:17.554219,Bangkok,67,15.036,62.897
2025-11-16 12:25:17.554219,Bangkok,108,5.651,33.606
2025-11-16 13:25:17.554219,Bangkok,75,32.156,29.18
2025-11-16 14:25:17.554219,Bangkok,109,13.105,89.666
2025-11-16 15:25:17.554219,Bangkok,97,9.565,25.181
2025-11-16 16:25:17.554219,Bangkok,135,18.26,34.839
2025-11-16 17:25:17.554219,Bangkok,129,37.024,63.774
2025-11-16 18:25:17.554219,Bangkok,143,25.771,75.788
2025-11-16 19:25:17.554219,Bangkok,112,6.633,86.412
2025-11-16 20:25:17.554219,Bangkok,107,22.412,30.015
2025-11-16 21:25:17.554219,Bangkok,103,5.245,57.844
2025-11-16 22:25:17.554219,Bangkok,84,18.194,67.035
2025-11-16 23:25:17.554219,Bangkok,66,28.054,47.241
2025-11-17 00:25:17.554219,Bangkok,137,26.905,44.831
2025-11-17 01:25:17.554219,Bangkok,118,32.522,71.462
2025-11-17 02:25:17.554219,Bangkok,95,29.351,57.126
2025-11-17 03:25:17.554219,Bangkok,105,13.347,48.36
2025-11-17 04:25:17.554219,Bangkok,81,27.573,56.203
2025-11-17 05:25:17.554219,Bangkok,59,36.127,54.799
2025-11-17 06:25:17.554219,Bangkok,148,26.953,64.826
2025-11-17 07:25:17.554219,Bangkok,107,8.177,53.447
2025-11-17 08:25:17.554219,Bangkok,147,5.087,56.644
2025-11-17 09:25:17.554219,Bangkok,123,27.321,32.071
2025-11-17 10:25:17.554219,Bangkok,83,30.006,44.779
2025-11-17 11:25:17.554219,Bangkok,64,14.916,59.768
2025-11-17 12:25:17.554219,Bangkok,115,16.516,60.751
2025-11-17 13:25:17.554219,Bangkok,74,11.187,30.333
2025-11-17 14:25:17.554219,Bangkok,96,17.182,69.798
2025-11-17 15:25:17.554219,Bangkok,123,11.726,36.817
2025-11-17 16:25:17.554219,Bangkok,89,23.716,42.592
2025-11-17 17:25:17.554219,Bangkok,143,14.961,64.565
2025-11-17 18:25:17.554219,Bangkok,107,37.768,77.821
2025-11-17 19:25:17.554219,Bangkok,125,20.422,82.764
2025-11-17 20:25:17.554219,Bangkok,78,31.113,50.136
2025-11-17 21:25:17.554219,Bangkok,128,33.777,67.867
2025-11-17 22:25:17.554219,Bangkok,98,36.947,40.469
2025-11-17 23:25:17.554219,Bangkok,67,28.577,58.243
2025-11-18 00:25:17.554219,Bangkok,99,26.645,80.96
2025-11-18 01:25:17.554219,Bangkok,67,25.405,28.695
2025-11-18 02:25:17.554219,Bangkok,80,15.622,79.472
2025-11-18 03:25:17.554219,Bangkok,156,6.984,51.681
2025-11-18 04:25:17.554219,Bangkok,118,31.087,25.383
2025-11-18 05:25:17.554219,Bangkok,82,35.916,63.154
2025-11-18 06:25:17.554219,Bangkok,69,16.131,86.49
2025-11-18 07:25:17.554219,Bangkok,61,31.086,51.749
2025-11-18 08:25:17.554219,Bangkok,117,9.821,82.19
2025-11-18 09:25:17.554219,Bangkok,123,35.709,79.998
2025-11-18 10:25:17.554219,Bangkok,98,29.909,31.873
2025-11-18 11:25:17.554219,Bangkok,110,10.558,74.583
2025-11-18 12:25:17.554219,Bangkok,83,11.837,69.371
2025-11-18 13:25:17.554219,Bangkok,113,32.424,68.899
2025-11-18 14:25:17.554219,Bangkok,90,11.095,72.528
2025-11-18 15:25:17.554219,Bangkok,109,11.233,30.459
2025-11-18 16:25:17.554219,Bangkok,110,16.935,56.128
2025-11-18 17:25:17.554219,Bangkok,132,36.39,46.967
2025-11-18 18:25:17.554219,Bangkok,118,17.613,59.202
2025-11-18 19:25:17.554219,Bangkok,85,17.835,89.756
2025-11-18 20:25:17.554219,Bangkok,102,30.307,58.527
2025-11-18 21:25:17.554219,Bangkok,84,5.865,38.548
2025-11-18 22:25:17.554219,Bangkok,103,37.464,68.414
2025-11-18 23:25:17.554219,Bangkok,94,7.735,41.546
2025-11-19 00:25:17.554219,Bangkok,86,20.782,38.385
2025-11-19 01:25:17.554219,Bangkok,81,27.032,61.122
2025-11-19 02:25:17.554219,Bangkok,152,16.134,62.315
2025-11-19 03:25:17.554219,Bangkok,85,26.138,52.304
2025-11-19 04:25:17.554219,Bangkok,135,14.677,54.45
2025-11-19 05:25:17.554219,Bangkok,88,25.52,55.799
2025-11-19 06:25:17.554219,Bangkok,135,30.417,33.244
2025-11-19 07:25:17.554219,Bangkok,70,33.045,28.661
2025-11-19 08:25:17.554219,Bangkok,97,17.083,87.276
2025-11-19 09:25:17.554219,Bangkok,92,23.096,56.904
2025-11-19 10:25:17.554219,Bangkok,121,32.09,54.493
2025-11-19 11:25:17.554219,Bangkok,111,7.691,86.31
2025-11-19 12:25:17.554219,Bangkok,73,27.122,53.463
2025-11-19 13:25:17.554219,Bangkok,108,17.053,56.98
2025-11-19 14:25:17.554219,Bangkok,143,10.278,73.311
2025-11-19 15:25:17.554219,Bangkok,64,36.265,60.934
2025-11-19 16:25:17.554219,Bangkok,91,8.746,39.955
2025-11-19 17:25:17.554219,Bangkok,112,6.288,84.396
2025-11-04 18:25:17.554219,Kuala Lumpur,159,31.031,39.719
2025-11-04 19:25:17.554219,Kuala Lumpur,97,27.503,39.998
2025-11-04 20:25:17.554219,Kuala Lumpur,90,33.074,79.959
2025-11-04 21:25:17.554219,Kuala Lumpur,67,9.922,35.177
2025-11-04 22:25:17.554219,Kuala Lumpur,108,23.409,56.933
2025-11-04 23:25:17.554219,Kuala Lumpur,104,15.652,41.358
2025-11-05 00:25:17.554219,Kuala Lumpur,77,34.483,55.443
2025-11-05 01:25:17.554219,Kuala Lumpur,104,28.04,56.879
2025-11-05 02:25:17.554219,Kuala Lumpur,125,17.196,74.577
2025-11-05 03:25:17.554219,Kuala Lumpur,127,21.346,31.696
2025-11-05 04:25:17.554219,Kuala Lumpur,85,36.369,86.04
2025-11-05 05:25:17.554219,Kuala Lumpur,155,28.703,76.643
2025-11-05 06:25:17.554219,Kuala Lumpur,119,8.792,76.71
2025-11-05 07:25:17.554219,Kuala Lumpur,61,5.897,25.679
2025-11-05 08:25:17.554219,Kuala Lumpur,99,24.073,67.051
2025-11-05 09:25:17.554219,Kuala Lumpur,112,14.875,45.849
2025-11-05 10:25:17.554219,Kuala Lumpur,82,18.131,88.984
2025-11-05 11:25:17.554219,Kuala Lumpur,67,21.051,87.22
2025-11-05 12:25:17.554219,Kuala Lumpur,103,28.843,69.521
2025-11-05 13:25:17.554219,Kuala Lumpur,71,25.003,89.138
2025-11-05 14:25:17.554219,Kuala Lumpur,94,10.69,41.672
2025-11-05 15:25:17.554219,Kuala Lumpur,109,17.366,84.296
2025-11-05 16:25:17.554219,Kuala Lumpur,117,37.202,77.998
2025-11-05 17:25:17.554219,Kuala Lumpur,74,7.914,26.937
2025-11-05 18:25:17.554219,Kuala Lumpur,115,18.985,81.857
2025-11-05 19:25:17.554219,Kuala Lumpur,158,19.406,58.646
2025-11-05 20:25:17.554219,Kuala Lumpur,68,7.305,86.535
2025-11-05 21:25:17.554219,Kuala Lumpur,77,24.853,72.12
2025-11-05 22:25:17.554219,Kuala Lumpur,139,10.203,26.576
2025-11-05 23:25:17.554219,Kuala Lumpur,96,29.748,29.989
2025-11-06 00:25:17.554219,Kuala Lumpur,105,12.092,80.785
2025-11-06 01:25:17.554219,Kuala Lumpur,79,5.016,31.724
2025-11-06 02:25:17.554219,Kuala Lumpur,94,8.838,83.403
2025-11-06 03:25:17.554219,Kuala Lumpur,89,16.764,34.781
2025-11-06 04:25:17.554219,Kuala Lumpur,144,27.667,87.382
2025-11-06 05:25:17.554219,Kuala Lumpur,149,23.817,39.182
2025-11-06 06:25:17.554219,Kuala Lumpur,107,31.052,37.929
2025-11-06 07:25:17.554219,Kuala Lumpur,101,6.136,81.008
2025-11-06 08:25:17.554219,Kuala Lumpur,52,14.708,30.272
2025-11-06 09:25:17.554219,Kuala Lumpur,85,34.401,29.633
2025-11-06 10:25:17.554219,Kuala Lumpur,112,11.481,29.813
2025-11-06 11:25:17.554219,Kuala Lumpur,79,5.85,43.386
2025-11-06 12:25:17.554219,Kuala Lumpur,106,8.198,76.634
2025-11-06 13:25:17.554219,Kuala Lumpur,142,7.73,25.447
2025-11-06 14:25:17.554219,Kuala Lumpur,116,36.053,60.934
2025-11-06 15:25:17.554219,Kuala Lumpur,69,7.866,62.22
2025-11-06 16:25:17.554219,Kuala Lumpur,114,11.744,76.175
2025-11-06 17:25:17.554219,Kuala Lumpur,130,35.03,73.966
2025-11-06 18:25:17.554219,Kuala Lumpur,116,31.036,31.348
2025-11-06 19:25:17.554219,Kuala Lumpur,94,5.246,61.581
2025-11-06 20:25:17.554219,Kuala Lumpur,127,22.015,88.987
2025-11-06 21:25:17.554219,Kuala Lumpur,96,15.83,58.988
2025-11-06 22:25:17.554219,Kuala Lumpur,128,23.1,72.706
2025-11-06 23:25:17.554219,Kuala Lumpur,99,20.534,34.299
2025-11-07 00:25:17.554219,Kuala Lumpur,98,10.006,83.418
2025-11-07 01:25:17.554219,Kuala Lumpur,168,13.405,86.861
2025-11-07 02:25:17.554219,Kuala Lumpur,136,28.011,65.815
2025-11-07 03:25:17.554219,Kuala Lumpur,118,13.032,87.044
2025-11-07 04:25:17.554219,Kuala Lumpur,167,24.328,63.983
2025-11-07 05:25:17.554219,Kuala Lumpur,88,24.67,65.618
2025-11-07 06:25:17.554219,Kuala Lumpur,92,11.676,73.865
2025-11-07 07:25:17.554219,Kuala Lumpur,99,36.052,54.314
2025-11-07 08:25:17.554219,Kuala Lumpur,80,8.994,38.026
2025-11-07 09:25:17.554219,Kuala Lumpur,129,13.225,25.762
2025-11-07 10:25:17.554219,Kuala Lumpur,120,6.78,84.649
2025-11-07 11:25:17.554219,Kuala Lumpur,104,12.201,42.478
2025-11-07 12:25:17.554219,Kuala Lumpur,107,34.359,41.014
2025-11-07 13:25:17.554219,Kuala Lumpur,71,29.628,47.519
2025-11-07 14:25:17.554219,Kuala Lumpur,87,7.327,71.098
2025-11-07 15:25:17.554219,Kuala Lumpur,81,26.129,40.956
2025-11-07 16:25:17.554219,Kuala Lumpur,82,15.31,27.991
2025-11-07 17:25:17.554219,Kuala Lumpur,111,24.425,88.412
2025-11-07 18:25:17.554219,Kuala Lumpur,105,29.278,52.15
2025-11-07 19:25:17.554219,Kuala Lumpur,68,18.333,25.792
2025-11-07 20:25:17.554219,Kuala Lumpur,115,29.166,73.519
2025-11-07 21:25:17.554219,Kuala Lumpur,81,28.906,56.417
2025-11-07 22:25:17.554219,Kuala Lumpur,74,25.875,71.295
2025-11-07 23:25:17.554219,Kuala Lumpur,94,33.141,87.552
2025-11-08 00:25:17.554219,Kuala Lumpur,124,30.103,52.195
2025-11-08 01:25:17.554219,Kuala Lumpur,69,37.27,74.986
2025-11-08 02:25:17.554219,Kuala Lumpur,92,17.745,85.101
2025-11-08 03:25:17.554219,Kuala Lumpur,114,28.735,81.983
2025-11-08 04:25:17.554219,Kuala Lumpur,80,31.604,44.066
2025-11-08 05:25:17.554219,Kuala Lumpur,102,6.841,85.921
2025-11-08 06:25:17.554219,Kuala Lumpur,117,5.672,63.799
2025-11-08 07:25:17.554219,Kuala Lumpur,88,19.943,70.173
2025-11-08 08:25:17.554219,Kuala Lumpur,102,25.276,75.616
2025-11-08 09:25:17.554219,Kuala Lumpur,99,23,86.258
2025-11-08 10:25:17.554219,Kuala Lumpur,68,10.227,60.12
2025-11-08 11:25:17.554219,Kuala Lumpur,141,23.785,74.326
2025-11-08 12:25:17.554219,Kuala Lumpur,129,8.75,41.861
2025-11-08 13:25:17.554219,Kuala Lumpur,88,12.302,57.266
2025-11-08 14:25:17.554219,Kuala Lumpur,71,19.444,79.772
2025-11-08 15:25:17.554219,Kuala Lumpur,104,6.572,34.036
2025-11-08 16:25:17.554219,Kuala Lumpur,123,35.441,72.011
2025-11-08 17:25:17.554219,Kuala Lumpur,117,11.912,62.413
2025-11-08 18:25:17.554219,Kuala Lumpur,134,30.255,55.549
2025-11-08 19:25:17.554219,Kuala Lumpur,98,5.63,40.599
2025-11-08 20:25:17.554219,Kuala Lumpur,87,12.516,32.556
2025-11-08 21:25:17.554219,Kuala Lumpur,143,27.727,29.047
2025-11-08 22:25:17.554219,Kuala Lumpur,109,37.661,65.177
2025-11-08 23:25:17.554219,Kuala Lumpur,122,6.637,60.522
2025-11-09 00:25:17.554219,Kuala Lumpur,96,19.882,72.339
2025-11-09 01:25:17.554219,Kuala Lumpur,118,12.149,31.83
2025-11-09 02:25:17.554219,Kuala Lumpur,82,13.307,83.946
2025-11-09 03:25:17.554219,Kuala Lumpur,83,28.591,40.796
2025-11-09 04:25:17.554219,Kuala Lumpur,115,37.439,28.973
2025-11-09 05:25:17.554219,Kuala Lumpur,85,17.178,40.481
2025-11-09 06:25:17.554219,Kuala Lumpur,87,15.38,55.99
2025-11-09 07:25:17.554219,Kuala Lumpur,124,21.105,43.539
2025-11-09 08:25:17.554219,Kuala Lumpur,57,25.39,50.563
2025-11-09 09:25:17.554219,Kuala Lumpur,98,31.099,58.684
2025-11-09 10:25:17.554219,Kuala Lumpur,97,13.984,25.146
2025-11-09 11:25:17.554219,Kuala Lumpur,150,9.666,73.678
2025-11-09 12:25:17.554219,Kuala Lumpur,41,20.734,81.301
2025-11-09 13:25:17.554219,Kuala Lumpur,75,32.533,53.638
2025-11-09 14:25:17.554219,Kuala Lumpur,159,10.698,54.753
2025-11-09 15:25:17.554219,Kuala Lumpur,115,12.2,31.935
2025-11-09 16:25:17.554219,Kuala Lumpur,109,26.018,56.767
2025-11-09 17:25:17.554219,Kuala Lumpur,95,16.127,60.787
2025-11-09 18:25:17.554219,Kuala Lumpur,106,26.038,71.074
2025-11-09 19:25:17.554219,Kuala Lumpur,84,25.694,71.984
2025-11-09 20:25:17.554219,Kuala Lumpur,96,30.599,53.06
2025-11-09 21:25:17.554219,Kuala Lumpur,93,12.31,85.218
2025-11-09 22:25:17.554219,Kuala Lumpur,134,32.753,28.342
2025-11-09 23:25:17.554219,Kuala Lumpur,120,15.098,76.018
2025-11-10 00:25:17.554219,Kuala Lumpur,109,6.181,33.373
2025-11-10 01:25:17.554219,Kuala Lumpur,102,6.254,60.055
2025-11-10 02:25:17.554219,Kuala Lumpur,106,31.818,71.105
2025-11-10 03:25:17.554219,Kuala Lumpur,73,13.347,60.421
2025-11-10 04:25:17.554219,Kuala Lumpur,112,31.769,31.396
2025-11-10 05:25:17.554219,Kuala Lumpur,99,19.799,26.318
2025-11-10 06:25:17.554219,Kuala Lumpur,127,36.262,26.516
2025-11-10 07:25:17.554219,Kuala Lumpur,109,22.394,42.683
2025-11-10 08:25:17.554219,Kuala Lumpur,126,26.257,39.194
2025-11-10 09:25:17.554219,Kuala Lumpur,110,25.789,53.179
2025-11-10 10:25:17.554219,Kuala Lumpur,123,16.187,55.609
2025-11-10 11:25:17.554219,Kuala Lumpur,112,32.425,47.724
2025-11-10 12:25:17.554219,Kuala Lumpur,83,10.236,38.626
2025-11-10 13:25:17.554219,Kuala Lumpur,125,19.981,54.267
2025-11-10 14:25:17.554219,Kuala Lumpur,110,35.565,55.947
2025-11-10 15:25:17.554219,Kuala Lumpur,90,32.617,86.638
2025-11-10 16:25:17.554219,Kuala Lumpur,123,9.12,47.002
2025-11-10 17:25:17.554219,Kuala Lumpur,120,36.104,67.332
2025-11-10 18:25:17.554219,Kuala Lumpur,79,28.476,83.973
2025-11-10 19:25:17.554219,Kuala Lumpur,76,18.807,35.885
2025-11-10 20:25:17.554219,Kuala Lumpur,105,10.387,41.924
2025-11-10 21:25:17.554219,Kuala Lumpur,83,26.976,29.071
2025-11-10 22:25:17.554219,Kuala Lumpur,140,15.002,32.088
2025-11-10 23:25:17.554219,Kuala Lumpur,110,12.652,88.3
2025-11-11 00:25:17.554219,Kuala Lumpur,73,18.874,64.458
2025-11-11 01:25:17.554219,Kuala Lumpur,85,30.727,56.427
2025-11-11 02:25:17.554219,Kuala Lumpur,91,11.363,44.795
2025-11-11 03:25:17.554219,Kuala Lumpur,89,7.099,87.716
2025-11-11 04:25:17.554219,Kuala Lumpur,107,31.191,51.711
2025-11-11 05:25:17.554219,Kuala Lumpur,88,24.929,64.13
2025-11-11 06:25:17.554219,Kuala Lumpur,98,8.863,74.258
2025-11-11 07:25:17.554219,Kuala Lumpur,101,32.255,58.43
2025-11-11 08:25:17.554219,Kuala Lumpur,80,18.335,30.154
2025-11-11 09:25:17.554219,Kuala Lumpur,58,37.424,29.261
2025-11-11 10:25:17.554219,Kuala Lumpur,94,6.545,81.896
2025-11-11 11:25:17.554219,Kuala Lumpur,194,14.922,46.271
2025-11-11 12:25:17.554219,Kuala Lumpur,136,24.097,85.155
2025-11-11 13:25:17.554219,Kuala Lumpur,73,25.673,45.964
2025-11-11 14:25:17.554219,Kuala Lumpur,123,28.683,89.31
2025-11-11 15:25:17.554219,Kuala Lumpur,89,30.989,76.107
2025-11-11 16:25:17.554219,Kuala Lumpur,93,5.238,85.272
2025-11-11 17:25:17.554219,Kuala Lumpur,122,9.426,41.342
2025-11-11 18:25:17.554219,Kuala Lumpur,153,14.176,35.806
2025-11-11 19:25:17.554219,Kuala Lumpur,129,36.645,81.527
2025-11-11 20:25:17.554219,Kuala Lumpur,90,34.037,51.156
2025-11-11 21:25:17.554219,Kuala Lumpur,123,31.206,31.846
2025-11-11 22:25:17.554219,Kuala Lumpur,171,17.422,29.009
2025-11-11 23:25:17.554219,Kuala Lumpur,99,26.406,67.842
2025-11-12 00:25:17.554219,Kuala Lumpur,147,30.692,54.823
2025-11-12 01:25:17.554219,Kuala Lumpur,87,9.158,30.907
2025-11-12 02:25:17.554219,Kuala Lumpur,88,14.057,49.345
2025-11-12 03:25:17.554219,Kuala Lumpur,130,20.779,85.407
2025-11-12 04:25:17.554219,Kuala Lumpur,154,37.927,30.589
2025-11-12 05:25:17.554219,Kuala Lumpur,68,13.305,65.733
2025-11-12 06:25:17.554219,Kuala Lumpur,113,33.776,26.087
2025-11-12 07:25:17.554219,Kuala Lumpur,76,9.798,44.134
2025-11-12 08:25:17.554219,Kuala Lumpur,92,25.572,82.075
2025-11-12 09:25:17.554219,Kuala Lumpur,55,28.019,84.623
2025-11-12 10:25:17.554219,Kuala Lumpur,168,23.09,70.667
2025-11-12 11:25:17.554219,Kuala Lumpur,82,31.577,43.328
2025-11-12 12:25:17.554219,Kuala Lumpur,80,22.118,36.9
2025-11-12 13:25:17.554219,Kuala Lumpur,94,21.296,33.228
2025-11-12 14:25:17.554219,Kuala Lumpur,83,24.119,43.736
2025-11-12 15:25:17.554219,Kuala Lumpur,100,36.317,49.421
2025-11-12 16:25:17.554219,Kuala Lumpur,87,8.355,41.877
2025-11-12 17:25:17.554219,Kuala Lumpur,104,31.621,41.849
2025-11-12 18:25:17.554219,Kuala Lumpur,144,36.019,67.574
2025-11-12 19:25:17.554219,Kuala Lumpur,72,11.95,43.706
2025-11-12 20:25:17.554219,Kuala Lumpur,69,36.093,50.57
2025-11-12 21:25:17.554219,Kuala Lumpur,91,9.52,85.933
2025-11-12 22:25:17.554219,Kuala Lumpur,89,32.84,78.673
2025-11-12 23:25:17.554219,Kuala Lumpur,65,14.368,80.899
2025-11-13 00:25:17.554219,Kuala Lumpur,180,11.398,60.253
2025-11-13 01:25:17.554219,Kuala Lumpur,105,13.72,81.292
2025-11-13 02:25:17.554219,Kuala Lumpur,121,34.509,87.859
2025-11-13 03:25:17.554219,Kuala Lumpur,78,16.328,44.058
2025-11-13 04:25:17.554219,Kuala Lumpur,135,17.776,53.706
2025-11-13 05:25:17.554219,Kuala Lumpur,134,15.775,89.947
2025-11-13 06:25:17.554219,Kuala Lumpur,88,20.036,26.188
2025-11-13 07:25:17.554219,Kuala Lumpur,130,25.838,86.318
2025-11-13 08:25:17.554219,Kuala Lumpur,113,8.474,78.748
2025-11-13 09:25:17.554219,Kuala Lumpur,89,19.134,55.965
2025-11-13 10:25:17.554219,Kuala Lumpur,88,12.173,66.118
2025-11-13 11:25:17.554219,Kuala Lumpur,104,34.349,80.696
2025-11-13 12:25:17.554219,Kuala Lumpur,112,28.728,74.247
2025-11-13 13:25:17.554219,Kuala Lumpur,72,6.768,72.037
2025-11-13 14:25:17.554219,Kuala Lumpur,153,23.42,88.129
2025-11-13 15:25:17.554219,Kuala Lumpur,63,26.804,51.406
2025-11-13 16:25:17.554219,Kuala Lumpur,141,20.169,45.486
2025-11-13 17:25:17.554219,Kuala Lumpur,80,10.476,35.124
2025-11-13 18:25:17.554219,Kuala Lumpur,62,31.786,31.625
2025-11-13 19:25:17.554219,Kuala Lumpur,122,9.802,50.181
2025-11-13 20:25:17.554219,Kuala Lumpur,140,6.439,56.075
2025-11-13 21:25:17.554219,Kuala Lumpur,84,24.164,36.312
2025-11-13 22:25:17.554219,Kuala Lumpur,91,30.807,67.371
2025-11-13 23:25:17.554219,Kuala Lumpur,93,33.792,28.715
2025-11-14 00:25:17.554219,Kuala Lumpur,100,26.288,48.037
2025-11-14 01:25:17.554219,Kuala Lumpur,131,36.808,44.952
2025-11-14 02:25:17.554219,Kuala Lumpur,142,31.573,84.439
2025-11-14 03:25:17.554219,Kuala Lumpur,100,12.251,83.604
2025-11-14 04:25:17.554219,Kuala Lumpur,103,13.245,64.168
2025-11-14 05:25:17.554219,Kuala Lumpur,105,34.099,76.857
2025-11-14 06:25:17.554219,Kuala Lumpur,68,14.378,46.377
2025-11-14 07:25:17.554219,Kuala Lumpur,135,17.136,43.506
2025-11-14 08:25:17.554219,Kuala Lumpur,141,19.46,39.752
2025-11-14 09:25:17.554219,Kuala Lumpur,69,18.482,80.091
2025-11-14 10:25:17.554219,Kuala Lumpur,103,34.491,36.741
2025-11-14 11:25:17.554219,Kuala Lumpur,99,29.528,38.417
2025-11-14 12:25:17.554219,Kuala Lumpur,142,24.442,61.153
2025-11-14 13:25:17.554219,Kuala Lumpur,109,19.986,60.979
2025-11-14 14:25:17.554219,Kuala Lumpur,141,18.248,65.366
2025-11-14 15:25:17.554219,Kuala Lumpur,105,36.534,76.648
2025-11-14 16:25:17.554219,Kuala Lumpur,99,12.224,60.108
2025-11-14 17:25:17.554219,Kuala Lumpur,123,20.445,31.045
2025-11-14 18:25:17.554219,Kuala Lumpur,112,31.675,53.545
2025-11-14 19:25:17.554219,Kuala Lumpur,114,26.81,36.886
2025-11-14 20:25:17.554219,Kuala Lumpur,76,5.681,73.887
2025-11-14 21:25:17.554219,Kuala Lumpur,108,32.357,65.053
2025-11-14 22:25:17.554219,Kuala Lumpur,127,24.447,40.141
2025-11-14 23:25:17.554219,Kuala Lumpur,115,29.768,36.398
2025-11-15 00:25:17.554219,Kuala Lumpur,120,6.701,68.102
2025-11-15 01:25:17.554219,Kuala Lumpur,116,14.342,61.48
2025-11-15 02:25:17.554219,Kuala Lumpur,112,29.949,37.528
2025-11-15 03:25:17.554219,Kuala Lumpur,86,28.83,42.36
2025-11-15 04:25:17.554219,Kuala Lumpur,118,31.013,79.789
2025-11-15 05:25:17.554219,Kuala Lumpur,87,11.055,59.057
2025-11-15 06:25:17.554219,Kuala Lumpur,73,8.803,65.849
2025-11-15 07:25:17.554219,Kuala Lumpur,89,9.707,44.663
2025-11-15 08:25:17.554219,Kuala Lumpur,135,5.062,67.199
2025-11-15 09:25:17.554219,Kuala Lumpur,103,30.329,54.719
2025-11-15 10:25:17.554219,Kuala Lumpur,115,27.471,26.018
2025-11-15 11:25:17.554219,Kuala Lumpur,143,24.014,58.282
2025-11-15 12:25:17.554219,Kuala Lumpur,130,23.608,64.218
2025-11-15 13:25:17.554219,Kuala Lumpur,91,28.066,42.826
2025-11-15 14:25:17.554219,Kuala Lumpur,131,32.105,80.098
2025-11-15 15:25:17.554219,Kuala Lumpur,118,20.288,25.446
2025-11-15 16:25:17.554219,Kuala Lumpur,122,10.464,68.779
2025-11-15 17:25:17.554219,Kuala Lumpur,136,12.445,52.576
2025-11-15 18:25:17.554219,Kuala Lumpur,133,15.563,49.699
2025-11-15 19:25:17.554219,Kuala Lumpur,132,26.298,75.849
2025-11-15 20:25:17.554219,Kuala Lumpur,94,13.006,70.543
2025-11-15 21:25:17.554219,Kuala Lumpur,106,19.284,28.516
2025-11-15 22:25:17.554219,Kuala Lumpur,114,6.898,72.46
2025-11-15 23:25:17.554219,Kuala Lumpur,85,20.972,48.072
2025-11-16 00:25:17.554219,Kuala Lumpur,96,37.223,76.631
2025-11-16 01:25:17.554219,Kuala Lumpur,117,9.602,45.732
2025-11-16 02:25:17.554219,Kuala Lumpur,140,37.114,47.399
2025-11-16 03:25:17.554219,Kuala Lumpur,97,19.428,69.333
2025-11-16 04:25:17.554219,Kuala Lumpur,165,27.513,46.038
2025-11-16 05:25:17.554219,Kuala Lumpur,77,8.536,79.088
2025-11-16 06:25:17.554219,Kuala Lumpur,91,28.621,48.684
2025-11-16 07:25:17.554219,Kuala Lumpur,114,33.118,32.395
2025-11-16 08:25:17.554219,Kuala Lumpur,88,25.065,70.315
2025-11-16 09:25:17.554219,Kuala Lumpur,104,29.271,49.913
2025-11-16 10:25:17.554219,Kuala Lumpur,77,31.465,33.906
2025-11-16 11:25:17.554219,Kuala Lumpur,88,24.069,87.528
2025-11-16 12:25:17.554219,Kuala Lumpur,115,35.609,34.045
2025-11-16 13:25:17.554219,Kuala Lumpur,87,32.387,88.768
2025-11-16 14:25:17.554219,Kuala Lumpur,85,14.975,25.003
2025-11-16 15:25:17.554219,Kuala Lumpur,137,16.399,80.521
2025-11-16 16:25:17.554219,Kuala Lumpur,81,32.47,49.15
2025-11-16 17:25:17.554219,Kuala Lumpur,135,9.101,79.856
2025-11-16 18:25:17.554219,Kuala Lumpur,74,27.52,80.175
2025-11-16 19:25:17.554219,Kuala Lumpur,93,6.562,42.168
2025-11-16 20:25:17.554219,Kuala Lumpur,106,17.683,45.158
2025-11-16 21:25:17.554219,Kuala Lumpur,73,16.959,52.043
2025-11-16 22:25:17.554219,Kuala Lumpur,65,25.386,56.674
2025-11-16 23:25:17.554219,Kuala Lumpur,79,13.311,40.437
2025-11-17 00:25:17.554219,Kuala Lumpur,98,15.848,31.59
2025-11-17 01:25:17.554219,Kuala Lumpur,97,23.784,26.304
2025-11-17 02:25:17.554219,Kuala Lumpur,101,9.684,39.325
2025-11-17 03:25:17.554219,Kuala Lumpur,98,31.623,39.355
2025-11-17 04:25:17.554219,Kuala Lumpur,32,11.926,58.695
2025-11-17 05:25:17.554219,Kuala Lumpur,101,6.075,87.826
2025-11-17 06:25:17.554219,Kuala Lumpur,128,24.656,58.687
2025-11-17 07:25:17.554219,Kuala Lumpur,109,13.742,80.674
2025-11-17 08:25:17.554219,Kuala Lumpur,142,12.916,48.296
2025-11-17 09:25:17.554219,Kuala Lumpur,86,19.019,79.944
2025-11-17 10:25:17.554219,Kuala Lumpur,122,34.846,33.475
2025-11-17 11:25:17.554219,Kuala Lumpur,114,25.887,69.671
2025-11-17 12:25:17.554219,Kuala Lumpur,38,19.672,80.514
2025-11-17 13:25:17.554219,Kuala Lumpur,94,14.174,75.176
2025-11-17 14:25:17.554219,Kuala Lumpur,74,12.517,62.383
2025-11-17 15:25:17.554219,Kuala Lumpur,130,21.628,59.976
2025-11-17 16:25:17.554219,Kuala Lumpur,153,15.15,61.884
2025-11-17 17:25:17.554219,Kuala Lumpur,128,7.911,30.813
2025-11-17 18:25:17.554219,Kuala Lumpur,103,21.123,26.467
2025-11-17 19:25:17.554219,Kuala Lumpur,117,30.347,47.462
2025-11-17 20:25:17.554219,Kuala Lumpur,132,6.184,31.056
2025-11-17 21:25:17.554219,Kuala Lumpur,67,22.37,80.348
2025-11-17 22:25:17.554219,Kuala Lumpur,102,8.708,73.689
2025-11-17 23:25:17.554219,Kuala Lumpur,140,36.989,58.059
2025-11-18 00:25:17.554219,Kuala Lumpur,85,10.967,65.357
2025-11-18 01:25:17.554219,Kuala Lumpur,135,32.443,84.549
2025-11-18 02:25:17.554219,Kuala Lumpur,100,34.737,64.661
2025-11-18 03:25:17.554219,Kuala Lumpur,135,26.178,25.879
2025-11-18 04:25:17.554219,Kuala Lumpur,103,35.492,35.03
2025-11-18 05:25:17.554219,Kuala Lumpur,108,18.037,86.666
2025-11-18 06:25:17.554219,Kuala Lumpur,126,12.434,42.139
2025-11-18 07:25:17.554219,Kuala Lumpur,98,16.016,62.449
2025-11-18 08:25:17.554219,Kuala Lumpur,99,16.37,38.205
2025-11-18 09:25:17.554219,Kuala Lumpur,117,28.996,84.397
2025-11-18 10:25:17.554219,Kuala Lumpur,147,23.381,57.854
2025-11-18 11:25:17.554219,Kuala Lumpur,97,18.885,83.958
2025-11-18 12:25:17.554219,Kuala Lumpur,87,30.684,56.805
2025-11-18 13:25:17.554219,Kuala Lumpur,88,14.184,34.395
2025-11-18 14:25:17.554219,Kuala Lumpur,109,37.77,88.053
2025-11-18 15:25:17.554219,Kuala Lumpur,94,5.892,60.829
2025-11-18 16:25:17.554219,Kuala Lumpur,87,17.091,32.891
2025-11-18 17:25:17.554219,Kuala Lumpur,116,28.361,57.951
2025-11-18 18:25:17.554219,Kuala Lumpur,112,28.847,62.957
2025-11-18 19:25:17.554219,Kuala Lumpur,117,7.631,57.664
2025-11-18 20:25:17.554219,Kuala Lumpur,126,25.172,29.089
2025-11-18 21:25:17.554219,Kuala Lumpur,102,13.712,49.587
2025-11-18 22:25:17.554219,Kuala Lumpur,114,28.812,82.615
2025-11-18 23:25:17.554219,Kuala Lumpur,89,28.061,70.795
2025-11-19 00:25:17.554219,Kuala Lumpur,86,23.231,61.612
2025-11-19 01:25:17.554219,Kuala Lumpur,145,23.709,29.301
2025-11-19 02:25:17.554219,Kuala Lumpur,91,9.841,25.337
2025-11-19 03:25:17.554219,Kuala Lumpur,91,30.86,74.849
2025-11-19 04:25:17.554219,Kuala Lumpur,98,21.617,70.626
2025-11-19 05:25:17.554219,Kuala Lumpur,93,31.076,35.073
2025-11-19 06:25:17.554219,Kuala Lumpur,98,30.998,30.179
2025-11-19 07:25:17.554219,Kuala Lumpur,88,26.254,75.517
2025-11-19 08:25:17.554219,Kuala Lumpur,124,31.025,65.549
2025-11-19 09:25:17.554219,Kuala Lumpur,117,21.033,62.944
2025-11-19 10:25:17.554219,Kuala Lumpur,103,9.326,67.759
2025-11-19 11:25:17.554219,Kuala Lumpur,121,26.637,85.741
2025-11-19 12:25:17.554219,Kuala Lumpur,154,28.11,32.19
2025-11-19 13:25:17.554219,Kuala Lumpur,92,25.2,35.771
2025-11-19 14:25:17.554219,Kuala Lumpur,140,35.193,67.737
2025-11-19 15:25:17.554219,Kuala Lumpur,118,19.413,65.189
2025-11-19 16:25:17.554219,Kuala Lumpur,90,21.892,88.329
2025-11-19 17:25:17.554219,Kuala Lumpur,82,18.692,31.594
2025-11-04 18:25:17.554219,Jakarta,108,37.436,35.437
2025-11-04 19:25:17.554219,Jakarta,49,23.115,29.752
2025-11-04 20:25:17.554219,Jakarta,135,21.458,58.763
2025-11-04 21:25:17.554219,Jakarta,121,31.077,72.435
2025-11-04 22:25:17.554219,Jakarta,66,26.376,30.775
2025-11-04 23:25:17.554219,Jakarta,107,34.191,38.553
2025-11-05 00:25:17.554219,Jakarta,107,37.128,30.175
2025-11-05 01:25:17.554219,Jakarta,94,19.785,64.991
2025-11-05 02:25:17.554219,Jakarta,124,25.175,81.989
2025-11-05 03:25:17.554219,Jakarta,62,15.956,83.464
2025-11-05 04:25:17.554219,Jakarta,69,27.311,87.426
2025-11-05 05:25:17.554219,Jakarta,78,29.437,26.844
2025-11-05 06:25:17.554219,Jakarta,115,20.894,27.684
2025-11-05 07:25:17.554219,Jakarta,96,27.775,59.063
2025-11-05 08:25:17.554219,Jakarta,66,17.333,64.002
2025-11-05 09:25:17.554219,Jakarta,89,12.767,49.505
2025-11-05 10:25:17.554219,Jakarta,130,16.057,52.293
2025-11-05 11:25:17.554219,Jakarta,118,27.943,43.427
2025-11-05 12:25:17.554219,Jakarta,109,6.544,89.241
2025-11-05 13:25:17.554219,Jakarta,103,7.125,87.289
2025-11-05 14:25:17.554219,Jakarta,113,6.598,88.454
2025-11-05 15:25:17.554219,Jakarta,58,19.648,76.925
2025-11-05 16:25:17.554219,Jakarta,125,15.864,36.192
2025-11-05 17:25:17.554219,Jakarta,111,11.421,75.631
2025-11-05 18:25:17.554219,Jakarta,107,33.135,50.71
2025-11-05 19:25:17.554219,Jakarta,98,34.78,43.844
2025-11-05 20:25:17.554219,Jakarta,93,33.266,41.956
2025-11-05 21:25:17.554219,Jakarta,100,11.647,52.205
2025-11-05 22:25:17.554219,Jakarta,96,21.467,81.632
2025-11-05 23:25:17.554219,Jakarta,96,8.993,59.219
2025-11-06 00:25:17.554219,Jakarta,133,22.896,59.49
2025-11-06 01:25:17.554219,Jakarta,85,18.131,44.857
2025-11-06 02:25:17.554219,Jakarta,145,31.844,61.332
2025-11-06 03:25:17.554219,Jakarta,88,16.393,28.724
2025-11-06 04:25:17.554219,Jakarta,152,21.932,36.512
2025-11-06 05:25:17.554219,Jakarta,84,8.111,51.684
2025-11-06 06:25:17.554219,Jakarta,116,16.02,47.721
2025-11-06 07:25:17.554219,Jakarta,131,28.956,70.005
2025-11-06 08:25:17.554219,Jakarta,60,17.817,72.075
2025-11-06 09:25:17.554219,Jakarta,134,37.324,77.73
2025-11-06 10:25:17.554219,Jakarta,81,27.396,70.627
2025-11-06 11:25:17.554219,Jakarta,125,25.56,67.663
2025-11-06 12:25:17.554219,Jakarta,116,10.477,49.485
2025-11-06 13:25:17.554219,Jakarta,117,7.293,39.54
2025-11-06 14:25:17.554219,Jakarta,198,36.71,78.685
2025-11-06 15:25:17.554219,Jakarta,91,17.558,43.688
2025-11-06 16:25:17.554219,Jakarta,108,33.365,67.149
2025-11-06 17:25:17.554219,Jakarta,100,22.062,36.615
2025-11-06 18:25:17.554219,Jakarta,95,14.48,65.717
2025-11-06 19:25:17.554219,Jakarta,96,28.504,66.518
2025-11-06 20:25:17.554219,Jakarta,118,15.431,31.866
2025-11-06 21:25:17.554219,Jakarta,98,29.598,86.746
2025-11-06 22:25:17.554219,Jakarta,107,19.658,58.099
2025-11-06 23:25:17.554219,Jakarta,95,30.588,71.527
2025-11-07 00:25:17.554219,Jakarta,77,36.863,64.008
2025-11-07 01:25:17.554219,Jakarta,113,16.731,28.076
2025-11-07 02:25:17.554219,Jakarta,116,37.966,32.725
2025-11-07 03:25:17.554219,Jakarta,57,8.322,76.942
2025-11-07 04:25:17.554219,Jakarta,118,8.844,25.159
2025-11-07 05:25:17.554219,Jakarta,117,7.608,57.775
2025-11-07 06:25:17.554219,Jakarta,134,22.431,35.457
2025-11-07 07:25:17.554219,Jakarta,76,20.473,60.777
2025-11-07 08:25:17.554219,Jakarta,100,34.197,46.885
2025-11-07 09:25:17.554219,Jakarta,88,17.691,79.222
2025-11-07 10:25:17.554219,Jakarta,98,29.024,64.728
2025-11-07 11:25:17.554219,Jakarta,101,33.444,26.583
2025-11-07 12:25:17.554219,Jakarta,109,37.143,55.256
2025-11-07 13:25:17.554219,Jakarta,132,20.544,26.274
2025-11-07 14:25:17.554219,Jakarta,163,14.162,40.259
2025-11-07 15:25:17.554219,Jakarta,88,5.431,60.488
2025-11-07 16:25:17.554219,Jakarta,76,32.75,36.215
2025-11-07 17:25:17.554219,Jakarta,140,16.894,42.071
2025-11-07 18:25:17.554219,Jakarta,125,12.207,57.748
2025-11-07 19:25:17.554219,Jakarta,124,27.985,64.543
2025-11-07 20:25:17.554219,Jakarta,112,32.369,65.291
2025-11-07 21:25:17.554219,Jakarta,92,29.96,31.108
2025-11-07 22:25:17.554219,Jakarta,96,21.415,28.146
2025-11-07 23:25:17.554219,Jakarta,68,12.601,44.157
2025-11-08 00:25:17.554219,Jakarta,140,17.623,76.039
2025-11-08 01:25:17.554219,Jakarta,108,28.86,78.621
2025-11-08 02:25:17.554219,Jakarta,49,34.563,87.703
2025-11-08 03:25:17.554219,Jakarta,72,15.483,42.174
2025-11-08 04:25:17.554219,Jakarta,82,21.149,51.34
2025-11-08 05:25:17.554219,Jakarta,117,11.662,74.078
2025-11-08 06:25:17.554219,Jakarta,96,26.635,27.841
2025-11-08 07:25:17.554219,Jakarta,86,36.196,83.92
2025-11-08 08:25:17.554219,Jakarta,118,24.794,41.299
2025-11-08 09:25:17.554219,Jakarta,113,29.078,57.198
2025-11-08 10:25:17.554219,Jakarta,85,12.324,67.035
2025-11-08 11:25:17.554219,Jakarta,105,6.634,35.54
2025-11-08 12:25:17.554219,Jakarta,115,37.743,35.171
2025-11-08 13:25:17.554219,Jakarta,93,23.861,60.292
2025-11-08 14:25:17.554219,Jakarta,152,26.542,64.005
2025-11-08 15:25:17.554219,Jakarta,87,14.108,79.76
2025-11-08 16:25:17.554219,Jakarta,91,31.427,73.85
2025-11-08 17:25:17.554219,Jakarta,123,17.129,59.633
2025-11-08 18:25:17.554219,Jakarta,98,32.201,79.871
2025-11-08 19:25:17.554219,Jakarta,85,27.692,82.602
2025-11-08 20:25:17.554219,Jakarta,119,12.093,56.539
2025-11-08 21:25:17.554219,Jakarta,132,11.671,74.063
2025-11-08 22:25:17.554219,Jakarta,139,36.198,45.795
2025-11-08 23:25:17.554219,Jakarta,130,30.128,61.708
2025-11-09 00:25:17.554219,Jakarta,61,9.351,55.771
2025-11-09 01:25:17.554219,Jakarta,93,12.595,29.793
2025-11-09 02:25:17.554219,Jakarta,108,9.332,40.814
2025-11-09 03:25:17.554219,Jakarta,103,24.619,69.296
2025-11-09 04:25:17.554219,Jakarta,123,23.476,33.196
2025-11-09 05:25:17.554219,Jakarta,130,35.041,53.613
2025-11-09 06:25:17.554219,Jakarta,123,16.454,37.125
2025-11-09 07:25:17.554219,Jakarta,88,18.608,31.909
2025-11-09 08:25:17.554219,Jakarta,115,28.963,50.635
2025-11-09 09:25:17.554219,Jakarta,53,28.638,71.929
2025-11-09 10:25:17.554219,Jakarta,90,13.716,73.604
2025-11-09 11:25:17.554219,Jakarta,119,18.89,40.782
2025-11-09 12:25:17.554219,Jakarta,76,28.555,38.144
2025-11-09 13:25:17.554219,Jakarta,99,24.686,49.723
2025-11-09 14:25:17.554219,Jakarta,112,35.865,31.791
2025-11-09 15:25:17.554219,Jakarta,103,24.045,88.503
2025-11-09 16:25:17.554219,Jakarta,150,10.712,46.399
2025-11-09 17:25:17.554219,Jakarta,75,36.919,61.94
2025-11-09 18:25:17.554219,Jakarta,106,31.062,48.871
2025-11-09 19:25:17.554219,Jakarta,78,33.058,46.506
2025-11-09 20:25:17.554219,Jakarta,103,18.651,55.598
2025-11-09 21:25:17.554219,Jakarta,139,35.164,72.804
2025-11-09 22:25:17.554219,Jakarta,90,23.443,33.049
2025-11-09 23:25:17.554219,Jakarta,75,26.167,79.238
2025-11-10 00:25:17.554219,Jakarta,86,27.725,88.561
2025-11-10 01:25:17.554219,Jakarta,115,23.67,85.533
2025-11-10 02:25:17.554219,Jakarta,123,22.312,37.402
2025-11-10 03:25:17.554219,Jakarta,95,5.763,56.516
2025-11-10 04:25:17.554219,Jakarta,101,15.9,57.48
2025-11-10 05:25:17.554219,Jakarta,113,26.194,77.583
2025-11-10 06:25:17.554219,Jakarta,109,6.236,73.211
2025-11-10 07:25:17.554219,Jakarta,151,9.945,80.498
2025-11-10 08:25:17.554219,Jakarta,117,26.565,62.365
2025-11-10 09:25:17.554219,Jakarta,103,25.293,70.043
2025-11-10 10:25:17.554219,Jakarta,88,14.846,70.18
2025-11-10 11:25:17.554219,Jakarta,108,32.1,36.081
2025-11-10 12:25:17.554219,Jakarta,108,32.304,45.052
2025-11-10 13:25:17.554219,Jakarta,63,21.808,77.796
2025-11-10 14:25:17.554219,Jakarta,119,20.804,89.125
2025-11-10 15:25:17.554219,Jakarta,110,9.044,68.688
2025-11-10 16:25:17.554219,Jakarta,98,19.725,86.686
2025-11-10 17:25:17.554219,Jakarta,108,20.467,60.283
2025-11-10 18:25:17.554219,Jakarta,79,27.578,67.166
2025-11-10 19:25:17.554219,Jakarta,106,32.301,80.886
2025-11-10 20:25:17.554219,Jakarta,84,24.254,75.079
2025-11-10 21:25:17.554219,Jakarta,94,35.804,86.262
2025-11-10 22:25:17.554219,Jakarta,103,30.423,28.15
2025-11-10 23:25:17.554219,Jakarta,130,18.839,88.765
2025-11-11 00:25:17.554219,Jakarta,94,5.192,55.576
2025-11-11 01:25:17.554219,Jakarta,124,30.284,85.223
2025-11-11 02:25:17.554219,Jakarta,105,31.049,48.862
2025-11-11 03:25:17.554219,Jakarta,81,23.75,82.09
2025-11-11 04:25:17.554219,Jakarta,116,27.839,44.583
2025-11-11 05:25:17.554219,Jakarta,102,8.947,57.412
2025-11-11 06:25:17.554219,Jakarta,92,26.057,38.86
2025-11-11 07:25:17.554219,Jakarta,106,24.964,32.167
2025-11-11 08:25:17.554219,Jakarta,104,11.84,70.694
2025-11-11 09:25:17.554219,Jakarta,85,29.502,83.336
2025-11-11 10:25:17.554219,Jakarta,126,31.569,69.617
2025-11-11 11:25:17.554219,Jakarta,101,21.73,52.085
2025-11-11 12:25:17.554219,Jakarta,110,7.412,47.149
2025-11-11 13:25:17.554219,Jakarta,122,29.311,74.296
2025-11-11 14:25:17.554219,Jakarta,132,9.293,40.739
2025-11-11 15:25:17.554219,Jakarta,88,10.592,33.952
2025-11-11 16:25:17.554219,Jakarta,113,5.019,28.009
2025-11-11 17:25:17.554219,Jakarta,136,22.605,31.635
2025-11-11 18:25:17.554219,Jakarta,77,20.875,78.224
2025-11-11 19:25:17.554219,Jakarta,88,17.147,36.066
2025-11-11 20:25:17.554219,Jakarta,108,34.725,63.287
2025-11-11 21:25:17.554219,Jakarta,118,14.717,31.757
2025-11-11 22:25:17.554219,Jakarta,121,20.949,87.758
2025-11-11 23:25:17.554219,Jakarta,151,21.529,48.422
2025-11-12 00:25:17.554219,Jakarta,98,16.203,75.017
2025-11-12 01:25:17.554219,Jakarta,70,6.103,64.097
2025-11-12 02:25:17.554219,Jakarta,94,37.838,89.37
2025-11-12 03:25:17.554219,Jakarta,102,19.275,32.496
2025-11-12 04:25:17.554219,Jakarta,118,35.597,27.815
2025-11-12 05:25:17.554219,Jakarta,75,19.294,76.12
2025-11-12 06:25:17.554219,Jakarta,102,15.302,39.2
2025-11-12 07:25:17.554219,Jakarta,78,30.267,25.272
2025-11-12 08:25:17.554219,Jakarta,93,32.202,29.956
2025-11-12 09:25:17.554219,Jakarta,106,15.552,37.346
2025-11-12 10:25:17.554219,Jakarta,152,8,87.2
2025-11-12 11:25:17.554219,Jakarta,123,33.607,63.2
2025-11-12 12:25:17.554219,Jakarta,119,33.574,63.278
2025-11-12 13:25:17.554219,Jakarta,143,19.28,39.315
2025-11-12 14:25:17.554219,Jakarta,110,8.079,34.406
2025-11-12 15:25:17.554219,Jakarta,107,31.823,62.172
2025-11-12 16:25:17.554219,Jakarta,85,23.015,25.491
2025-11-12 17:25:17.554219,Jakarta,84,19.894,50.738
2025-11-12 18:25:17.554219,Jakarta,95,19.762,87.573
2025-11-12 19:25:17.554219,Jakarta,110,12.129,55.585
2025-11-12 20:25:17.554219,Jakarta,99,35.822,28.972
2025-11-12 21:25:17.554219,Jakarta,86,28.253,61.575
2025-11-12 22:25:17.554219,Jakarta,91,29.902,31.567
2025-11-12 23:25:17.554219,Jakarta,83,37.992,28.058
2025-11-13 00:25:17.554219,Jakarta,87,35.286,68.199
2025-11-13 01:25:17.554219,Jakarta,115,10.45,73.002
2025-11-13 02:25:17.554219,Jakarta,145,27.764,49.294
2025-11-13 03:25:17.554219,Jakarta,96,29.834,78.875
2025-11-13 04:25:17.554219,Jakarta,129,15.864,35.461
2025-11-13 05:25:17.554219,Jakarta,100,6.728,85.601
2025-11-13 06:25:17.554219,Jakarta,131,32.39,71.611
2025-11-13 07:25:17.554219,Jakarta,102,22.969,34.651
2025-11-13 08:25:17.554219,Jakarta,91,35.673,75.46
2025-11-13 09:25:17.554219,Jakarta,107,5.171,52.839
2025-11-13 10:25:17.554219,Jakarta,68,27.038,65.726
2025-11-13 11:25:17.554219,Jakarta,87,23.979,32.562
2025-11-13 12:25:17.554219,Jakarta,159,18.776,25.666
2025-11-13 13:25:17.554219,Jakarta,117,15.43,70.711
2025-11-13 14:25:17.554219,Jakarta,74,20.961,26.657
2025-11-13 15:25:17.554219,Jakarta,77,25.019,57.886
2025-11-13 16:25:17.554219,Jakarta,126,22.558,44.031
2025-11-13 17:25:17.554219,Jakarta,72,15.038,66.752
2025-11-13 18:25:17.554219,Jakarta,77,8.829,43.344
2025-11-13 19:25:17.554219,Jakarta,75,11.156,35.046
2025-11-13 20:25:17.554219,Jakarta,88,17.571,57.621
2025-11-13 21:25:17.554219,Jakarta,97,14.728,58.886
2025-11-13 22:25:17.554219,Jakarta,91,31.484,68.52
2025-11-13 23:25:17.554219,Jakarta,158,5.784,89.745
2025-11-14 00:25:17.554219,Jakarta,64,33.509,35.798
2025-11-14 01:25:17.554219,Jakarta,118,8.834,86.128
2025-11-14 02:25:17.554219,Jakarta,133,15.631,85.71
2025-11-14 03:25:17.554219,Jakarta,79,12.218,86.131
2025-11-14 04:25:17.554219,Jakarta,52,33.513,71.93
2025-11-14 05:25:17.554219,Jakarta,121,25.965,66.284
2025-11-14 06:25:17.554219,Jakarta,98,26.441,67.923
2025-11-14 07:25:17.554219,Jakarta,121,20.827,63.446
2025-11-14 08:25:17.554219,Jakarta,106,33.837,67.615
2025-11-14 09:25:17.554219,Jakarta,166,7.279,36.642
2025-11-14 10:25:17.554219,Jakarta,128,10.529,83.565
2025-11-14 11:25:17.554219,Jakarta,81,20.952,87.497
2025-11-14 12:25:17.554219,Jakarta,98,10.032,88.922
2025-11-14 13:25:17.554219,Jakarta,72,21.284,48.476
2025-11-14 14:25:17.554219,Jakarta,63,25.174,66.388
2025-11-14 15:25:17.554219,Jakarta,93,8.796,34.004
2025-11-14 16:25:17.554219,Jakarta,137,30.764,74.897
2025-11-14 17:25:17.554219,Jakarta,132,22.535,32.234
2025-11-14 18:25:17.554219,Jakarta,123,19.714,67.725
2025-11-14 19:25:17.554219,Jakarta,85,28.851,38.586
2025-11-14 20:25:17.554219,Jakarta,111,30.461,77.864
2025-11-14 21:25:17.554219,Jakarta,48,36.819,76.038
2025-11-14 22:25:17.554219,Jakarta,68,35.299,49.037
2025-11-14 23:25:17.554219,Jakarta,73,19.132,43.596
2025-11-15 00:25:17.554219,Jakarta,115,7.22,64.761
2025-11-15 01:25:17.554219,Jakarta,129,29.11,59.358
2025-11-15 02:25:17.554219,Jakarta,120,30.949,25.468
2025-11-15 03:25:17.554219,Jakarta,106,29.017,58.323
2025-11-15 04:25:17.554219,Jakarta,111,35.631,80.178
2025-11-15 05:25:17.554219,Jakarta,108,10.132,88.79
2025-11-15 06:25:17.554219,Jakarta,94,29.151,73.768
2025-11-15 07:25:17.554219,Jakarta,111,32.985,45.223
2025-11-15 08:25:17.554219,Jakarta,91,30.499,60.289
2025-11-15 09:25:17.554219,Jakarta,116,29.649,83.185
2025-11-15 10:25:17.554219,Jakarta,120,27.985,49.497
2025-11-15 11:25:17.554219,Jakarta,125,11.412,39.724
2025-11-15 12:25:17.554219,Jakarta,80,17.394,82.936
2025-11-15 13:25:17.554219,Jakarta,114,26.208,68.572
2025-11-15 14:25:17.554219,Jakarta,165,34.147,35.766
2025-11-15 15:25:17.554219,Jakarta,91,18.861,58.775
2025-11-15 16:25:17.554219,Jakarta,70,21.286,44.193
2025-11-15 17:25:17.554219,Jakarta,92,36.116,80.185
2025-11-15 18:25:17.554219,Jakarta,94,24.183,61.386
2025-11-15 19:25:17.554219,Jakarta,104,11.143,74.162
2025-11-15 20:25:17.554219,Jakarta,114,10.269,33.85
2025-11-15 21:25:17.554219,Jakarta,78,31.28,88.047
2025-11-15 22:25:17.554219,Jakarta,114,21.062,89.507
2025-11-15 23:25:17.554219,Jakarta,147,8.994,60.45
2025-11-16 00:25:17.554219,Jakarta,110,33.126,60.591
2025-11-16 01:25:17.554219,Jakarta,82,8.227,59.103
2025-11-16 02:25:17.554219,Jakarta,158,36.556,49.673
2025-11-16 03:25:17.554219,Jakarta,80,22.552,35.609
2025-11-16 04:25:17.554219,Jakarta,106,18.157,78.4
2025-11-16 05:25:17.554219,Jakarta,95,31.83,58.163
2025-11-16 06:25:17.554219,Jakarta,83,8.13,38.555
2025-11-16 07:25:17.554219,Jakarta,68,33.611,79.622
2025-11-16 08:25:17.554219,Jakarta,102,31.405,81.234
2025-11-16 09:25:17.554219,Jakarta,137,5.106,32.44
2025-11-16 10:25:17.554219,Jakarta,88,6.532,65.456
2025-11-16 11:25:17.554219,Jakarta,175,8.245,49.309
2025-11-16 12:25:17.554219,Jakarta,113,15.648,79.067
2025-11-16 13:25:17.554219,Jakarta,87,14.713,53.435
2025-11-16 14:25:17.554219,Jakarta,100,26.57,64.143
2025-11-16 15:25:17.554219,Jakarta,96,35.428,83.498
2025-11-16 16:25:17.554219,Jakarta,62,15.553,66.324
2025-11-16 17:25:17.554219,Jakarta,120,27.939,26.945
2025-11-16 18:25:17.554219,Jakarta,53,36.859,29.404
2025-11-16 19:25:17.554219,Jakarta,139,37.863,52.35
2025-11-16 20:25:17.554219,Jakarta,68,28.617,49.088
2025-11-16 21:25:17.554219,Jakarta,131,32.943,31.891
2025-11-16 22:25:17.554219,Jakarta,120,29.593,55.743
2025-11-16 23:25:17.554219,Jakarta,71,21.678,43.218
2025-11-17 00:25:17.554219,Jakarta,74,14.013,47.529
2025-11-17 01:25:17.554219,Jakarta,124,29.476,68.977
2025-11-17 02:25:17.554219,Jakarta,125,11.292,59.359
2025-11-17 03:25:17.554219,Jakarta,89,8.765,53.014
2025-11-17 04:25:17.554219,Jakarta,137,8.345,40.742
2025-11-17 05:25:17.554219,Jakarta,99,21.991,29.806
2025-11-17 06:25:17.554219,Jakarta,109,30.057,72.958
2025-11-17 07:25:17.554219,Jakarta,147,16.627,30.99
2025-11-17 08:25:17.554219,Jakarta,104,26.03,39.277
2025-11-17 09:25:17.554219,Jakarta,85,15.62,82.814
2025-11-17 10:25:17.554219,Jakarta,112,31.901,29.769
2025-11-17 11:25:17.554219,Jakarta,105,33.01,89.31
2025-11-17 12:25:17.554219,Jakarta,83,6.021,60.734
2025-11-17 13:25:17.554219,Jakarta,105,26.752,63.669
2025-11-17 14:25:17.554219,Jakarta,107,5.133,64.483
2025-11-17 15:25:17.554219,Jakarta,89,22.209,78.478
2025-11-17 16:25:17.554219,Jakarta,123,28.772,28.876
2025-11-17 17:25:17.554219,Jakarta,111,21.114,28.236
2025-11-17 18:25:17.554219,Jakarta,100,13.567,27.801
2025-11-17 19:25:17.554219,Jakarta,146,31.018,35.607
2025-11-17 20:25:17.554219,Jakarta,90,13.604,81.587
2025-11-17 21:25:17.554219,Jakarta,99,24.585,43.17
2025-11-17 22:25:17.554219,Jakarta,149,33.868,46.129
2025-11-17 23:25:17.554219,Jakarta,72,32.472,73.544
2025-11-18 00:25:17.554219,Jakarta,101,18.614,37.651
2025-11-18 01:25:17.554219,Jakarta,79,34.582,47.765
2025-11-18 02:25:17.554219,Jakarta,97,27.777,62.959
2025-11-18 03:25:17.554219,Jakarta,147,23.651,35.343
2025-11-18 04:25:17.554219,Jakarta,82,6.506,76.771
2025-11-18 05:25:17.554219,Jakarta,73,26.324,44.383
2025-11-18 06:25:17.554219,Jakarta,103,17.737,84.982
2025-11-18 07:25:17.554219,Jakarta,127,36.008,80.493
2025-11-18 08:25:17.554219,Jakarta,83,9.627,36.754
2025-11-18 09:25:17.554219,Jakarta,105,21.938,52.008
2025-11-18 10:25:17.554219,Jakarta,111,23.637,88.649
2025-11-18 11:25:17.554219,Jakarta,147,36.095,48.065
2025-11-18 12:25:17.554219,Jakarta,72,24.828,43.522
2025-11-18 13:25:17.554219,Jakarta,102,26.124,36.854
2025-11-18 14:25:17.554219,Jakarta,117,31.454,34.831
2025-11-18 15:25:17.554219,Jakarta,92,9.12,64.987
2025-11-18 16:25:17.554219,Jakarta,89,30.675,82.238
2025-11-18 17:25:17.554219,Jakarta,103,32.137,27.341
2025-11-18 18:25:17.554219,Jakarta,109,17.095,69.383
2025-11-18 19:25:17.554219,Jakarta,88,9.012,55.106
2025-11-18 20:25:17.554219,Jakarta,122,29.363,75.881
2025-11-18 21:25:17.554219,Jakarta,89,17.445,35.748
2025-11-18 22:25:17.554219,Jakarta,93,12.851,28.789
2025-11-18 23:25:17.554219,Jakarta,124,10.617,41.634
2025-11-19 00:25:17.554219,Jakarta,88,31.743,34.614
2025-11-19 01:25:17.554219,Jakarta,107,15.473,72.049
2025-11-19 02:25:17.554219,Jakarta,73,18.552,45.674
2025-11-19 03:25:17.554219,Jakarta,133,7.081,73.754
2025-11-19 04:25:17.554219,Jakarta,150,37.973,41.775
2025-11-19 05:25:17.554219,Jakarta,137,37.007,51.824
2025-11-19 06:25:17.554219,Jakarta,100,5.377,86.31
2025-11-19 07:25:17.554219,Jakarta,93,12.236,66.515
2025-11-19 08:25:17.554219,Jakarta,60,13.376,63.098
2025-11-19 09:25:17.554219,Jakarta,98,33.208,36.364
2025-11-19 10:25:17.554219,Jakarta,98,35.874,49.466
2025-11-19 11:25:17.554219,Jakarta,132,24.569,36.331
2025-11-19 12:25:17.554219,Jakarta,107,8.38,76.357
2025-11-19 13:25:17.554219,Jakarta,147,20.925,78.767
2025-11-19 14:25:17.554219,Jakarta,114,24.581,79.835
2025-11-19 15:25:17.554219,Jakarta,121,10.7,43.943
2025-11-19 16:25:17.554219,Jakarta,121,15.262,61.214
2025-11-19 17:25:17.554219,Jakarta,127,8.702,37.605
2025-11-04 18:25:17.554219,Sydney,88,22.125,37.882
2025-11-04 19:25:17.554219,Sydney,118,22.034,85.704
2025-11-04 20:25:17.554219,Sydney,94,32.238,89.948
2025-11-04 21:25:17.554219,Sydney,101,34.605,44.977
2025-11-04 22:25:17.554219,Sydney,72,15.639,32.602
2025-11-04 23:25:17.554219,Sydney,94,6.173,62.509
2025-11-05 00:25:17.554219,Sydney,126,20.828,51.847
2025-11-05 01:25:17.554219,Sydney,123,24.813,82.882
2025-11-05 02:25:17.554219,Sydney,62,35.667,40.48
2025-11-05 03:25:17.554219,Sydney,115,35.312,25.084
2025-11-05 04:25:17.554219,Sydney,146,36.292,43.887
2025-11-05 05:25:17.554219,Sydney,193,34.785,53.453
2025-11-05 06:25:17.554219,Sydney,101,12.368,52.713
2025-11-05 07:25:17.554219,Sydney,134,24.511,52.956
2025-11-05 08:25:17.554219,Sydney,75,33.1,44.614
2025-11-05 09:25:17.554219,Sydney,85,28.946,61.492
2025-11-05 10:25:17.554219,Sydney,93,23.301,31.244
2025-11-05 11:25:17.554219,Sydney,88,34.267,61.416
2025-11-05 12:25:17.554219,Sydney,79,35.585,39.315
2025-11-05 13:25:17.554219,Sydney,126,25.376,27.714
2025-11-05 14:25:17.554219,Sydney,91,6.865,46.977
2025-11-05 15:25:17.554219,Sydney,118,19.376,81.929
2025-11-05 16:25:17.554219,Sydney,65,17.756,45.052
2025-11-05 17:25:17.554219,Sydney,107,9.435,36.944
2025-11-05 18:25:17.554219,Sydney,62,17.469,32.892
2025-11-05 19:25:17.554219,Sydney,132,27.511,85.262
2025-11-05 20:25:17.554219,Sydney,144,15.926,25.803
2025-11-05 21:25:17.554219,Sydney,103,24.233,87.762
2025-11-05 22:25:17.554219,Sydney,128,19.536,81.722
2025-11-05 23:25:17.554219,Sydney,175,36.215,78.826
2025-11-06 00:25:17.554219,Sydney,145,26.963,46.229
2025-11-06 01:25:17.554219,Sydney,104,33.053,35.777
2025-11-06 02:25:17.554219,Sydney,117,36.347,67.424
2025-11-06 03:25:17.554219,Sydney,118,37.838,59.324
2025-11-06 04:25:17.554219,Sydney,96,37.386,80.686
2025-11-06 05:25:17.554219,Sydney,123,6.881,63.137
2025-11-06 06:25:17.554219,Sydney,93,19.986,76.855
2025-11-06 07:25:17.554219,Sydney,102,30.941,71.152
2025-11-06 08:25:17.554219,Sydney,133,33.136,81.92
2025-11-06 09:25:17.554219,Sydney,97,18.838,52.877
2025-11-06 10:25:17.554219,Sydney,152,20.673,87.633
2025-11-06 11:25:17.554219,Sydney,102,9.614,62.427
2025-11-06 12:25:17.554219,Sydney,105,33.119,87.364
2025-11-06 13:25:17.554219,Sydney,81,22.906,62.233
2025-11-06 14:25:17.554219,Sydney,86,17.993,43.452
2025-11-06 15:25:17.554219,Sydney,106,20.338,35.581
2025-11-06 16:25:17.554219,Sydney,106,19.316,86.794
2025-11-06 17:25:17.554219,Sydney,54,37.306,53.543
2025-11-06 18:25:17.554219,Sydney,117,20.592,85.981
2025-11-06 19:25:17.554219,Sydney,95,5.357,38.025
2025-11-06 20:25:17.554219,Sydney,95,15.033,75.997
2025-11-06 21:25:17.554219,Sydney,103,37.489,31.175
2025-11-06 22:25:17.554219,Sydney,117,23.473,75.342
2025-11-06 23:25:17.554219,Sydney,79,14.414,75.31
2025-11-07 00:25:17.554219,Sydney,130,27.301,48.444
2025-11-07 01:25:17.554219,Sydney,99,27.889,81.532
2025-11-07 02:25:17.554219,Sydney,47,11.655,54.836
2025-11-07 03:25:17.554219,Sydney,67,33.673,36.513
2025-11-07 04:25:17.554219,Sydney,108,14.799,49.279
2025-11-07 05:25:17.554219,Sydney,133,33.308,68.866
2025-11-07 06:25:17.554219,Sydney,111,23.496,26.862
2025-11-07 07:25:17.554219,Sydney,64,29.67,60.497
2025-11-07 08:25:17.554219,Sydney,82,8.186,65.727
2025-11-07 09:25:17.554219,Sydney,96,35.631,36.22
2025-11-07 10:25:17.554219,Sydney,93,17.807,85.539
2025-11-07 11:25:17.554219,Sydney,104,32.389,52.376
2025-11-07 12:25:17.554219,Sydney,86,6.878,35.232
2025-11-07 13:25:17.554219,Sydney,65,12.229,38.014
2025-11-07 14:25:17.554219,Sydney,133,30.273,57.065
2025-11-07 15:25:17.554219,Sydney,106,27.949,81.496
2025-11-07 16:25:17.554219,Sydney,108,25.618,54.41
2025-11-07 17:25:17.554219,Sydney,74,16.623,42.852
2025-11-07 18:25:17.554219,Sydney,82,29.267,89.392
2025-11-07 19:25:17.554219,Sydney,132,23.844,47.374
2025-11-07 20:25:17.554219,Sydney,80,21.63,73.972
2025-11-07 21:25:17.554219,Sydney,86,24.57,81.6
2025-11-07 22:25:17.554219,Sydney,78,19.79,63.063
2025-11-07 23:25:17.554219,Sydney,129,23.735,37.055
2025-11-08 00:25:17.554219,Sydney,72,24.873,46.676
2025-11-08 01:25:17.554219,Sydney,119,6.028,81.554
2025-11-08 02:25:17.554219,Sydney,121,37.751,76.138
2025-11-08 03:25:17.554219,Sydney,85,8.831,79.898
2025-11-08 04:25:17.554219,Sydney,61,30.785,61.042
2025-11-08 05:25:17.554219,Sydney,118,36.681,49.456
2025-11-08 06:25:17.554219,Sydney,86,20.513,31.979
2025-11-08 07:25:17.554219,Sydney,78,23.854,42.553
2025-11-08 08:25:17.554219,Sydney,79,34.547,84.378
2025-11-08 09:25:17.554219,Sydney,91,31.561,61.277
2025-11-08 10:25:17.554219,Sydney,51,18.623,60.899
2025-11-08 11:25:17.554219,Sydney,140,7.445,62.454
2025-11-08 12:25:17.554219,Sydney,97,19.46,34.571
2025-11-08 13:25:17.554219,Sydney,120,21.015,34.049
2025-11-08 14:25:17.554219,Sydney,41,6.562,64.596
2025-11-08 15:25:17.554219,Sydney,130,21.796,58.664
2025-11-08 16:25:17.554219,Sydney,128,6.442,89.41
2025-11-08 17:25:17.554219,Sydney,108,29.515,85.362
2025-11-08 18:25:17.554219,Sydney,100,9.135,76.591
2025-11-08 19:25:17.554219,Sydney,87,9.084,30.573
2025-11-08 20:25:17.554219,Sydney,89,26.974,75.308
2025-11-08 21:25:17.554219,Sydney,110,24.671,39.483
2025-11-08 22:25:17.554219,Sydney,152,35.31,85.215
2025-11-08 23:25:17.554219,Sydney,87,25.942,66.796
2025-11-09 00:25:17.554219,Sydney,96,32.765,80.52
2025-11-09 01:25:17.554219,Sydney,91,17.203,77.629
2025-11-09 02:25:17.554219,Sydney,94,9.188,88.704
2025-11-09 03:25:17.554219,Sydney,122,32.375,27.222
2025-11-09 04:25:17.554219,Sydney,122,18.609,25.239
2025-11-09 05:25:17.554219,Sydney,78,20.954,44.912
2025-11-09 06:25:17.554219,Sydney,53,13.667,38.605
2025-11-09 07:25:17.554219,Sydney,87,6.942,68.717
2025-11-09 08:25:17.554219,Sydney,105,13.686,58.076
2025-11-09 09:25:17.554219,Sydney,109,7.194,25.543
2025-11-09 10:25:17.554219,Sydney,97,23.733,48.995
2025-11-09 11:25:17.554219,Sydney,111,36.68,48.607
2025-11-09 12:25:17.554219,Sydney,142,10.872,74.205
2025-11-09 13:25:17.554219,Sydney,67,5.964,69.795
2025-11-09 14:25:17.554219,Sydney,144,13.689,53.117
2025-11-09 15:25:17.554219,Sydney,81,14.369,30.243
2025-11-09 16:25:17.554219,Sydney,85,9.367,42.423
2025-11-09 17:25:17.554219,Sydney,119,21.309,61.124
2025-11-09 18:25:17.554219,Sydney,100,10.688,34.429
2025-11-09 19:25:17.554219,Sydney,134,24.588,27.073
2025-11-09 20:25:17.554219,Sydney,141,24.401,76.395
2025-11-09 21:25:17.554219,Sydney,105,30.992,40.408
2025-11-09 22:25:17.554219,Sydney,67,14.024,56.308
2025-11-09 23:25:17.554219,Sydney,83,23.798,56.919
2025-11-10 00:25:17.554219,Sydney,132,19.72,44.624
2025-11-10 01:25:17.554219,Sydney,100,31.038,88.285
2025-11-10 02:25:17.554219,Sydney,85,18.989,32.528
2025-11-10 03:25:17.554219,Sydney,78,16.064,54.06
2025-11-10 04:25:17.554219,Sydney,139,26.138,72.118
2025-11-10 05:25:17.554219,Sydney,153,11.908,82.959
2025-11-10 06:25:17.554219,Sydney,64,28.987,89.527
2025-11-10 07:25:17.554219,Sydney,140,32.735,53.442
2025-11-10 08:25:17.554219,Sydney,117,27.431,62.568
2025-11-10 09:25:17.554219,Sydney,64,8.768,89.994
2025-11-10 10:25:17.554219,Sydney,83,5.738,28.976
2025-11-10 11:25:17.554219,Sydney,97,35.451,74.227
2025-11-10 12:25:17.554219,Sydney,113,29.498,75.681
2025-11-10 13:25:17.554219,Sydney,142,30.184,32.611
2025-11-10 14:25:17.554219,Sydney,107,7.034,31.256
2025-11-10 15:25:17.554219,Sydney,87,21.28,81.338
2025-11-10 16:25:17.554219,Sydney,61,23.441,78.96
2025-11-10 17:25:17.554219,Sydney,88,33.525,86.315
2025-11-10 18:25:17.554219,Sydney,145,22.411,78.129
2025-11-10 19:25:17.554219,Sydney,169,27.222,51.051
2025-11-10 20:25:17.554219,Sydney,86,18.245,49.722
2025-11-10 21:25:17.554219,Sydney,98,25.56,37.084
2025-11-10 22:25:17.554219,Sydney,113,24.632,33.04
2025-11-10 23:25:17.554219,Sydney,49,32.528,57.6
2025-11-11 00:25:17.554219,Sydney,108,5.45,53.735
2025-11-11 01:25:17.554219,Sydney,104,7.085,79.914
2025-11-11 02:25:17.554219,Sydney,36,28.637,70.518
2025-11-11 03:25:17.554219,Sydney,134,8.438,71.996
2025-11-11 04:25:17.554219,Sydney,132,5.377,64.31
2025-11-11 05:25:17.554219,Sydney,143,20.321,49.77
2025-11-11 06:25:17.554219,Sydney,100,29.527,80.13
2025-11-11 07:25:17.554219,Sydney,112,21.592,48.557
2025-11-11 08:25:17.554219,Sydney,105,7.522,84.243
2025-11-11 09:25:17.554219,Sydney,70,33.912,35.245
2025-11-11 10:25:17.554219,Sydney,48,11.058,67.91
2025-11-11 11:25:17.554219,Sydney,122,23.056,55.959
2025-11-11 12:25:17.554219,Sydney,90,6.916,28.593
2025-11-11 13:25:17.554219,Sydney,105,17.609,59.272
2025-11-11 14:25:17.554219,Sydney,117,7.484,71.041
2025-11-11 15:25:17.554219,Sydney,101,5.217,32.477
2025-11-11 16:25:17.554219,Sydney,120,22.78,83.556
2025-11-11 17:25:17.554219,Sydney,129,13.968,59.77
2025-11-11 18:25:17.554219,Sydney,83,21.635,54.213
2025-11-11 19:25:17.554219,Sydney,59,17.6,36.66
2025-11-11 20:25:17.554219,Sydney,111,17.437,73.263
2025-11-11 21:25:17.554219,Sydney,76,6.068,38.669
2025-11-11 22:25:17.554219,Sydney,107,29.823,36.267
2025-11-11 23:25:17.554219,Sydney,98,29.894,28.043
2025-11-12 00:25:17.554219,Sydney,90,32.138,41.545
2025-11-12 01:25:17.554219,Sydney,149,32.559,85.115
2025-11-12 02:25:17.554219,Sydney,90,19.527,89.696
2025-11-12 03:25:17.554219,Sydney,152,9.449,75.521
2025-11-12 04:25:17.554219,Sydney,118,20.588,59.275
2025-11-12 05:25:17.554219,Sydney,117,19.223,79.996
2025-11-12 06:25:17.554219,Sydney,139,34.525,69.518
2025-11-12 07:25:17.554219,Sydney,104,22.358,62.091
2025-11-12 08:25:17.554219,Sydney,121,26.202,87.435
2025-11-12 09:25:17.554219,Sydney,155,21.863,51.113
2025-11-12 10:25:17.554219,Sydney,130,12.35,70.28
2025-11-12 11:25:17.554219,Sydney,84,37.117,75.029
2025-11-12 12:25:17.554219,Sydney,121,14.41,42.104
2025-11-12 13:25:17.554219,Sydney,98,17.996,29.737
2025-11-12 14:25:17.554219,Sydney,97,31.876,66.601
2025-11-12 15:25:17.554219,Sydney,161,27.943,81.695
2025-11-12 16:25:17.554219,Sydney,81,21.079,35.508
2025-11-12 17:25:17.554219,Sydney,161,19.293,62.574
2025-11-12 18:25:17.554219,Sydney,76,28.701,69.875
2025-11-12 19:25:17.554219,Sydney,84,30.404,33.21
2025-11-12 20:25:17.554219,Sydney,103,24.28,32.151
2025-11-12 21:25:17.554219,Sydney,69,24.23,86.762
2025-11-12 22:25:17.554219,Sydney,68,5.301,58.884
2025-11-12 23:25:17.554219,Sydney,84,28.649,83.055
2025-11-13 00:25:17.554219,Sydney,102,12.15,25.553
2025-11-13 01:25:17.554219,Sydney,98,25.687,87.146
2025-11-13 02:25:17.554219,Sydney,137,36.152,40.783
2025-11-13 03:25:17.554219,Sydney,82,20.343,60.055
2025-11-13 04:25:17.554219,Sydney,114,9.269,52.508
2025-11-13 05:25:17.554219,Sydney,114,16.293,45.747
2025-11-13 06:25:17.554219,Sydney,73,19.383,82.872
2025-11-13 07:25:17.554219,Sydney,134,30.29,41.31
2025-11-13 08:25:17.554219,Sydney,98,7.887,72.917
2025-11-13 09:25:17.554219,Sydney,153,17.357,71.049
2025-11-13 10:25:17.554219,Sydney,94,25.863,76.32
2025-11-13 11:25:17.554219,Sydney,89,24.838,71.986
2025-11-13 12:25:17.554219,Sydney,95,23.441,53.417
2025-11-13 13:25:17.554219,Sydney,118,7.002,28.807
2025-11-13 14:25:17.554219,Sydney,99,32.009,46.697
2025-11-13 15:25:17.554219,Sydney,132,20.871,84.284
2025-11-13 16:25:17.554219,Sydney,127,28.296,60.032
2025-11-13 17:25:17.554219,Sydney,91,24.25,48.164
2025-11-13 18:25:17.554219,Sydney,124,34.234,44.523
2025-11-13 19:25:17.554219,Sydney,118,19.954,85.79
2025-11-13 20:25:17.554219,Sydney,128,33.146,55.723
2025-11-13 21:25:17.554219,Sydney,142,26.951,64.863
2025-11-13 22:25:17.554219,Sydney,73,27.014,69.607
2025-11-13 23:25:17.554219,Sydney,75,26.63,58.111
2025-11-14 00:25:17.554219,Sydney,111,25.368,60.068
2025-11-14 01:25:17.554219,Sydney,79,27.011,29.22
2025-11-14 02:25:17.554219,Sydney,119,9.407,31.324
2025-11-14 03:25:17.554219,Sydney,120,26.557,51.829
2025-11-14 04:25:17.554219,Sydney,113,24.419,52.787
2025-11-14 05:25:17.554219,Sydney,88,8.164,53.118
2025-11-14 06:25:17.554219,Sydney,119,9.477,56.36
2025-11-14 07:25:17.554219,Sydney,123,11.496,73.134
2025-11-14 08:25:17.554219,Sydney,70,10.164,64.745
2025-11-14 09:25:17.554219,Sydney,163,16.625,48.809
2025-11-14 10:25:17.554219,Sydney,99,37.091,44.986
2025-11-14 11:25:17.554219,Sydney,109,26.38,41.221
2025-11-14 12:25:17.554219,Sydney,143,15.258,85.917
2025-11-14 13:25:17.554219,Sydney,99,35.501,72.863
2025-11-14 14:25:17.554219,Sydney,88,32.342,60.67
2025-11-14 15:25:17.554219,Sydney,60,6.542,62.841
2025-11-14 16:25:17.554219,Sydney,93,8.437,60.094
2025-11-14 17:25:17.554219,Sydney,65,8.26,79.721
2025-11-14 18:25:17.554219,Sydney,86,31.495,40.483
2025-11-14 19:25:17.554219,Sydney,119,8.702,76.265
2025-11-14 20:25:17.554219,Sydney,99,18.012,75.054
2025-11-14 21:25:17.554219,Sydney,151,5.178,68.751
2025-11-14 22:25:17.554219,Sydney,102,20.899,86.725
2025-11-14 23:25:17.554219,Sydney,58,6.03,27.399
2025-11-15 00:25:17.554219,Sydney,99,22.759,71.945
2025-11-15 01:25:17.554219,Sydney,111,21.396,86.229
2025-11-15 02:25:17.554219,Sydney,113,20.466,50.96
2025-11-15 03:25:17.554219,Sydney,99,29.404,43.115
2025-11-15 04:25:17.554219,Sydney,166,10.863,45.699
2025-11-15 05:25:17.554219,Sydney,108,20.75,32.475
2025-11-15 06:25:17.554219,Sydney,116,17.819,83.773
2025-11-15 07:25:17.554219,Sydney,123,18.027,53.546
2025-11-15 08:25:17.554219,Sydney,122,12.189,87.329
2025-11-15 09:25:17.554219,Sydney,146,21.162,72.327
2025-11-15 10:25:17.554219,Sydney,134,26.331,40.037
2025-11-15 11:25:17.554219,Sydney,129,18.156,52.62
2025-11-15 12:25:17.554219,Sydney,83,10.653,33.303
2025-11-15 13:25:17.554219,Sydney,121,26.353,74.808
2025-11-15 14:25:17.554219,Sydney,116,28.084,41.076
2025-11-15 15:25:17.554219,Sydney,126,15.164,65.215
2025-11-15 16:25:17.554219,Sydney,135,6.059,47.344
2025-11-15 17:25:17.554219,Sydney,62,36.365,32.268
2025-11-15 18:25:17.554219,Sydney,69,27.453,80.197
2025-11-15 19:25:17.554219,Sydney,109,34.389,40.322
2025-11-15 20:25:17.554219,Sydney,97,25.371,56.037
2025-11-15 21:25:17.554219,Sydney,92,11.576,27.577
2025-11-15 22:25:17.554219,Sydney,101,7.277,58.831
2025-11-15 23:25:17.554219,Sydney,109,5.655,50.939
2025-11-16 00:25:17.554219,Sydney,78,8.375,44.281
2025-11-16 01:25:17.554219,Sydney,113,33.537,76.167
2025-11-16 02:25:17.554219,Sydney,117,24.974,84.479
2025-11-16 03:25:17.554219,Sydney,99,9.832,76.193
2025-11-16 04:25:17.554219,Sydney,87,6.444,43.202
2025-11-16 05:25:17.554219,Sydney,91,9.32,68.413
2025-11-16 06:25:17.554219,Sydney,74,9.372,46.587
2025-11-16 07:25:17.554219,Sydney,86,10.933,50.654
2025-11-16 08:25:17.554219,Sydney,130,11.492,84.686
2025-11-16 09:25:17.554219,Sydney,120,18.118,64.71
2025-11-16 10:25:17.554219,Sydney,70,30.878,82.777
2025-11-16 11:25:17.554219,Sydney,111,32.379,76.05
2025-11-16 12:25:17.554219,Sydney,119,14.408,77.095
2025-11-16 13:25:17.554219,Sydney,114,5.698,76.01
2025-11-16 14:25:17.554219,Sydney,90,5.89,44.692
2025-11-16 15:25:17.554219,Sydney,108,24.91,52.464
2025-11-16 16:25:17.554219,Sydney,132,33.053,68.138
2025-11-16 17:25:17.554219,Sydney,150,6.446,66.353
2025-11-16 18:25:17.554219,Sydney,109,22.848,43.882
2025-11-16 19:25:17.554219,Sydney,106,10.649,68.16
2025-11-16 20:25:17.554219,Sydney,98,27.05,75.589
2025-11-16 21:25:17.554219,Sydney,83,27.841,64.789
2025-11-16 22:25:17.554219,Sydney,107,26.141,85.003
2025-11-16 23:25:17.554219,Sydney,93,6.628,57.325
2025-11-17 00:25:17.554219,Sydney,75,37.92,87.034
2025-11-17 01:25:17.554219,Sydney,168,10.754,28.533
2025-11-17 02:25:17.554219,Sydney,92,11.821,45.413
2025-11-17 03:25:17.554219,Sydney,98,5.295,35.122
2025-11-17 04:25:17.554219,Sydney,132,23.067,68.77
2025-11-17 05:25:17.554219,Sydney,74,7.336,82.079
2025-11-17 06:25:17.554219,Sydney,81,28.149,54.564
2025-11-17 07:25:17.554219,Sydney,151,22.31,78.997
2025-11-17 08:25:17.554219,Sydney,108,5.027,48.636
2025-11-17 09:25:17.554219,Sydney,66,36.656,43.814
2025-11-17 10:25:17.554219,Sydney,117,33.991,70.797
2025-11-17 11:25:17.554219,Sydney,111,32.818,73.311
2025-11-17 12:25:17.554219,Sydney,91,34.448,85.531
2025-11-17 13:25:17.554219,Sydney,128,9.784,71.01
2025-11-17 14:25:17.554219,Sydney,81,32.62,37.949
2025-11-17 15:25:17.554219,Sydney,107,14.28,82.267
2025-11-17 16:25:17.554219,Sydney,170,36.465,57.489
2025-11-17 17:25:17.554219,Sydney,83,21.122,63.124
2025-11-17 18:25:17.554219,Sydney,95,34.977,81.894
2025-11-17 19:25:17.554219,Sydney,97,24.521,29.395
2025-11-17 20:25:17.554219,Sydney,114,36.465,56.285
2025-11-17 21:25:17.554219,Sydney,99,31.287,67.067
2025-11-17 22:25:17.554219,Sydney,72,31.086,86.601
2025-11-17 23:25:17.554219,Sydney,120,13.63,26.724
2025-11-18 00:25:17.554219,Sydney,148,10.391,43.115
2025-11-18 01:25:17.554219,Sydney,102,24.724,82.601
2025-11-18 02:25:17.554219,Sydney,169,19.529,40.643
2025-11-18 03:25:17.554219,Sydney,95,6.882,57.505
2025-11-18 04:25:17.554219,Sydney,70,10.888,44.548
2025-11-18 05:25:17.554219,Sydney,105,33.664,65.876
2025-11-18 06:25:17.554219,Sydney,112,37.861,78.433
2025-11-18 07:25:17.554219,Sydney,131,35.171,62.734
2025-11-18 08:25:17.554219,Sydney,89,36.503,70.09
2025-11-18 09:25:17.554219,Sydney,75,11.668,38.404
2025-11-18 10:25:17.554219,Sydney,76,18.008,89.374
2025-11-18 11:25:17.554219,Sydney,120,20.177,46.057
2025-11-18 12:25:17.554219,Sydney,103,8.743,35.987
2025-11-18 13:25:17.554219,Sydney,69,22.395,34.744
2025-11-18 14:25:17.554219,Sydney,96,20.547,51.632
2025-11-18 15:25:17.554219,Sydney,159,17.541,61.416
2025-11-18 16:25:17.554219,Sydney,112,29.899,70.724
2025-11-18 17:25:17.554219,Sydney,117,9.54,85.372
2025-11-18 18:25:17.554219,Sydney,123,33.259,42.907
2025-11-18 19:25:17.554219,Sydney,126,18.42,32.933
2025-11-18 20:25:17.554219,Sydney,120,9.381,28.2
2025-11-18 21:25:17.554219,Sydney,129,15.798,26.131
2025-11-18 22:25:17.554219,Sydney,105,9.793,56.96
2025-11-18 23:25:17.554219,Sydney,93,21.592,52.958
2025-11-19 00:25:17.554219,Sydney,82,21.807,56.198
2025-11-19 01:25:17.554219,Sydney,61,24.153,25.939
2025-11-19 02:25:17.554219,Sydney,100,6.349,29.544
2025-11-19 03:25:17.554219,Sydney,81,13.581,77.427
2025-11-19 04:25:17.554219,Sydney,97,24.722,53.163
2025-11-19 05:25:17.554219,Sydney,94,16.411,52.932
2025-11-19 06:25:17.554219,Sydney,126,29.575,70.211
2025-11-19 07:25:17.554219,Sydney,107,29.052,78.285
2025-11-19 08:25:17.554219,Sydney,113,32.46,32.183
2025-11-19 09:25:17.554219,Sydney,99,10.849,27.954
2025-11-19 10:25:17.554219,Sydney,80,24.379,56.502
2025-11-19 11:25:17.554219,Sydney,127,25.624,52.873
2025-11-19 12:25:17.554219,Sydney,71,30.592,78.37
2025-11-19 13:25:17.554219,Sydney,72,17.412,73.325
2025-11-19 14:25:17.554219,Sydney,140,12.362,59.777
2025-11-19 15:25:17.554219,Sydney,94,28.615,47.672
2025-11-19 16:25:17.554219,Sydney,137,28.377,30.119
2025-11-19 17:25:17.554219,Sydney,88,5.71,63.838
2025-11-04 18:25:17.554219,Melbourne,94,11.021,34.826
2025-11-04 19:25:17.554219,Melbourne,104,18.326,29.085
2025-11-04 20:25:17.554219,Melbourne,93,15.392,63.163
2025-11-04 21:25:17.554219,Melbourne,75,5.222,33.005
2025-11-04 22:25:17.554219,Melbourne,118,22.324,41.288
2025-11-04 23:25:17.554219,Melbourne,87,20.507,42.643
2025-11-05 00:25:17.554219,Melbourne,118,6.136,68.419
2025-11-05 01:25:17.554219,Melbourne,69,24.221,88.006
2025-11-05 02:25:17.554219,Melbourne,114,19.336,89.846
2025-11-05 03:25:17.554219,Melbourne,127,23.255,63.96
2025-11-05 04:25:17.554219,Melbourne,101,22.242,57.579
2025-11-05 05:25:17.554219,Melbourne,89,33.994,80.2
2025-11-05 06:25:17.554219,Melbourne,137,17.121,85.125
2025-11-05 07:25:17.554219,Melbourne,98,34.057,78.92
2025-11-05 08:25:17.554219,Melbourne,96,22.368,67.071
2025-11-05 09:25:17.554219,Melbourne,60,16.764,30.294
2025-11-05 10:25:17.554219,Melbourne,101,6.733,80.41
2025-11-05 11:25:17.554219,Melbourne,74,29.148,41.698
2025-11-05 12:25:17.554219,Melbourne,76,18.326,82.451
2025-11-05 13:25:17.554219,Melbourne,69,29.383,77.386
2025-11-05 14:25:17.554219,Melbourne,120,24.107,73.305
2025-11-05 15:25:17.554219,Melbourne,116,15.398,26.945
2025-11-05 16:25:17.554219,Melbourne,66,31.585,88.132
2025-11-05 17:25:17.554219,Melbourne,141,26.174,76.431
2025-11-05 18:25:17.554219,Melbourne,104,20.015,84.844
2025-11-05 19:25:17.554219,Melbourne,137,27.609,47.33
2025-11-05 20:25:17.554219,Melbourne,134,9.674,42.76
2025-11-05 21:25:17.554219,Melbourne,135,37.84,27.795
2025-11-05 22:25:17.554219,Melbourne,92,6.517,25.269
2025-11-05 23:25:17.554219,Melbourne,83,6.99,32.017
2025-11-06 00:25:17.554219,Melbourne,135,10.167,27.271
2025-11-06 01:25:17.554219,Melbourne,97,12.617,31.322
2025-11-06 02:25:17.554219,Melbourne,122,14.064,48.5
2025-11-06 03:25:17.554219,Melbourne,119,18.477,59.499
2025-11-06 04:25:17.554219,Melbourne,108,10.68,53.332
2025-11-06 05:25:17.554219,Melbourne,110,16.636,76.206
2025-11-06 06:25:17.554219,Melbourne,122,9.361,55.625
2025-11-06 07:25:17.554219,Melbourne,81,6.787,25.585
2025-11-06 08:25:17.554219,Melbourne,115,23.218,35.226
2025-11-06 09:25:17.554219,Melbourne,79,9.572,67.249
2025-11-06 10:25:17.554219,Melbourne,89,29.459,78.241
2025-11-06 11:25:17.554219,Melbourne,78,18.934,45.772
2025-11-06 12:25:17.554219,Melbourne,103,18.97,35.034
2025-11-06 13:25:17.554219,Melbourne,66,5.522,42.641
2025-11-06 14:25:17.554219,Melbourne,116,5.723,34.936
2025-11-06 15:25:17.554219,Melbourne,56,10.653,49.08
2025-11-06 16:25:17.554219,Melbourne,99,30.423,75.351
2025-11-06 17:25:17.554219,Melbourne,126,31.076,74.772
2025-11-06 18:25:17.554219,Melbourne,123,7.148,26.488
2025-11-06 19:25:17.554219,Melbourne,118,35.417,75.332
2025-11-06 20:25:17.554219,Melbourne,69,5.83,78.513
2025-11-06 21:25:17.554219,Melbourne,120,15.479,59.637
2025-11-06 22:25:17.554219,Melbourne,110,11.306,85.395
2025-11-06 23:25:17.554219,Melbourne,120,9.421,65.383
2025-11-07 00:25:17.554219,Melbourne,101,8.798,49.508
2025-11-07 01:25:17.554219,Melbourne,140,27.305,86.639
2025-11-07 02:25:17.554219,Melbourne,90,10.488,57.173
2025-11-07 03:25:17.554219,Melbourne,129,9.441,69.278
2025-11-07 04:25:17.554219,Melbourne,92,10.974,65.393
2025-11-07 05:25:17.554219,Melbourne,72,35.065,35.88
2025-11-07 06:25:17.554219,Melbourne,124,10.347,34.629
2025-11-07 07:25:17.554219,Melbourne,75,35.842,48.091
2025-11-07 08:25:17.554219,Melbourne,82,5.926,89.997
2025-11-07 09:25:17.554219,Melbourne,103,20.079,75.895
2025-11-07 10:25:17.554219,Melbourne,164,9.664,88.041
2025-11-07 11:25:17.554219,Melbourne,78,28.699,41.312
2025-11-07 12:25:17.554219,Melbourne,144,9.056,61.266
2025-11-07 13:25:17.554219,Melbourne,73,24.512,53.421
2025-11-07 14:25:17.554219,Melbourne,115,16.622,51.927
2025-11-07 15:25:17.554219,Melbourne,105,12.866,78.932
2025-11-07 16:25:17.554219,Melbourne,150,22.453,88.058
2025-11-07 17:25:17.554219,Melbourne,79,22.491,42.768
2025-11-07 18:25:17.554219,Melbourne,104,24.366,82.556
2025-11-07 19:25:17.554219,Melbourne,151,9.744,42.697
2025-11-07 20:25:17.554219,Melbourne,69,15.881,33.543
2025-11-07 21:25:17.554219,Melbourne,103,27.102,50.616
2025-11-07 22:25:17.554219,Melbourne,94,32.437,56.84
2025-11-07 23:25:17.554219,Melbourne,113,17.515,72.233
2025-11-08 00:25:17.554219,Melbourne,97,12.071,64.172
2025-11-08 01:25:17.554219,Melbourne,126,31.217,35.032
2025-11-08 02:25:17.554219,Melbourne,99,11.887,44.438
2025-11-08 03:25:17.554219,Melbourne,105,14.76,55.601
2025-11-08 04:25:17.554219,Melbourne,152,35.747,87.841
2025-11-08 05:25:17.554219,Melbourne,113,9.527,30.216
2025-11-08 06:25:17.554219,Melbourne,98,29.583,60.486
2025-11-08 07:25:17.554219,Melbourne,124,19.948,69.493
2025-11-08 08:25:17.554219,Melbourne,83,9.106,41.495
2025-11-08 09:25:17.554219,Melbourne,93,32.944,36.268
2025-11-08 10:25:17.554219,Melbourne,101,11.332,50.153
2025-11-08 11:25:17.554219,Melbourne,91,25.245,52.301
2025-11-08 12:25:17.554219,Melbourne,131,27.64,43.347
2025-11-08 13:25:17.554219,Melbourne,109,14.489,44.74
2025-11-08 14:25:17.554219,Melbourne,121,17.36,41.88
2025-11-08 15:25:17.554219,Melbourne,94,16.892,41.668
2025-11-08 16:25:17.554219,Melbourne,90,17.449,61.693
2025-11-08 17:25:17.554219,Melbourne,138,37.082,62.799
2025-11-08 18:25:17.554219,Melbourne,107,19.172,48.341
2025-11-08 19:25:17.554219,Melbourne,106,26.937,37.512
2025-11-08 20:25:17.554219,Melbourne,78,28.039,32.717
2025-11-08 21:25:17.554219,Melbourne,105,16.433,85.24
2025-11-08 22:25:17.554219,Melbourne,65,18.845,29.435
2025-11-08 23:25:17.554219,Melbourne,128,23.439,89.031
2025-11-09 00:25:17.554219,Melbourne,81,27.066,31.041
2025-11-09 01:25:17.554219,Melbourne,61,36.371,30.462
2025-11-09 02:25:17.554219,Melbourne,124,34.179,34.664
2025-11-09 03:25:17.554219,Melbourne,174,37.712,64.636
2025-11-09 04:25:17.554219,Melbourne,100,23.113,51.537
2025-11-09 05:25:17.554219,Melbourne,122,12.819,72.512
2025-11-09 06:25:17.554219,Melbourne,91,5.235,48.429
2025-11-09 07:25:17.554219,Melbourne,110,18.54,39.044
2025-11-09 08:25:17.554219,Melbourne,89,25.076,79.021
2025-11-09 09:25:17.554219,Melbourne,98,22.763,50.324
2025-11-09 10:25:17.554219,Melbourne,72,32.629,59.065
2025-11-09 11:25:17.554219,Melbourne,83,18.648,71.128
2025-11-09 12:25:17.554219,Melbourne,98,23.725,40.919
2025-11-09 13:25:17.554219,Melbourne,115,13.297,34.486
2025-11-09 14:25:17.554219,Melbourne,115,18.228,60.725
2025-11-09 15:25:17.554219,Melbourne,89,20.506,80.374
2025-11-09 16:25:17.554219,Melbourne,87,10.588,54.354
2025-11-09 17:25:17.554219,Melbourne,133,9.362,26.143
2025-11-09 18:25:17.554219,Melbourne,191,18.6,34.296
2025-11-09 19:25:17.554219,Melbourne,108,26.213,33.715
2025-11-09 20:25:17.554219,Melbourne,103,27.074,71.688
2025-11-09 21:25:17.554219,Melbourne,117,32.269,56.255
2025-11-09 22:25:17.554219,Melbourne,105,11.037,81.702
2025-11-09 23:25:17.554219,Melbourne,106,10.536,75.304
2025-11-10 00:25:17.554219,Melbourne,115,19.014,53.753
2025-11-10 01:25:17.554219,Melbourne,81,19.182,26.106
2025-11-10 02:25:17.554219,Melbourne,87,28.128,63.459
2025-11-10 03:25:17.554219,Melbourne,120,19.438,25.538
2025-11-10 04:25:17.554219,Melbourne,113,8.454,77.924
2025-11-10 05:25:17.554219,Melbourne,137,18.999,36.853
2025-11-10 06:25:17.554219,Melbourne,74,18.21,88.325
2025-11-10 07:25:17.554219,Melbourne,98,15.418,29.131
2025-11-10 08:25:17.554219,Melbourne,95,5.18,46.463
2025-11-10 09:25:17.554219,Melbourne,87,31.229,78.578
2025-11-10 10:25:17.554219,Melbourne,113,12.846,58.694
2025-11-10 11:25:17.554219,Melbourne,122,5.463,35.067
2025-11-10 12:25:17.554219,Melbourne,90,35.636,60.504
2025-11-10 13:25:17.554219,Melbourne,86,26.211,35.83
2025-11-10 14:25:17.554219,Melbourne,128,30.971,37.941
2025-11-10 15:25:17.554219,Melbourne,108,11.059,76.573
2025-11-10 16:25:17.554219,Melbourne,132,17.885,81.768
2025-11-10 17:25:17.554219,Melbourne,130,12.663,41.545
2025-11-10 18:25:17.554219,Melbourne,138,10.845,80.421
2025-11-10 19:25:17.554219,Melbourne,93,6.002,39.04
2025-11-10 20:25:17.554219,Melbourne,79,34.702,35.915
2025-11-10 21:25:17.554219,Melbourne,91,24.733,28.196
2025-11-10 22:25:17.554219,Melbourne,120,27.79,58.902
2025-11-10 23:25:17.554219,Melbourne,64,31.697,48.065
2025-11-11 00:25:17.554219,Melbourne,82,34.498,63.244
2025-11-11 01:25:17.554219,Melbourne,81,18.771,76.498
2025-11-11 02:25:17.554219,Melbourne,112,10.086,39.828
2025-11-11 03:25:17.554219,Melbourne,68,13.673,46.548
2025-11-11 04:25:17.554219,Melbourne,87,17.42,67.438
2025-11-11 05:25:17.554219,Melbourne,133,16.582,56.598
2025-11-11 06:25:17.554219,Melbourne,140,25.154,58.704
2025-11-11 07:25:17.554219,Melbourne,91,23.645,71.331
2025-11-11 08:25:17.554219,Melbourne,134,27.636,36.49
2025-11-11 09:25:17.554219,Melbourne,92,31.217,82.744
2025-11-11 10:25:17.554219,Melbourne,112,10.426,50.718
2025-11-11 11:25:17.554219,Melbourne,84,20.914,36.983
2025-11-11 12:25:17.554219,Melbourne,64,8.206,35.454
2025-11-11 13:25:17.554219,Melbourne,62,19.95,34.365
2025-11-11 14:25:17.554219,Melbourne,78,19.295,57.213
2025-11-11 15:25:17.554219,Melbourne,104,35.804,64.665
2025-11-11 16:25:17.554219,Melbourne,110,13.602,53.63
2025-11-11 17:25:17.554219,Melbourne,124,10.455,49.078
2025-11-11 18:25:17.554219,Melbourne,155,12.367,46.467
2025-11-11 19:25:17.554219,Melbourne,99,19.265,69.97
2025-11-11 20:25:17.554219,Melbourne,109,16.658,68.674
2025-11-11 21:25:17.554219,Melbourne,103,13.345,80.507
2025-11-11 22:25:17.554219,Melbourne,183,33.092,72.206
2025-11-11 23:25:17.554219,Melbourne,66,27.36,43.084
2025-11-12 00:25:17.554219,Melbourne,115,31.452,69.75
2025-11-12 01:25:17.554219,Melbourne,83,36.237,70.028
2025-11-12 02:25:17.554219,Melbourne,99,9.267,30.599
2025-11-12 03:25:17.554219,Melbourne,175,18.166,62.139
2025-11-12 04:25:17.554219,Melbourne,53,27.385,62.118
2025-11-12 05:25:17.554219,Melbourne,69,13.471,45.238
2025-11-12 06:25:17.554219,Melbourne,96,16.955,68.11
2025-11-12 07:25:17.554219,Melbourne,103,35.774,86.519
2025-11-12 08:25:17.554219,Melbourne,153,13.608,41.57
2025-11-12 09:25:17.554219,Melbourne,97,16.912,28.736
2025-11-12 10:25:17.554219,Melbourne,82,35.147,43.343
2025-11-12 11:25:17.554219,Melbourne,96,19.487,57.84
2025-11-12 12:25:17.554219,Melbourne,116,20.738,27.505
2025-11-12 13:25:17.554219,Melbourne,112,27.273,52.804
2025-11-12 14:25:17.554219,Melbourne,98,10.877,27.724
2025-11-12 15:25:17.554219,Melbourne,86,16.716,52.467
2025-11-12 16:25:17.554219,Melbourne,134,32.569,47.491
2025-11-12 17:25:17.554219,Melbourne,69,31.342,89.781
2025-11-12 18:25:17.554219,Melbourne,169,34.203,76.86
2025-11-12 19:25:17.554219,Melbourne,83,20.78,85.913
2025-11-12 20:25:17.554219,Melbourne,118,23.57,54.82
2025-11-12 21:25:17.554219,Melbourne,129,31.54,59.789
2025-11-12 22:25:17.554219,Melbourne,84,21.19,46.767
2025-11-12 23:25:17.554219,Melbourne,93,25.978,77.134
2025-11-13 00:25:17.554219,Melbourne,112,7.737,72.161
2025-11-13 01:25:17.554219,Melbourne,125,25.688,82.734
2025-11-13 02:25:17.554219,Melbourne,110,13.807,87.863
2025-11-13 03:25:17.554219,Melbourne,80,12.631,62.581
2025-11-13 04:25:17.554219,Melbourne,93,20.145,29.8
2025-11-13 05:25:17.554219,Melbourne,76,25.96,29.199
2025-11-13 06:25:17.554219,Melbourne,105,26.559,47.786
2025-11-13 07:25:17.554219,Melbourne,78,25.394,86.173
2025-11-13 08:25:17.554219,Melbourne,95,24.439,36.1
2025-11-13 09:25:17.554219,Melbourne,99,37.167,83.493
2025-11-13 10:25:17.554219,Melbourne,96,33.453,65.376
2025-11-13 11:25:17.554219,Melbourne,63,29.82,70.085
2025-11-13 12:25:17.554219,Melbourne,81,31.876,56.828
2025-11-13 13:25:17.554219,Melbourne,151,21.66,84.733
2025-11-13 14:25:17.554219,Melbourne,138,5.496,64.724
2025-11-13 15:25:17.554219,Melbourne,105,18.887,31.816
2025-11-13 16:25:17.554219,Melbourne,108,25.503,76.31
2025-11-13 17:25:17.554219,Melbourne,77,17.081,66.402
2025-11-13 18:25:17.554219,Melbourne,91,6.289,28.195
2025-11-13 19:25:17.554219,Melbourne,105,31.695,55.606
2025-11-13 20:25:17.554219,Melbourne,107,35.132,80.941
2025-11-13 21:25:17.554219,Melbourne,100,12.729,39.765
2025-11-13 22:25:17.554219,Melbourne,67,10.015,29.52
2025-11-13 23:25:17.554219,Melbourne,88,26.192,86.443
2025-11-14 00:25:17.554219,Melbourne,94,6.079,65.926
2025-11-14 01:25:17.554219,Melbourne,99,12.798,32.295
2025-11-14 02:25:17.554219,Melbourne,118,21.638,50.521
2025-11-14 03:25:17.554219,Melbourne,119,15.457,34.41
2025-11-14 04:25:17.554219,Melbourne,111,14.463,41.029
2025-11-14 05:25:17.554219,Melbourne,100,24.941,32.701
2025-11-14 06:25:17.554219,Melbourne,68,16.41,45.993
2025-11-14 07:25:17.554219,Melbourne,105,7.979,28.407
2025-11-14 08:25:17.554219,Melbourne,87,28.933,76.587
2025-11-14 09:25:17.554219,Melbourne,79,18.804,45.923
2025-11-14 10:25:17.554219,Melbourne,116,8.06,27.191
2025-11-14 11:25:17.554219,Melbourne,77,37.629,31.421
2025-11-14 12:25:17.554219,Melbourne,134,25.516,50.567
2025-11-14 13:25:17.554219,Melbourne,98,34.189,45.053
2025-11-14 14:25:17.554219,Melbourne,135,5.02,76.48
2025-11-14 15:25:17.554219,Melbourne,84,5.138,73.867
2025-11-14 16:25:17.554219,Melbourne,101,9.965,69.204
2025-11-14 17:25:17.554219,Melbourne,67,6.13,89.328
2025-11-14 18:25:17.554219,Melbourne,70,16.218,66.843
2025-11-14 19:25:17.554219,Melbourne,102,24.189,72.319
2025-11-14 20:25:17.554219,Melbourne,125,26.701,86.976
2025-11-14 21:25:17.554219,Melbourne,70,7.928,65.606
2025-11-14 22:25:17.554219,Melbourne,97,25.104,67.826
2025-11-14 23:25:17.554219,Melbourne,120,32.184,70.728
2025-11-15 00:25:17.554219,Melbourne,85,24.213,63.994
2025-11-15 01:25:17.554219,Melbourne,92,15.843,72.287
2025-11-15 02:25:17.554219,Melbourne,90,18.306,78.366
2025-11-15 03:25:17.554219,Melbourne,83,12.089,89.719
2025-11-15 04:25:17.554219,Melbourne,142,21.505,36.746
2025-11-15 05:25:17.554219,Melbourne,88,30.618,82.533
2025-11-15 06:25:17.554219,Melbourne,90,16.491,60.439
2025-11-15 07:25:17.554219,Melbourne,124,25.358,40.108
2025-11-15 08:25:17.554219,Melbourne,80,10.789,50.612
2025-11-15 09:25:17.554219,Melbourne,124,7.79,42.842
2025-11-15 10:25:17.554219,Melbourne,116,13.279,71.836
2025-11-15 11:25:17.554219,Melbourne,83,19.083,46.474
2025-11-15 12:25:17.554219,Melbourne,129,26.706,84.331
2025-11-15 13:25:17.554219,Melbourne,121,37.549,64.614
2025-11-15 14:25:17.554219,Melbourne,71,33.986,61.414
2025-11-15 15:25:17.554219,Melbourne,77,19.923,79.441
2025-11-15 16:25:17.554219,Melbourne,107,16.201,35.573
2025-11-15 17:25:17.554219,Melbourne,130,13.708,31.675
2025-11-15 18:25:17.554219,Melbourne,116,14.038,29.209
2025-11-15 19:25:17.554219,Melbourne,114,10.932,88.381
2025-11-15 20:25:17.554219,Melbourne,128,23.664,43.019
2025-11-15 21:25:17.554219,Melbourne,130,9.966,43.275
2025-11-15 22:25:17.554219,Melbourne,79,27.103,31.156
2025-11-15 23:25:17.554219,Melbourne,116,19.085,28.064
2025-11-16 00:25:17.554219,Melbourne,99,31.063,33.105
2025-11-16 01:25:17.554219,Melbourne,114,16.01,62.99
2025-11-16 02:25:17.554219,Melbourne,116,31.763,42.387
2025-11-16 03:25:17.554219,Melbourne,100,13.408,73.767
2025-11-16 04:25:17.554219,Melbourne,98,9.488,42.345
2025-11-16 05:25:17.554219,Melbourne,106,14.468,31.907
2025-11-16 06:25:17.554219,Melbourne,109,35.025,81.592
2025-11-16 07:25:17.554219,Melbourne,56,9.427,36.694
2025-11-16 08:25:17.554219,Melbourne,65,5.572,43.555
2025-11-16 09:25:17.554219,Melbourne,101,9.748,89.994
2025-11-16 10:25:17.554219,Melbourne,61,29.184,48.391
2025-11-16 11:25:17.554219,Melbourne,105,17.286,85.49
2025-11-16 12:25:17.554219,Melbourne,93,13.122,70.152
2025-11-16 13:25:17.554219,Melbourne,82,29.118,36.194
2025-11-16 14:25:17.554219,Melbourne,117,21.433,53.755
2025-11-16 15:25:17.554219,Melbourne,125,30.355,73.161
2025-11-16 16:25:17.554219,Melbourne,97,27.377,27.384
2025-11-16 17:25:17.554219,Melbourne,83,5.705,80.381
2025-11-16 18:25:17.554219,Melbourne,145,23.507,77.867
2025-11-16 19:25:17.554219,Melbourne,143,25.885,52.77
2025-11-16 20:25:17.554219,Melbourne,85,21.176,80.887
2025-11-16 21:25:17.554219,Melbourne,132,12.396,33.158
2025-11-16 22:25:17.554219,Melbourne,47,32.219,54.375
2025-11-16 23:25:17.554219,Melbourne,79,10.065,87.849
2025-11-17 00:25:17.554219,Melbourne,62,28.609,66.38
2025-11-17 01:25:17.554219,Melbourne,114,33.243,56.714
2025-11-17 02:25:17.554219,Melbourne,107,14.375,26.382
2025-11-17 03:25:17.554219,Melbourne,109,11.314,79.97
2025-11-17 04:25:17.554219,Melbourne,132,22.052,54.685
2025-11-17 05:25:17.554219,Melbourne,128,15.687,48.028
2025-11-17 06:25:17.554219,Melbourne,89,13.68,26.861
2025-11-17 07:25:17.554219,Melbourne,115,18.966,55.977
2025-11-17 08:25:17.554219,Melbourne,124,5.908,48.691
2025-11-17 09:25:17.554219,Melbourne,112,9.439,73.6
2025-11-17 10:25:17.554219,Melbourne,75,5.744,87.296
2025-11-17 11:25:17.554219,Melbourne,95,13.827,35.469
2025-11-17 12:25:17.554219,Melbourne,104,19.163,69.61
2025-11-17 13:25:17.554219,Melbourne,74,36.73,78.74
2025-11-17 14:25:17.554219,Melbourne,85,15.673,27.299
2025-11-17 15:25:17.554219,Melbourne,116,37.96,35.548
2025-11-17 16:25:17.554219,Melbourne,92,35.359,63.009
2025-11-17 17:25:17.554219,Melbourne,122,16.899,30.409
2025-11-17 18:25:17.554219,Melbourne,114,11.604,74.529
2025-11-17 19:25:17.554219,Melbourne,106,14.491,57.537
2025-11-17 20:25:17.554219,Melbourne,113,36.287,53.851
2025-11-17 21:25:17.554219,Melbourne,51,10.248,54.706
2025-11-17 22:25:17.554219,Melbourne,71,18.171,38.327
2025-11-17 23:25:17.554219,Melbourne,53,5.674,28.454
2025-11-18 00:25:17.554219,Melbourne,93,11.211,70.263
2025-11-18 01:25:17.554219,Melbourne,100,36.185,80.305
2025-11-18 02:25:17.554219,Melbourne,132,9.034,30.186
2025-11-18 03:25:17.554219,Melbourne,105,23.914,51.084
2025-11-18 04:25:17.554219,Melbourne,77,31.626,45.27
2025-11-18 05:25:17.554219,Melbourne,88,20.957,53.856
2025-11-18 06:25:17.554219,Melbourne,106,27.411,34.777
2025-11-18 07:25:17.554219,Melbourne,112,29.215,70.368
2025-11-18 08:25:17.554219,Melbourne,66,36.766,38.62
2025-11-18 09:25:17.554219,Melbourne,84,12.618,40.371
2025-11-18 10:25:17.554219,Melbourne,114,15.627,54.629
2025-11-18 11:25:17.554219,Melbourne,85,25.527,62.233
2025-11-18 12:25:17.554219,Melbourne,91,15.146,68.277
2025-11-18 13:25:17.554219,Melbourne,121,24.183,61.113
2025-11-18 14:25:17.554219,Melbourne,99,17.995,86.603
2025-11-18 15:25:17.554219,Melbourne,68,24.147,39.906
2025-11-18 16:25:17.554219,Melbourne,83,32.329,46.87
2025-11-18 17:25:17.554219,Melbourne,65,9.706,88.27
2025-11-18 18:25:17.554219,Melbourne,111,33.074,25.355
2025-11-18 19:25:17.554219,Melbourne,96,26.165,63.533
2025-11-18 20:25:17.554219,Melbourne,121,26.448,32.847
2025-11-18 21:25:17.554219,Melbourne,116,6.726,48.11
2025-11-18 22:25:17.554219,Melbourne,76,18.877,46.598
2025-11-18 23:25:17.554219,Melbourne,89,7.662,89.66
2025-11-19 00:25:17.554219,Melbourne,42,28.533,67.529
2025-11-19 01:25:17.554219,Melbourne,138,25.942,79.623
2025-11-19 02:25:17.554219,Melbourne,130,11.214,83.338
2025-11-19 03:25:17.554219,Melbourne,120,7.283,83.657
2025-11-19 04:25:17.554219,Melbourne,70,31.882,48.446
2025-11-19 05:25:17.554219,Melbourne,96,25.623,73.195
2025-11-19 06:25:17.554219,Melbourne,96,17.222,58.929
2025-11-19 07:25:17.554219,Melbourne,150,23.995,67.849
2025-11-19 08:25:17.554219,Melbourne,142,11.122,63.121
2025-11-19 09:25:17.554219,Melbourne,104,10.584,25.359
2025-11-19 10:25:17.554219,Melbourne,132,24.862,31.854
2025-11-19 11:25:17.554219,Melbourne,85,14.527,70.794
2025-11-19 12:25:17.554219,Melbourne,119,6.129,43.435
2025-11-19 13:25:17.554219,Melbourne,159,29.256,52.435
2025-11-19 14:25:17.554219,Melbourne,85,8.83,51.892
2025-11-19 15:25:17.554219,Melbourne,81,7.908,62.317
2025-11-19 16:25:17.554219,Melbourne,91,9.236,61.041
2025-11-19 17:25:17.554219,Melbourne,109,35.819,82.816
2025-11-04 18:25:17.554219,Auckland,142,6.565,41.629
2025-11-04 19:25:17.554219,Auckland,82,33.581,88.002
2025-11-04 20:25:17.554219,Auckland,81,8.598,77.855
2025-11-04 21:25:17.554219,Auckland,130,34.86,54.83
2025-11-04 22:25:17.554219,Auckland,120,25.882,55.597
2025-11-04 23:25:17.554219,Auckland,127,20.876,38.303
2025-11-05 00:25:17.554219,Auckland,166,36.031,89.853
2025-11-05 01:25:17.554219,Auckland,89,8.62,37.304
2025-11-05 02:25:17.554219,Auckland,88,33.142,29.883
2025-11-05 03:25:17.554219,Auckland,109,9.662,36.628
2025-11-05 04:25:17.554219,Auckland,111,7.124,31.075
2025-11-05 05:25:17.554219,Auckland,128,34.975,29.128
2025-11-05 06:25:17.554219,Auckland,77,34.33,32.569
2025-11-05 07:25:17.554219,Auckland,109,21.374,63.376
2025-11-05 08:25:17.554219,Auckland,138,31.819,38.324
2025-11-05 09:25:17.554219,Auckland,131,5.689,51.888
2025-11-05 10:25:17.554219,Auckland,69,36.578,82.499
2025-11-05 11:25:17.554219,Auckland,68,8.599,45.02
2025-11-05 12:25:17.554219,Auckland,101,21.605,78.124
2025-11-05 13:25:17.554219,Auckland,104,15.911,43.853
2025-11-05 14:25:17.554219,Auckland,95,17.344,44.596
2025-11-05 15:25:17.554219,Auckland,89,23.289,72.356
2025-11-05 16:25:17.554219,Auckland,153,23.142,48.435
2025-11-05 17:25:17.554219,Auckland,89,13.497,43.737
2025-11-05 18:25:17.554219,Auckland,74,31.341,42.477
2025-11-05 19:25:17.554219,Auckland,80,12.177,82.55
2025-11-05 20:25:17.554219,Auckland,118,28.977,60.275
2025-11-05 21:25:17.554219,Auckland,62,22.972,31.828
2025-11-05 22:25:17.554219,Auckland,119,16.95,85.516
2025-11-05 23:25:17.554219,Auckland,82,20.48,39.47
2025-11-06 00:25:17.554219,Auckland,83,9.763,53.88
2025-11-06 01:25:17.554219,Auckland,115,5.932,26.873
2025-11-06 02:25:17.554219,Auckland,130,21.845,79.728
2025-11-06 03:25:17.554219,Auckland,81,26.342,51.111
2025-11-06 04:25:17.554219,Auckland,48,20.975,73.189
2025-11-06 05:25:17.554219,Auckland,79,19.982,46.542
2025-11-06 06:25:17.554219,Auckland,119,24.094,55.727
2025-11-06 07:25:17.554219,Auckland,76,9.811,28.668
2025-11-06 08:25:17.554219,Auckland,96,31.765,64.88
2025-11-06 09:25:17.554219,Auckland,74,26.074,70.05
2025-11-06 10:25:17.554219,Auckland,119,9.825,34.241
2025-11-06 11:25:17.554219,Auckland,133,9.438,27.656
2025-11-06 12:25:17.554219,Auckland,124,15.809,87.004
2025-11-06 13:25:17.554219,Auckland,126,33.199,38.717
2025-11-06 14:25:17.554219,Auckland,87,37.935,39.82
2025-11-06 15:25:17.554219,Auckland,90,8.272,66.686
2025-11-06 16:25:17.554219,Auckland,139,30.606,30.268
2025-11-06 17:25:17.554219,Auckland,84,19.344,56.254
2025-11-06 18:25:17.554219,Auckland,66,14.911,27.041
2025-11-06 19:25:17.554219,Auckland,122,32.287,63.166
2025-11-06 20:25:17.554219,Auckland,99,25.594,60.056
2025-11-06 21:25:17.554219,Auckland,138,9.276,28.312
2025-11-06 22:25:17.554219,Auckland,112,22.091,27.324
2025-11-06 23:25:17.554219,Auckland,87,16.349,30.097
2025-11-07 00:25:17.554219,Auckland,67,10.846,51.83
2025-11-07 01:25:17.554219,Auckland,97,14.583,51.595
2025-11-07 02:25:17.554219,Auckland,147,37.03,34.651
2025-11-07 03:25:17.554219,Auckland,116,27.768,55.284
2025-11-07 04:25:17.554219,Auckland,89,28.663,63.933
2025-11-07 05:25:17.554219,Auckland,86,7.877,62.826
2025-11-07 06:25:17.554219,Auckland,115,30.809,45.688
2025-11-07 07:25:17.554219,Auckland,71,17.238,83.115
2025-11-07 08:25:17.554219,Auckland,137,19.973,52.904
2025-11-07 09:25:17.554219,Auckland,115,24.032,58.148
2025-11-07 10:25:17.554219,Auckland,139,15.319,71.618
2025-11-07 11:25:17.554219,Auckland,89,26.569,71.128
2025-11-07 12:25:17.554219,Auckland,107,11.776,64.674
2025-11-07 13:25:17.554219,Auckland,90,19.251,45.715
2025-11-07 14:25:17.554219,Auckland,99,20.477,64.865
2025-11-07 15:25:17.554219,Auckland,76,16.047,57.536
2025-11-07 16:25:17.554219,Auckland,120,6.927,40.708
2025-11-07 17:25:17.554219,Auckland,105,25.721,37.378
2025-11-07 18:25:17.554219,Auckland,98,5.212,86.4
2025-11-07 19:25:17.554219,Auckland,67,16.76,77.15
2025-11-07 20:25:17.554219,Auckland,112,13.754,40.925
2025-11-07 21:25:17.554219,Auckland,66,29.097,45.529
2025-11-07 22:25:17.554219,Auckland,173,28.424,85.75
2025-11-07 23:25:17.554219,Auckland,108,16.471,77.426
2025-11-08 00:25:17.554219,Auckland,93,27.39,39.594
2025-11-08 01:25:17.554219,Auckland,137,9.797,39.746
2025-11-08 02:25:17.554219,Auckland,85,20.462,82.93
2025-11-08 03:25:17.554219,Auckland,122,34.563,46.52
2025-11-08 04:25:17.554219,Auckland,150,34.463,42.138
2025-11-08 05:25:17.554219,Auckland,76,36.664,35.917
2025-11-08 06:25:17.554219,Auckland,79,15.161,52.294
2025-11-08 07:25:17.554219,Auckland,120,24.536,50.152
2025-11-08 08:25:17.554219,Auckland,95,32.734,73.585
2025-11-08 09:25:17.554219,Auckland,71,30.791,71.026
2025-11-08 10:25:17.554219,Auckland,79,26.972,74.68
2025-11-08 11:25:17.554219,Auckland,101,7.722,30.622
2025-11-08 12:25:17.554219,Auckland,96,9.411,73.667
2025-11-08 13:25:17.554219,Auckland,127,31.61,81.013
2025-11-08 14:25:17.554219,Auckland,98,16.336,25.553
2025-11-08 15:25:17.554219,Auckland,85,36.934,31.798
2025-11-08 16:25:17.554219,Auckland,91,16.351,65.883
2025-11-08 17:25:17.554219,Auckland,121,32.603,54.312
2025-11-08 18:25:17.554219,Auckland,85,11.272,38.04
2025-11-08 19:25:17.554219,Auckland,147,9.233,33.149
2025-11-08 20:25:17.554219,Auckland,81,18.949,39.661
2025-11-08 21:25:17.554219,Auckland,104,32.722,65.975
2025-11-08 22:25:17.554219,Auckland,118,18.074,41.313
2025-11-08 23:25:17.554219,Auckland,61,23.961,82.875
2025-11-09 00:25:17.554219,Auckland,66,20.563,49.269
2025-11-09 01:25:17.554219,Auckland,80,27.286,48.99
2025-11-09 02:25:17.554219,Auckland,150,20.139,81.242
2025-11-09 03:25:17.554219,Auckland,149,9.332,86.191
2025-11-09 04:25:17.554219,Auckland,98,27.587,33.086
2025-11-09 05:25:17.554219,Auckland,72,17.697,81.128
2025-11-09 06:25:17.554219,Auckland,99,26.703,34.112
2025-11-09 07:25:17.554219,Auckland,156,26.4,60.17
2025-11-09 08:25:17.554219,Auckland,86,25.518,34.487
2025-11-09 09:25:17.554219,Auckland,120,12.552,79.122
2025-11-09 10:25:17.554219,Auckland,82,26.94,83.834
2025-11-09 11:25:17.554219,Auckland,101,13.786,61.364
2025-11-09 12:25:17.554219,Auckland,139,11.069,55.409
2025-11-09 13:25:17.554219,Auckland,69,37.612,66.403
2025-11-09 14:25:17.554219,Auckland,70,30.153,41.718
2025-11-09 15:25:17.554219,Auckland,85,13.979,85.695
2025-11-09 16:25:17.554219,Auckland,111,27.337,43.896
2025-11-09 17:25:17.554219,Auckland,96,29.117,55.026
2025-11-09 18:25:17.554219,Auckland,91,19.865,87.033
2025-11-09 19:25:17.554219,Auckland,126,24.202,59.279
2025-11-09 20:25:17.554219,Auckland,70,36.697,63.66
2025-11-09 21:25:17.554219,Auckland,56,36.919,85.058
2025-11-09 22:25:17.554219,Auckland,112,15.626,29.873
2025-11-09 23:25:17.554219,Auckland,98,22.237,58.932
2025-11-10 00:25:17.554219,Auckland,65,16.221,60.892
2025-11-10 01:25:17.554219,Auckland,106,11.71,47.109
2025-11-10 02:25:17.554219,Auckland,130,26.589,36.26
2025-11-10 03:25:17.554219,Auckland,104,21.127,43.78
2025-11-10 04:25:17.554219,Auckland,90,27.567,66.466
2025-11-10 05:25:17.554219,Auckland,119,23.922,45.046
2025-11-10 06:25:17.554219,Auckland,138,33.25,57.438
2025-11-10 07:25:17.554219,Auckland,118,22.996,77.327
2025-11-10 08:25:17.554219,Auckland,78,20.76,64.6
2025-11-10 09:25:17.554219,Auckland,72,37.322,66.273
2025-11-10 10:25:17.554219,Auckland,97,24.406,49.784
2025-11-10 11:25:17.554219,Auckland,144,12.844,54.444
2025-11-10 12:25:17.554219,Auckland,89,5.969,83.377
2025-11-10 13:25:17.554219,Auckland,80,22.02,87.12
2025-11-10 14:25:17.554219,Auckland,164,26.02,59.911
2025-11-10 15:25:17.554219,Auckland,78,24.115,58.487
2025-11-10 16:25:17.554219,Auckland,98,16.612,38.83
2025-11-10 17:25:17.554219,Auckland,134,25.761,41.136
2025-11-10 18:25:17.554219,Auckland,147,21.637,82.726
2025-11-10 19:25:17.554219,Auckland,145,10.34,73.18
2025-11-10 20:25:17.554219,Auckland,133,23.626,60.146
2025-11-10 21:25:17.554219,Auckland,88,7.892,87.325
2025-11-10 22:25:17.554219,Auckland,91,11.124,30.964
2025-11-10 23:25:17.554219,Auckland,122,17.72,48.278
2025-11-11 00:25:17.554219,Auckland,115,17.891,31.527
2025-11-11 01:25:17.554219,Auckland,91,17.908,27.585
2025-11-11 02:25:17.554219,Auckland,80,5.998,62.13
2025-11-11 03:25:17.554219,Auckland,81,13.886,88.153
2025-11-11 04:25:17.554219,Auckland,87,17.567,38.767
2025-11-11 05:25:17.554219,Auckland,81,34.98,51.469
2025-11-11 06:25:17.554219,Auckland,103,35.113,69.351
2025-11-11 07:25:17.554219,Auckland,131,22.35,87.224
2025-11-11 08:25:17.554219,Auckland,103,5.199,80.823
2025-11-11 09:25:17.554219,Auckland,135,9.145,88.037
2025-11-11 10:25:17.554219,Auckland,69,26.274,50.646
2025-11-11 11:25:17.554219,Auckland,116,30.015,62.502
2025-11-11 12:25:17.554219,Auckland,77,37.174,71.349
2025-11-11 13:25:17.554219,Auckland,59,15.172,88.162
2025-11-11 14:25:17.554219,Auckland,95,7.167,48.883
2025-11-11 15:25:17.554219,Auckland,81,5.901,87.624
2025-11-11 16:25:17.554219,Auckland,103,20.717,28.21
2025-11-11 17:25:17.554219,Auckland,142,22.715,79.541
2025-11-11 18:25:17.554219,Auckland,143,31.649,83.305
2025-11-11 19:25:17.554219,Auckland,132,19.595,76.12
2025-11-11 20:25:17.554219,Auckland,127,31.115,77.846
2025-11-11 21:25:17.554219,Auckland,113,23.484,30.414
2025-11-11 22:25:17.554219,Auckland,113,23.6,81.998
2025-11-11 23:25:17.554219,Auckland,80,10.242,73.789
2025-11-12 00:25:17.554219,Auckland,131,33.724,69.491
2025-11-12 01:25:17.554219,Auckland,83,7.823,86.584
2025-11-12 02:25:17.554219,Auckland,196,34.282,55.299
2025-11-12 03:25:17.554219,Auckland,122,6.747,30.584
2025-11-12 04:25:17.554219,Auckland,54,34.687,56.616
2025-11-12 05:25:17.554219,Auckland,103,21.194,80.513
2025-11-12 06:25:17.554219,Auckland,92,37.835,65.745
2025-11-12 07:25:17.554219,Auckland,130,30.953,45.797
2025-11-12 08:25:17.554219,Auckland,132,30.709,26.354
2025-11-12 09:25:17.554219,Auckland,109,26.456,27.091
2025-11-12 10:25:17.554219,Auckland,94,15.812,74.082
2025-11-12 11:25:17.554219,Auckland,111,30.17,85.13
2025-11-12 12:25:17.554219,Auckland,104,24.734,61.626
2025-11-12 13:25:17.554219,Auckland,89,13.417,32.103
2025-11-12 14:25:17.554219,Auckland,102,30.603,52.446
2025-11-12 15:25:17.554219,Auckland,116,21.979,28.103
2025-11-12 16:25:17.554219,Auckland,95,37.99,54.292
2025-11-12 17:25:17.554219,Auckland,92,23.136,75.178
2025-11-12 18:25:17.554219,Auckland,78,20.754,79.086
2025-11-12 19:25:17.554219,Auckland,86,23.919,76.326
2025-11-12 20:25:17.554219,Auckland,103,9.753,81.174
2025-11-12 21:25:17.554219,Auckland,108,22.056,38.121
2025-11-12 22:25:17.554219,Auckland,110,21.07,52.583
2025-11-12 23:25:17.554219,Auckland,96,13.389,61.762
2025-11-13 00:25:17.554219,Auckland,118,8.329,54.582
2025-11-13 01:25:17.554219,Auckland,167,12.154,33.979
2025-11-13 02:25:17.554219,Auckland,113,17.069,45.489
2025-11-13 03:25:17.554219,Auckland,119,30.175,71.762
2025-11-13 04:25:17.554219,Auckland,124,11.984,69.656
2025-11-13 05:25:17.554219,Auckland,135,32.896,77.571
2025-11-13 06:25:17.554219,Auckland,71,13.185,36.304
2025-11-13 07:25:17.554219,Auckland,74,23.132,77.675
2025-11-13 08:25:17.554219,Auckland,92,20.888,26.433
2025-11-13 09:25:17.554219,Auckland,176,37.725,49.317
2025-11-13 10:25:17.554219,Auckland,59,22.135,46.437
2025-11-13 11:25:17.554219,Auckland,106,25.618,88.725
2025-11-13 12:25:17.554219,Auckland,88,12.811,73.784
2025-11-13 13:25:17.554219,Auckland,152,5.442,44.123
2025-11-13 14:25:17.554219,Auckland,150,32.036,58.458
2025-11-13 15:25:17.554219,Auckland,102,16.623,67.155
2025-11-13 16:25:17.554219,Auckland,114,8.635,40.585
2025-11-13 17:25:17.554219,Auckland,80,5.054,54.62
2025-11-13 18:25:17.554219,Auckland,102,24.13,32.494
2025-11-13 19:25:17.554219,Auckland,80,15.412,71.017
2025-11-13 20:25:17.554219,Auckland,139,25.511,60.493
2025-11-13 21:25:17.554219,Auckland,94,29.94,73.497
2025-11-13 22:25:17.554219,Auckland,106,35.252,61.293
2025-11-13 23:25:17.554219,Auckland,97,25.978,63.747
2025-11-14 00:25:17.554219,Auckland,47,22.116,27.772
2025-11-14 01:25:17.554219,Auckland,88,8.87,29.102
2025-11-14 02:25:17.554219,Auckland,106,30.964,45.517
2025-11-14 03:25:17.554219,Auckland,78,32.613,36.484
2025-11-14 04:25:17.554219,Auckland,130,37.05,34.002
2025-11-14 05:25:17.554219,Auckland,129,14.89,76.18
2025-11-14 06:25:17.554219,Auckland,148,17.72,77.436
2025-11-14 07:25:17.554219,Auckland,142,9.267,60.136
2025-11-14 08:25:17.554219,Auckland,66,11.545,74.995
2025-11-14 09:25:17.554219,Auckland,102,12.688,40.533
2025-11-14 10:25:17.554219,Auckland,57,9.475,57.878
2025-11-14 11:25:17.554219,Auckland,109,30.2,57.461
2025-11-14 12:25:17.554219,Auckland,134,17.541,56.812
2025-11-14 13:25:17.554219,Auckland,100,9.626,26.99
2025-11-14 14:25:17.554219,Auckland,122,8.929,86.54
2025-11-14 15:25:17.554219,Auckland,97,34.899,33.947
2025-11-14 16:25:17.554219,Auckland,140,36.865,51.237
2025-11-14 17:25:17.554219,Auckland,125,31.87,86.778
2025-11-14 18:25:17.554219,Auckland,120,6.359,25.132
2025-11-14 19:25:17.554219,Auckland,116,36.64,54.141
2025-11-14 20:25:17.554219,Auckland,101,23.478,57.396
2025-11-14 21:25:17.554219,Auckland,73,30.136,69.383
2025-11-14 22:25:17.554219,Auckland,123,14.214,57.931
2025-11-14 23:25:17.554219,Auckland,94,21.621,38.71
2025-11-15 00:25:17.554219,Auckland,104,29.032,36.986
2025-11-15 01:25:17.554219,Auckland,106,17.909,80.809
2025-11-15 02:25:17.554219,Auckland,78,19.816,83.259
2025-11-15 03:25:17.554219,Auckland,152,33.639,35.167
2025-11-15 04:25:17.554219,Auckland,73,34.659,50.415
2025-11-15 05:25:17.554219,Auckland,58,18.921,69.2
2025-11-15 06:25:17.554219,Auckland,109,8.474,80.371
2025-11-15 07:25:17.554219,Auckland,106,28.156,50.691
2025-11-15 08:25:17.554219,Auckland,118,8.976,33.611
2025-11-15 09:25:17.554219,Auckland,134,35.178,70.079
2025-11-15 10:25:17.554219,Auckland,92,29.987,85.741
2025-11-15 11:25:17.554219,Auckland,115,22.085,43.366
2025-11-15 12:25:17.554219,Auckland,81,19.439,63.545
2025-11-15 13:25:17.554219,Auckland,76,10.015,77.156
2025-11-15 14:25:17.554219,Auckland,118,16.398,27.836
2025-11-15 15:25:17.554219,Auckland,89,12.399,41.149
2025-11-15 16:25:17.554219,Auckland,142,7.921,87.684
2025-11-15 17:25:17.554219,Auckland,93,20.714,80.114
2025-11-15 18:25:17.554219,Auckland,94,13.891,78.692
2025-11-15 19:25:17.554219,Auckland,70,27.003,57.843
2025-11-15 20:25:17.554219,Auckland,140,19.209,66.844
2025-11-15 21:25:17.554219,Auckland,68,14.74,40.146
2025-11-15 22:25:17.554219,Auckland,102,25.611,29.557
2025-11-15 23:25:17.554219,Auckland,78,33.411,59.315
2025-11-16 00:25:17.554219,Auckland,100,30.263,44.549
2025-11-16 01:25:17.554219,Auckland,129,22.9,47.038
2025-11-16 02:25:17.554219,Auckland,123,27.437,73.718
2025-11-16 03:25:17.554219,Auckland,75,37.335,26.898
2025-11-16 04:25:17.554219,Auckland,80,22.614,47.713
2025-11-16 05:25:17.554219,Auckland,129,26.175,27.281
2025-11-16 06:25:17.554219,Auckland,140,35.396,27.919
2025-11-16 07:25:17.554219,Auckland,92,20.236,72.448
2025-11-16 08:25:17.554219,Auckland,70,7.244,73.651
2025-11-16 09:25:17.554219,Auckland,120,34.823,36.815
2025-11-16 10:25:17.554219,Auckland,111,18.824,65.824
2025-11-16 11:25:17.554219,Auckland,127,22.626,46.572
2025-11-16 12:25:17.554219,Auckland,85,37.902,52.16
2025-11-16 13:25:17.554219,Auckland,114,5.627,50.431
2025-11-16 14:25:17.554219,Auckland,98,33.603,69.861
2025-11-16 15:25:17.554219,Auckland,136,21.456,52.92
2025-11-16 16:25:17.554219,Auckland,78,15.343,28.871
2025-11-16 17:25:17.554219,Auckland,91,10.417,67.25
2025-11-16 18:25:17.554219,Auckland,138,32.234,74.342
2025-11-16 19:25:17.554219,Auckland,114,24.356,86.38
2025-11-16 20:25:17.554219,Auckland,130,37.761,44.419
2025-11-16 21:25:17.554219,Auckland,108,36.026,86.353
2025-11-16 22:25:17.554219,Auckland,66,32.557,73.915
2025-11-16 23:25:17.554219,Auckland,94,11.553,82.599
2025-11-17 00:25:17.554219,Auckland,123,29.269,87.754
2025-11-17 01:25:17.554219,Auckland,93,35.071,82.766
2025-11-17 02:25:17.554219,Auckland,86,30.129,47.665
2025-11-17 03:25:17.554219,Auckland,123,22.14,85.999
2025-11-17 04:25:17.554219,Auckland,140,29.797,88.731
2025-11-17 05:25:17.554219,Auckland,119,29.666,31.606
2025-11-17 06:25:17.554219,Auckland,82,31.888,35.402
2025-11-17 07:25:17.554219,Auckland,86,34.248,26.603
2025-11-17 08:25:17.554219,Auckland,88,15.916,61.481
2025-11-17 09:25:17.554219,Auckland,97,16.612,87.264
2025-11-17 10:25:17.554219,Auckland,130,14.992,54.492
2025-11-17 11:25:17.554219,Auckland,94,27.633,29.745
2025-11-17 12:25:17.554219,Auckland,51,12.418,72.906
2025-11-17 13:25:17.554219,Auckland,93,8.275,85.865
2025-11-17 14:25:17.554219,Auckland,69,12.942,86.71
2025-11-17 15:25:17.554219,Auckland,127,10.367,75.274
2025-11-17 16:25:17.554219,Auckland,95,11.34,50.33
2025-11-17 17:25:17.554219,Auckland,100,11.456,88.767
2025-11-17 18:25:17.554219,Auckland,62,12.895,83.578
2025-11-17 19:25:17.554219,Auckland,113,29.92,64.619
2025-11-17 20:25:17.554219,Auckland,122,17.955,65.751
2025-11-17 21:25:17.554219,Auckland,104,29.756,25.389
2025-11-17 22:25:17.554219,Auckland,96,31.709,81.93
2025-11-17 23:25:17.554219,Auckland,104,10.59,66.448
2025-11-18 00:25:17.554219,Auckland,84,25.403,69.537
2025-11-18 01:25:17.554219,Auckland,114,8.923,53.334
2025-11-18 02:25:17.554219,Auckland,123,33.731,35.127
2025-11-18 03:25:17.554219,Auckland,102,37.009,29.662
2025-11-18 04:25:17.554219,Auckland,121,13.591,76.913
2025-11-18 05:25:17.554219,Auckland,116,33.206,87.915
2025-11-18 06:25:17.554219,Auckland,74,13.142,72.526
2025-11-18 07:25:17.554219,Auckland,101,22.045,71.073
2025-11-18 08:25:17.554219,Auckland,100,31.848,48.296
2025-11-18 09:25:17.554219,Auckland,62,13.627,52.644
2025-11-18 10:25:17.554219,Auckland,91,36.987,44.738
2025-11-18 11:25:17.554219,Auckland,85,11.586,42.546
2025-11-18 12:25:17.554219,Auckland,127,11.236,33.719
2025-11-18 13:25:17.554219,Auckland,121,35.141,78.472
2025-11-18 14:25:17.554219,Auckland,133,26.823,75.402
2025-11-18 15:25:17.554219,Auckland,115,27.609,76.841
2025-11-18 16:25:17.554219,Auckland,125,16.644,30.991
2025-11-18 17:25:17.554219,Auckland,107,14.817,73.499
2025-11-18 18:25:17.554219,Auckland,90,11.575,46.252
2025-11-18 19:25:17.554219,Auckland,103,25.68,38.048
2025-11-18 20:25:17.554219,Auckland,155,16.766,44.903
2025-11-18 21:25:17.554219,Auckland,134,37.018,73.758
2025-11-18 22:25:17.554219,Auckland,128,16.885,35.096
2025-11-18 23:25:17.554219,Auckland,80,22.15,71.772
2025-11-19 00:25:17.554219,Auckland,122,18.268,72.407
2025-11-19 01:25:17.554219,Auckland,115,16.99,62.736
2025-11-19 02:25:17.554219,Auckland,147,25.967,69.435
2025-11-19 03:25:17.554219,Auckland,97,32.58,85.077
2025-11-19 04:25:17.554219,Auckland,112,17.422,78.509
2025-11-19 05:25:17.554219,Auckland,98,32.322,55.741
2025-11-19 06:25:17.554219,Auckland,93,33.948,55.837
2025-11-19 07:25:17.554219,Auckland,112,24.072,78.321
2025-11-19 08:25:17.554219,Auckland,89,6.693,65.637
2025-11-19 09:25:17.554219,Auckland,83,7.161,58.512
2025-11-19 10:25:17.554219,Auckland,124,36.311,70.083
2025-11-19 11:25:17.554219,Auckland,112,23.045,51.99
2025-11-19 12:25:17.554219,Auckland,148,23.652,52.483
2025-11-19 13:25:17.554219,Auckland,76,27.957,45.946
2025-11-19 14:25:17.554219,Auckland,225,14.872,63.319
2025-11-19 15:25:17.554219,Auckland,143,11.468,54.475
2025-11-19 16:25:17.554219,Auckland,133,23.8,52.097
2025-11-19 17:25:17.554219,Auckland,63,11.602,83.238
2025-11-04 18:25:17.554219,Moscow,83,18.126,54.703
2025-11-04 19:25:17.554219,Moscow,93,19.992,45.233
2025-11-04 20:25:17.554219,Moscow,174,10.353,65.377
2025-11-04 21:25:17.554219,Moscow,107,5.912,54.896
2025-11-04 22:25:17.554219,Moscow,93,24.31,74.456
2025-11-04 23:25:17.554219,Moscow,128,26.945,78.554
2025-11-05 00:25:17.554219,Moscow,112,31.159,82.707
2025-11-05 01:25:17.554219,Moscow,136,23.159,54.275
2025-11-05 02:25:17.554219,Moscow,95,15.414,34.055
2025-11-05 03:25:17.554219,Moscow,71,21.325,62.295
2025-11-05 04:25:17.554219,Moscow,92,37.95,26.495
2025-11-05 05:25:17.554219,Moscow,97,27.593,72.739
2025-11-05 06:25:17.554219,Moscow,73,16.511,54.513
2025-11-05 07:25:17.554219,Moscow,103,26.588,64.682
2025-11-05 08:25:17.554219,Moscow,57,17.356,55.818
2025-11-05 09:25:17.554219,Moscow,48,26.573,52.907
2025-11-05 10:25:17.554219,Moscow,111,15.407,27.223
2025-11-05 11:25:17.554219,Moscow,125,5.562,80.235
2025-11-05 12:25:17.554219,Moscow,79,19.228,77.078
2025-11-05 13:25:17.554219,Moscow,99,25.021,49.174
2025-11-05 14:25:17.554219,Moscow,117,9.346,36.904
2025-11-05 15:25:17.554219,Moscow,109,36.457,59.613
2025-11-05 16:25:17.554219,Moscow,86,18.119,28.653
2025-11-05 17:25:17.554219,Moscow,106,5.659,37.941
2025-11-05 18:25:17.554219,Moscow,120,30.658,51.572
2025-11-05 19:25:17.554219,Moscow,129,21.792,80.953
2025-11-05 20:25:17.554219,Moscow,93,21.316,89.246
2025-11-05 21:25:17.554219,Moscow,128,11.169,33.986
2025-11-05 22:25:17.554219,Moscow,87,33.602,25.879
2025-11-05 23:25:17.554219,Moscow,121,20.068,71.036
2025-11-06 00:25:17.554219,Moscow,116,27.578,71.664
2025-11-06 01:25:17.554219,Moscow,135,11.653,33.13
2025-11-06 02:25:17.554219,Moscow,94,31.375,61.148
2025-11-06 03:25:17.554219,Moscow,73,36.709,76.984
2025-11-06 04:25:17.554219,Moscow,95,7.375,67.039
2025-11-06 05:25:17.554219,Moscow,108,32.867,52.787
2025-11-06 06:25:17.554219,Moscow,85,5.16,48.395
2025-11-06 07:25:17.554219,Moscow,109,29.786,34.704
2025-11-06 08:25:17.554219,Moscow,112,24.834,42.747
2025-11-06 09:25:17.554219,Moscow,104,18.09,48.379
2025-11-06 10:25:17.554219,Moscow,172,18.971,48.422
2025-11-06 11:25:17.554219,Moscow,131,33.981,69.719
2025-11-06 12:25:17.554219,Moscow,106,31.571,33.57
2025-11-06 13:25:17.554219,Moscow,119,25.106,27.947
2025-11-06 14:25:17.554219,Moscow,134,30.723,56.414
2025-11-06 15:25:17.554219,Moscow,82,32.788,26.91
2025-11-06 16:25:17.554219,Moscow,122,33.651,31.224
2025-11-06 17:25:17.554219,Moscow,136,20.801,86.303
2025-11-06 18:25:17.554219,Moscow,98,9.019,48.808
2025-11-06 19:25:17.554219,Moscow,116,32.21,88.359
2025-11-06 20:25:17.554219,Moscow,62,6.931,49.579
2025-11-06 21:25:17.554219,Moscow,91,7.896,61.366
2025-11-06 22:25:17.554219,Moscow,109,8.456,65.51
2025-11-06 23:25:17.554219,Moscow,54,31.372,83.073
2025-11-07 00:25:17.554219,Moscow,101,6.785,88.15
2025-11-07 01:25:17.554219,Moscow,143,31.076,36
2025-11-07 02:25:17.554219,Moscow,71,9.494,79.607
2025-11-07 03:25:17.554219,Moscow,81,17.264,29.496
2025-11-07 04:25:17.554219,Moscow,131,10.061,79.724
2025-11-07 05:25:17.554219,Moscow,106,36.574,60.349
2025-11-07 06:25:17.554219,Moscow,147,29.413,30.163
2025-11-07 07:25:17.554219,Moscow,111,36.415,30.901
2025-11-07 08:25:17.554219,Moscow,159,36.318,27.503
2025-11-07 09:25:17.554219,Moscow,78,28.893,62.516
2025-11-07 10:25:17.554219,Moscow,85,35.624,34.232
2025-11-07 11:25:17.554219,Moscow,110,23.61,28.867
2025-11-07 12:25:17.554219,Moscow,98,35.43,49.605
2025-11-07 13:25:17.554219,Moscow,115,23.917,57.53
2025-11-07 14:25:17.554219,Moscow,118,18.726,57.314
2025-11-07 15:25:17.554219,Moscow,90,7.535,60.615
2025-11-07 16:25:17.554219,Moscow,111,30.151,44.718
2025-11-07 17:25:17.554219,Moscow,117,19.085,70.374
2025-11-07 18:25:17.554219,Moscow,100,25.899,56.804
2025-11-07 19:25:17.554219,Moscow,107,14.069,38.762
2025-11-07 20:25:17.554219,Moscow,148,16.54,64.245
2025-11-07 21:25:17.554219,Moscow,95,16.975,30.502
2025-11-07 22:25:17.554219,Moscow,95,24.234,34.737
2025-11-07 23:25:17.554219,Moscow,143,10.635,30.546
2025-11-08 00:25:17.554219,Moscow,156,7.253,53.996
2025-11-08 01:25:17.554219,Moscow,103,9.793,79.595
2025-11-08 02:25:17.554219,Moscow,95,34.817,35.611
2025-11-08 03:25:17.554219,Moscow,91,23.277,54.532
2025-11-08 04:25:17.554219,Moscow,124,10.216,37.603
2025-11-08 05:25:17.554219,Moscow,130,7.362,89.361
2025-11-08 06:25:17.554219,Moscow,143,29.965,68.851
2025-11-08 07:25:17.554219,Moscow,95,35.084,87.081
2025-11-08 08:25:17.554219,Moscow,131,34.591,46.438
2025-11-08 09:25:17.554219,Moscow,87,12.634,43.495
2025-11-08 10:25:17.554219,Moscow,155,36.727,67.3
2025-11-08 11:25:17.554219,Moscow,110,7.165,31.708
2025-11-08 12:25:17.554219,Moscow,131,22.993,77.044
2025-11-08 13:25:17.554219,Moscow,90,15.92,34.997
2025-11-08 14:25:17.554219,Moscow,93,31.705,30.092
2025-11-08 15:25:17.554219,Moscow,116,33.176,35.958
2025-11-08 16:25:17.554219,Moscow,111,34.063,33.542
2025-11-08 17:25:17.554219,Moscow,86,28.906,65.557
2025-11-08 18:25:17.554219,Moscow,126,20.773,49.319
2025-11-08 19:25:17.554219,Moscow,88,26.411,88.477
2025-11-08 20:25:17.554219,Moscow,79,7.989,31.781
2025-11-08 21:25:17.554219,Moscow,156,29.319,69.683
2025-11-08 22:25:17.554219,Moscow,76,33.332,66.43
2025-11-08 23:25:17.554219,Moscow,117,22.509,61.313
2025-11-09 00:25:17.554219,Moscow,101,24.091,32.73
2025-11-09 01:25:17.554219,Moscow,145,16.636,51.589
2025-11-09 02:25:17.554219,Moscow,85,12.905,71.04
2025-11-09 03:25:17.554219,Moscow,121,5.04,39.349
2025-11-09 04:25:17.554219,Moscow,99,9.967,82.634
2025-11-09 05:25:17.554219,Moscow,96,8.378,84.866
2025-11-09 06:25:17.554219,Moscow,79,28.675,89.491
2025-11-09 07:25:17.554219,Moscow,106,10.397,79.368
2025-11-09 08:25:17.554219,Moscow,99,12.362,61.126
2025-11-09 09:25:17.554219,Moscow,152,13.475,77.911
2025-11-09 10:25:17.554219,Moscow,108,6.547,35.895
2025-11-09 11:25:17.554219,Moscow,150,37.721,36.1
2025-11-09 12:25:17.554219,Moscow,88,13.928,33.801
2025-11-09 13:25:17.554219,Moscow,88,24.501,26.013
2025-11-09 14:25:17.554219,Moscow,65,16.102,37.631
2025-11-09 15:25:17.554219,Moscow,117,31.351,38.284
2025-11-09 16:25:17.554219,Moscow,120,11.683,84.39
2025-11-09 17:25:17.554219,Moscow,113,27.723,43.821
2025-11-09 18:25:17.554219,Moscow,73,34.611,64.78
2025-11-09 19:25:17.554219,Moscow,133,25.719,75.838
2025-11-09 20:25:17.554219,Moscow,126,12.597,27.772
2025-11-09 21:25:17.554219,Moscow,139,28.649,38.653
2025-11-09 22:25:17.554219,Moscow,126,10.093,29.479
2025-11-09 23:25:17.554219,Moscow,149,5.566,34.462
2025-11-10 00:25:17.554219,Moscow,120,27.74,50.123
2025-11-10 01:25:17.554219,Moscow,78,7.653,84.044
2025-11-10 02:25:17.554219,Moscow,96,20.884,25.575
2025-11-10 03:25:17.554219,Moscow,84,17.757,58.85
2025-11-10 04:25:17.554219,Moscow,163,33.9,47.245
2025-11-10 05:25:17.554219,Moscow,108,29.689,41.082
2025-11-10 06:25:17.554219,Moscow,59,27.663,25.71
2025-11-10 07:25:17.554219,Moscow,161,19.624,79.964
2025-11-10 08:25:17.554219,Moscow,120,37.014,40.125
2025-11-10 09:25:17.554219,Moscow,91,13.02,27.002
2025-11-10 10:25:17.554219,Moscow,99,19.265,28.554
2025-11-10 11:25:17.554219,Moscow,110,35.293,89.138
2025-11-10 12:25:17.554219,Moscow,80,33.062,85.915
2025-11-10 13:25:17.554219,Moscow,100,16.788,59.236
2025-11-10 14:25:17.554219,Moscow,61,10.808,57.205
2025-11-10 15:25:17.554219,Moscow,87,22.279,41.719
2025-11-10 16:25:17.554219,Moscow,103,24.665,74.503
2025-11-10 17:25:17.554219,Moscow,135,6.016,49.183
2025-11-10 18:25:17.554219,Moscow,91,25.42,52.81
2025-11-10 19:25:17.554219,Moscow,100,7.308,78.748
2025-11-10 20:25:17.554219,Moscow,100,7.02,56.306
2025-11-10 21:25:17.554219,Moscow,93,25.157,55.01
2025-11-10 22:25:17.554219,Moscow,121,33.052,67.244
2025-11-10 23:25:17.554219,Moscow,113,5.836,89.672
2025-11-11 00:25:17.554219,Moscow,123,31.987,55.806
2025-11-11 01:25:17.554219,Moscow,100,12.083,86.649
2025-11-11 02:25:17.554219,Moscow,92,31.302,42.522
2025-11-11 03:25:17.554219,Moscow,156,16.83,42.581
2025-11-11 04:25:17.554219,Moscow,74,15.401,44.43
2025-11-11 05:25:17.554219,Moscow,93,27.083,41.236
2025-11-11 06:25:17.554219,Moscow,64,21.426,84.552
2025-11-11 07:25:17.554219,Moscow,81,16.986,89.479
2025-11-11 08:25:17.554219,Moscow,107,11.075,87.759
2025-11-11 09:25:17.554219,Moscow,58,37.911,71.561
2025-11-11 10:25:17.554219,Moscow,102,32.446,25.163
2025-11-11 11:25:17.554219,Moscow,139,37.767,77.054
2025-11-11 12:25:17.554219,Moscow,121,15.337,29.356
2025-11-11 13:25:17.554219,Moscow,71,26.001,53.173
2025-11-11 14:25:17.554219,Moscow,123,22.632,41.196
2025-11-11 15:25:17.554219,Moscow,112,18.768,30.915
2025-11-11 16:25:17.554219,Moscow,106,30.431,69.159
2025-11-11 17:25:17.554219,Moscow,89,14.11,55.225
2025-11-11 18:25:17.554219,Moscow,84,7.401,53.255
2025-11-11 19:25:17.554219,Moscow,147,11.187,67.751
2025-11-11 20:25:17.554219,Moscow,113,19.6,33.966
2025-11-11 21:25:17.554219,Moscow,157,16.952,52.46
2025-11-11 22:25:17.554219,Moscow,98,24.074,73.369
2025-11-11 23:25:17.554219,Moscow,83,37.432,38.954
2025-11-12 00:25:17.554219,Moscow,78,28.433,66.189
2025-11-12 01:25:17.554219,Moscow,117,20.209,78.477
2025-11-12 02:25:17.554219,Moscow,86,37.621,61.539
2025-11-12 03:25:17.554219,Moscow,166,10.129,30.596
2025-11-12 04:25:17.554219,Moscow,133,19.333,80.68
2025-11-12 05:25:17.554219,Moscow,98,28.575,87.584
2025-11-12 06:25:17.554219,Moscow,74,28.22,31.218
2025-11-12 07:25:17.554219,Moscow,100,19.182,30.446
2025-11-12 08:25:17.554219,Moscow,115,26.626,41.742
2025-11-12 09:25:17.554219,Moscow,58,10.708,87.873
2025-11-12 10:25:17.554219,Moscow,91,21.857,80.299
2025-11-12 11:25:17.554219,Moscow,138,9.512,89.32
2025-11-12 12:25:17.554219,Moscow,116,20.259,31.676
2025-11-12 13:25:17.554219,Moscow,145,9.287,70.574
2025-11-12 14:25:17.554219,Moscow,80,25.488,37.986
2025-11-12 15:25:17.554219,Moscow,128,25.048,44.82
2025-11-12 16:25:17.554219,Moscow,140,16.868,78.65
2025-11-12 17:25:17.554219,Moscow,111,9.827,81.693
2025-11-12 18:25:17.554219,Moscow,99,22.53,82.225
2025-11-12 19:25:17.554219,Moscow,80,33.241,59.751
2025-11-12 20:25:17.554219,Moscow,103,26.768,65.756
2025-11-12 21:25:17.554219,Moscow,129,34.511,70.171
2025-11-12 22:25:17.554219,Moscow,89,27.45,27.148
2025-11-12 23:25:17.554219,Moscow,145,7.435,27.587
2025-11-13 00:25:17.554219,Moscow,60,20.058,64.891
2025-11-13 01:25:17.554219,Moscow,59,21.42,75.523
2025-11-13 02:25:17.554219,Moscow,89,22.42,73.153
2025-11-13 03:25:17.554219,Moscow,118,7.437,39.522
2025-11-13 04:25:17.554219,Moscow,151,32.326,46.679
2025-11-13 05:25:17.554219,Moscow,97,6.343,79.198
2025-11-13 06:25:17.554219,Moscow,96,23.926,49.189
2025-11-13 07:25:17.554219,Moscow,126,25.261,85.793
2025-11-13 08:25:17.554219,Moscow,122,9.835,25.026
2025-11-13 09:25:17.554219,Moscow,83,7.119,86.207
2025-11-13 10:25:17.554219,Moscow,86,6.897,81.465
2025-11-13 11:25:17.554219,Moscow,117,19.294,45.88
2025-11-13 12:25:17.554219,Moscow,126,23.348,82.663
2025-11-13 13:25:17.554219,Moscow,139,27.261,53.709
2025-11-13 14:25:17.554219,Moscow,100,28.897,62.841
2025-11-13 15:25:17.554219,Moscow,81,17.86,59.14
2025-11-13 16:25:17.554219,Moscow,122,29.233,51.514
2025-11-13 17:25:17.554219,Moscow,114,7.009,57.318
2025-11-13 18:25:17.554219,Moscow,100,26.521,44.555
2025-11-13 19:25:17.554219,Moscow,80,17.762,37.003
2025-11-13 20:25:17.554219,Moscow,97,28.766,73.825
2025-11-13 21:25:17.554219,Moscow,80,18.657,79.188
2025-11-13 22:25:17.554219,Moscow,97,36.783,26.558
2025-11-13 23:25:17.554219,Moscow,118,22.691,59.528
2025-11-14 00:25:17.554219,Moscow,75,16.226,44.509
2025-11-14 01:25:17.554219,Moscow,111,13.936,80.777
2025-11-14 02:25:17.554219,Moscow,97,10.959,86.488
2025-11-14 03:25:17.554219,Moscow,88,13.854,37.326
2025-11-14 04:25:17.554219,Moscow,109,16.664,44.829
2025-11-14 05:25:17.554219,Moscow,121,14.673,79.753
2025-11-14 06:25:17.554219,Moscow,152,35.16,41.867
2025-11-14 07:25:17.554219,Moscow,89,23.311,51.842
2025-11-14 08:25:17.554219,Moscow,81,15.955,89.717
2025-11-14 09:25:17.554219,Moscow,94,5.303,73.853
2025-11-14 10:25:17.554219,Moscow,105,7.053,80.085
2025-11-14 11:25:17.554219,Moscow,107,23.761,56.889
2025-11-14 12:25:17.554219,Moscow,99,28.864,63.921
2025-11-14 13:25:17.554219,Moscow,81,7.567,63.508
2025-11-14 14:25:17.554219,Moscow,113,11.381,42.24
2025-11-14 15:25:17.554219,Moscow,81,35.01,72.627
2025-11-14 16:25:17.554219,Moscow,131,21.594,42.904
2025-11-14 17:25:17.554219,Moscow,103,37.092,41.011
2025-11-14 18:25:17.554219,Moscow,115,6.742,58.34
2025-11-14 19:25:17.554219,Moscow,106,22.65,78.664
2025-11-14 20:25:17.554219,Moscow,111,12.679,56.597
2025-11-14 21:25:17.554219,Moscow,112,31.402,86.017
2025-11-14 22:25:17.554219,Moscow,94,22.252,65.503
2025-11-14 23:25:17.554219,Moscow,104,20.395,67.69
2025-11-15 00:25:17.554219,Moscow,141,14.021,62.285
2025-11-15 01:25:17.554219,Moscow,129,8.156,75.816
2025-11-15 02:25:17.554219,Moscow,99,37.749,83.052
2025-11-15 03:25:17.554219,Moscow,110,31.027,87.213
2025-11-15 04:25:17.554219,Moscow,123,30.324,29.348
2025-11-15 05:25:17.554219,Moscow,161,11.187,50.746
2025-11-15 06:25:17.554219,Moscow,77,36.2,81.554
2025-11-15 07:25:17.554219,Moscow,48,14.074,28.166
2025-11-15 08:25:17.554219,Moscow,75,16.106,63.576
2025-11-15 09:25:17.554219,Moscow,78,33.517,65.935
2025-11-15 10:25:17.554219,Moscow,89,29.872,85.918
2025-11-15 11:25:17.554219,Moscow,101,34.957,81.684
2025-11-15 12:25:17.554219,Moscow,90,37.662,73.743
2025-11-15 13:25:17.554219,Moscow,81,36.535,58.995
2025-11-15 14:25:17.554219,Moscow,104,36.416,45.519
2025-11-15 15:25:17.554219,Moscow,181,36.746,67.66
2025-11-15 16:25:17.554219,Moscow,67,35.881,68.174
2025-11-15 17:25:17.554219,Moscow,115,23.621,72.711
2025-11-15 18:25:17.554219,Moscow,105,9.865,52.698
2025-11-15 19:25:17.554219,Moscow,107,32.541,41.78
2025-11-15 20:25:17.554219,Moscow,98,18.133,58.369
2025-11-15 21:25:17.554219,Moscow,82,5.798,52.879
2025-11-15 22:25:17.554219,Moscow,138,20.173,32.995
2025-11-15 23:25:17.554219,Moscow,197,22.246,32.652
2025-11-16 00:25:17.554219,Moscow,135,11.271,40.561
2025-11-16 01:25:17.554219,Moscow,143,28.257,65.574
2025-11-16 02:25:17.554219,Moscow,100,20.495,81.028
2025-11-16 03:25:17.554219,Moscow,80,6.256,68.224
2025-11-16 04:25:17.554219,Moscow,80,28.967,87.454
2025-11-16 05:25:17.554219,Moscow,112,14.517,55.983
2025-11-16 06:25:17.554219,Moscow,95,19.261,45.006
2025-11-16 07:25:17.554219,Moscow,69,11.6,84.212
2025-11-16 08:25:17.554219,Moscow,130,32.551,25.349
2025-11-16 09:25:17.554219,Moscow,102,21.024,65.601
2025-11-16 10:25:17.554219,Moscow,68,19.035,33.027
2025-11-16 11:25:17.554219,Moscow,91,14.193,82.548
2025-11-16 12:25:17.554219,Moscow,113,15.299,30.801
2025-11-16 13:25:17.554219,Moscow,133,27.257,74.911
2025-11-16 14:25:17.554219,Moscow,98,5.457,88.374
2025-11-16 15:25:17.554219,Moscow,120,9.399,83.185
2025-11-16 16:25:17.554219,Moscow,85,5.444,38.346
2025-11-16 17:25:17.554219,Moscow,105,14.494,44.22
2025-11-16 18:25:17.554219,Moscow,85,27.401,27.438
2025-11-16 19:25:17.554219,Moscow,94,37.151,36.727
2025-11-16 20:25:17.554219,Moscow,62,14.564,57.933
2025-11-16 21:25:17.554219,Moscow,88,25.989,76.589
2025-11-16 22:25:17.554219,Moscow,145,36.266,62.415
2025-11-16 23:25:17.554219,Moscow,75,8.413,34.752
2025-11-17 00:25:17.554219,Moscow,60,25.17,37.729
2025-11-17 01:25:17.554219,Moscow,69,5.318,54.978
2025-11-17 02:25:17.554219,Moscow,77,23.113,87.64
2025-11-17 03:25:17.554219,Moscow,76,13.895,48.931
2025-11-17 04:25:17.554219,Moscow,129,29.541,49.937
2025-11-17 05:25:17.554219,Moscow,118,25.858,43.091
2025-11-17 06:25:17.554219,Moscow,116,22.354,38.523
2025-11-17 07:25:17.554219,Moscow,107,8.916,56.966
2025-11-17 08:25:17.554219,Moscow,138,9.335,35.78
2025-11-17 09:25:17.554219,Moscow,126,5.951,80.189
2025-11-17 10:25:17.554219,Moscow,99,30.629,81.453
2025-11-17 11:25:17.554219,Moscow,87,33.751,51.302
2025-11-17 12:25:17.554219,Moscow,94,11.799,43.361
2025-11-17 13:25:17.554219,Moscow,103,7.17,59.911
2025-11-17 14:25:17.554219,Moscow,98,28.479,73.048
2025-11-17 15:25:17.554219,Moscow,115,25.281,67.446
2025-11-17 16:25:17.554219,Moscow,69,32.687,61.401
2025-11-17 17:25:17.554219,Moscow,90,34.349,76.139
2025-11-17 18:25:17.554219,Moscow,73,27.813,72.507
2025-11-17 19:25:17.554219,Moscow,91,6.882,33.348
2025-11-17 20:25:17.554219,Moscow,71,28.483,57.615
2025-11-17 21:25:17.554219,Moscow,152,14.101,31.625
2025-11-17 22:25:17.554219,Moscow,132,7.938,40.695
2025-11-17 23:25:17.554219,Moscow,82,16.81,60.901
2025-11-18 00:25:17.554219,Moscow,141,37.675,60.586
2025-11-18 01:25:17.554219,Moscow,124,23.743,57.924
2025-11-18 02:25:17.554219,Moscow,113,36.697,48.034
2025-11-18 03:25:17.554219,Moscow,112,6.983,72.084
2025-11-18 04:25:17.554219,Moscow,87,12.114,84.556
2025-11-18 05:25:17.554219,Moscow,102,14.368,86.072
2025-11-18 06:25:17.554219,Moscow,98,11.888,78.482
2025-11-18 07:25:17.554219,Moscow,175,24.062,49.586
2025-11-18 08:25:17.554219,Moscow,122,18.511,58.388
2025-11-18 09:25:17.554219,Moscow,84,23.625,78.619
2025-11-18 10:25:17.554219,Moscow,82,6.135,40.939
2025-11-18 11:25:17.554219,Moscow,103,24.218,33.26
2025-11-18 12:25:17.554219,Moscow,65,26.608,87.654
2025-11-18 13:25:17.554219,Moscow,99,36.658,28.032
2025-11-18 14:25:17.554219,Moscow,128,37.877,32.172
2025-11-18 15:25:17.554219,Moscow,95,22.364,33.023
2025-11-18 16:25:17.554219,Moscow,138,29.469,39.953
2025-11-18 17:25:17.554219,Moscow,105,23.933,54.562
2025-11-18 18:25:17.554219,Moscow,91,12.924,43.973
2025-11-18 19:25:17.554219,Moscow,103,27.408,66.33
2025-11-18 20:25:17.554219,Moscow,117,12.015,36.78
2025-11-18 21:25:17.554219,Moscow,133,19.228,25.976
2025-11-18 22:25:17.554219,Moscow,114,18.504,34.458
2025-11-18 23:25:17.554219,Moscow,84,9.583,36.263
2025-11-19 00:25:17.554219,Moscow,111,8.261,55.328
2025-11-19 01:25:17.554219,Moscow,95,10.775,60.884
2025-11-19 02:25:17.554219,Moscow,114,33.365,74.841
2025-11-19 03:25:17.554219,Moscow,122,7.078,47.447
2025-11-19 04:25:17.554219,Moscow,104,28.333,84.095
2025-11-19 05:25:17.554219,Moscow,112,35.629,53.167
2025-11-19 06:25:17.554219,Moscow,112,24.072,71.227
2025-11-19 07:25:17.554219,Moscow,108,19.509,38.47
2025-11-19 08:25:17.554219,Moscow,120,26.926,84.153
2025-11-19 09:25:17.554219,Moscow,175,7.907,38.894
2025-11-19 10:25:17.554219,Moscow,107,22.302,26.285
2025-11-19 11:25:17.554219,Moscow,142,37.471,85.698
2025-11-19 12:25:17.554219,Moscow,119,30.886,34.363
2025-11-19 13:25:17.554219,Moscow,85,16.009,41.924
2025-11-19 14:25:17.554219,Moscow,92,18.559,89.926
2025-11-19 15:25:17.554219,Moscow,100,20.831,63.386
2025-11-19 16:25:17.554219,Moscow,142,6.034,39.182
2025-11-19 17:25:17.554219,Moscow,96,21.576,39.122
2025-11-04 18:25:17.554219,Istanbul,89,15.766,42.989
2025-11-04 19:25:17.554219,Istanbul,115,26.027,68.423
2025-11-04 20:25:17.554219,Istanbul,106,37.168,87.708
2025-11-04 21:25:17.554219,Istanbul,127,36.902,46.895
2025-11-04 22:25:17.554219,Istanbul,118,6.507,70.833
2025-11-04 23:25:17.554219,Istanbul,93,18.717,83.425
2025-11-05 00:25:17.554219,Istanbul,107,19.985,40.191
2025-11-05 01:25:17.554219,Istanbul,127,27.852,26.736
2025-11-05 02:25:17.554219,Istanbul,138,7.883,71.228
2025-11-05 03:25:17.554219,Istanbul,124,18.04,82.501
2025-11-05 04:25:17.554219,Istanbul,122,28.059,43.695
2025-11-05 05:25:17.554219,Istanbul,94,24.088,83.96
2025-11-05 06:25:17.554219,Istanbul,85,26.514,81.798
2025-11-05 07:25:17.554219,Istanbul,114,23.691,33.629
2025-11-05 08:25:17.554219,Istanbul,82,13.607,74.976
2025-11-05 09:25:17.554219,Istanbul,87,12.164,40.501
2025-11-05 10:25:17.554219,Istanbul,91,34.449,71.811
2025-11-05 11:25:17.554219,Istanbul,91,36.854,72.994
2025-11-05 12:25:17.554219,Istanbul,124,36.657,47.194
2025-11-05 13:25:17.554219,Istanbul,100,27.327,57.888
2025-11-05 14:25:17.554219,Istanbul,153,10.955,80.34
2025-11-05 15:25:17.554219,Istanbul,144,31.604,83.3
2025-11-05 16:25:17.554219,Istanbul,106,17.357,88.409
2025-11-05 17:25:17.554219,Istanbul,155,30.063,34.16
2025-11-05 18:25:17.554219,Istanbul,89,35.196,58.778
2025-11-05 19:25:17.554219,Istanbul,84,19.534,46.708
2025-11-05 20:25:17.554219,Istanbul,78,18.365,45.222
2025-11-05 21:25:17.554219,Istanbul,105,28.79,36.65
2025-11-05 22:25:17.554219,Istanbul,81,26.926,25.63
2025-11-05 23:25:17.554219,Istanbul,141,31.092,37.079
2025-11-06 00:25:17.554219,Istanbul,59,6.098,51.493
2025-11-06 01:25:17.554219,Istanbul,107,7.239,70.922
2025-11-06 02:25:17.554219,Istanbul,97,20.315,72.896
2025-11-06 03:25:17.554219,Istanbul,114,19.899,30.26
2025-11-06 04:25:17.554219,Istanbul,65,26.569,54.569
2025-11-06 05:25:17.554219,Istanbul,158,10.221,74.647
2025-11-06 06:25:17.554219,Istanbul,70,30.567,74.868
2025-11-06 07:25:17.554219,Istanbul,131,23.456,30.615
2025-11-06 08:25:17.554219,Istanbul,133,13.924,88.974
2025-11-06 09:25:17.554219,Istanbul,98,18.989,26.696
2025-11-06 10:25:17.554219,Istanbul,94,20.081,37.485
2025-11-06 11:25:17.554219,Istanbul,80,6.612,80.589
2025-11-06 12:25:17.554219,Istanbul,104,33.861,59.924
2025-11-06 13:25:17.554219,Istanbul,93,29.234,63.026
2025-11-06 14:25:17.554219,Istanbul,121,31.738,26.083
2025-11-06 15:25:17.554219,Istanbul,98,31.241,60.111
2025-11-06 16:25:17.554219,Istanbul,49,19.575,55.25
2025-11-06 17:25:17.554219,Istanbul,121,20.553,82.198
2025-11-06 18:25:17.554219,Istanbul,84,18.542,51.096
2025-11-06 19:25:17.554219,Istanbul,157,13.634,33.796
2025-11-06 20:25:17.554219,Istanbul,99,27.466,38.513
2025-11-06 21:25:17.554219,Istanbul,117,8.104,67.065
2025-11-06 22:25:17.554219,Istanbul,116,32.408,51.675
2025-11-06 23:25:17.554219,Istanbul,122,8.203,25.838
2025-11-07 00:25:17.554219,Istanbul,108,26.929,25.596
2025-11-07 01:25:17.554219,Istanbul,106,11.992,81.693
2025-11-07 02:25:17.554219,Istanbul,87,36.967,35.505
2025-11-07 03:25:17.554219,Istanbul,108,29.332,66.193
2025-11-07 04:25:17.554219,Istanbul,104,29.558,51.95
2025-11-07 05:25:17.554219,Istanbul,82,11.897,75.933
2025-11-07 06:25:17.554219,Istanbul,64,21.972,40.838
2025-11-07 07:25:17.554219,Istanbul,119,34.687,63.062
2025-11-07 08:25:17.554219,Istanbul,79,6.478,84.075
2025-11-07 09:25:17.554219,Istanbul,148,27.729,25.99
2025-11-07 10:25:17.554219,Istanbul,107,33.07,71.392
2025-11-07 11:25:17.554219,Istanbul,166,5.877,88.657
2025-11-07 12:25:17.554219,Istanbul,102,32.212,34.166
2025-11-07 13:25:17.554219,Istanbul,96,34.856,38.195
2025-11-07 14:25:17.554219,Istanbul,111,32.351,77.623
2025-11-07 15:25:17.554219,Istanbul,91,22.1,36.799
2025-11-07 16:25:17.554219,Istanbul,108,6.56,36.03
2025-11-07 17:25:17.554219,Istanbul,151,9.992,80.335
2025-11-07 18:25:17.554219,Istanbul,94,22.354,45.15
2025-11-07 19:25:17.554219,Istanbul,126,18.595,51.595
2025-11-07 20:25:17.554219,Istanbul,87,20.63,51.105
2025-11-07 21:25:17.554219,Istanbul,85,10.952,78.456
2025-11-07 22:25:17.554219,Istanbul,78,18.915,64.447
2025-11-07 23:25:17.554219,Istanbul,143,14.564,67.659
2025-11-08 00:25:17.554219,Istanbul,142,32.822,80.368
2025-11-08 01:25:17.554219,Istanbul,69,10.178,50.329
2025-11-08 02:25:17.554219,Istanbul,157,15.679,51.249
2025-11-08 03:25:17.554219,Istanbul,107,15.822,55.558
2025-11-08 04:25:17.554219,Istanbul,106,12.74,60.979
2025-11-08 05:25:17.554219,Istanbul,102,17.622,59.554
2025-11-08 06:25:17.554219,Istanbul,108,10.875,41.284
2025-11-08 07:25:17.554219,Istanbul,61,31.798,68.29
2025-11-08 08:25:17.554219,Istanbul,87,5.595,50.123
2025-11-08 09:25:17.554219,Istanbul,112,25.841,65.032
2025-11-08 10:25:17.554219,Istanbul,142,24.65,41.988
2025-11-08 11:25:17.554219,Istanbul,89,20.82,28.197
2025-11-08 12:25:17.554219,Istanbul,98,11.825,59.71
2025-11-08 13:25:17.554219,Istanbul,57,28.283,30.33
2025-11-08 14:25:17.554219,Istanbul,80,29.786,40.365
2025-11-08 15:25:17.554219,Istanbul,75,28.648,30.388
2025-11-08 16:25:17.554219,Istanbul,73,15.726,69.685
2025-11-08 17:25:17.554219,Istanbul,43,22.011,86.965
2025-11-08 18:25:17.554219,Istanbul,108,29.388,85.132
2025-11-08 19:25:17.554219,Istanbul,68,25.093,77.939
2025-11-08 20:25:17.554219,Istanbul,104,17.858,74.638
2025-11-08 21:25:17.554219,Istanbul,91,14.035,85.997
2025-11-08 22:25:17.554219,Istanbul,160,8.463,62.165
2025-11-08 23:25:17.554219,Istanbul,110,37.568,27.21
2025-11-09 00:25:17.554219,Istanbul,112,10.183,73.377
2025-11-09 01:25:17.554219,Istanbul,133,12.725,50.3
2025-11-09 02:25:17.554219,Istanbul,92,27.481,70.754
2025-11-09 03:25:17.554219,Istanbul,98,29.682,72.932
2025-11-09 04:25:17.554219,Istanbul,90,18.132,35.29
2025-11-09 05:25:17.554219,Istanbul,92,8.685,73.12
2025-11-09 06:25:17.554219,Istanbul,60,15.493,32.057
2025-11-09 07:25:17.554219,Istanbul,84,16.755,59.836
2025-11-09 08:25:17.554219,Istanbul,113,20.419,77.484
2025-11-09 09:25:17.554219,Istanbul,144,26.92,35.63
2025-11-09 10:25:17.554219,Istanbul,67,7.826,44.045
2025-11-09 11:25:17.554219,Istanbul,81,26.933,45.53
2025-11-09 12:25:17.554219,Istanbul,88,5.229,59.87
2025-11-09 13:25:17.554219,Istanbul,132,33.473,40.753
2025-11-09 14:25:17.554219,Istanbul,110,37.427,64.251
2025-11-09 15:25:17.554219,Istanbul,112,14.522,64.912
2025-11-09 16:25:17.554219,Istanbul,119,18.137,87.514
2025-11-09 17:25:17.554219,Istanbul,115,34.19,47.024
2025-11-09 18:25:17.554219,Istanbul,137,27.928,62.739
2025-11-09 19:25:17.554219,Istanbul,77,31.417,65.936
2025-11-09 20:25:17.554219,Istanbul,80,6.753,44.241
2025-11-09 21:25:17.554219,Istanbul,106,13.111,83.822
2025-11-09 22:25:17.554219,Istanbul,92,25.831,40.762
2025-11-09 23:25:17.554219,Istanbul,69,19.66,82.633
2025-11-10 00:25:17.554219,Istanbul,63,19.074,42.152
2025-11-10 01:25:17.554219,Istanbul,100,11.54,41.045
2025-11-10 02:25:17.554219,Istanbul,59,34.238,42.347
2025-11-10 03:25:17.554219,Istanbul,113,24.848,50.965
2025-11-10 04:25:17.554219,Istanbul,140,35.971,75.986
2025-11-10 05:25:17.554219,Istanbul,131,6.887,76.346
2025-11-10 06:25:17.554219,Istanbul,135,7.163,82.045
2025-11-10 07:25:17.554219,Istanbul,69,16.613,49.336
2025-11-10 08:25:17.554219,Istanbul,95,28.505,68.979
2025-11-10 09:25:17.554219,Istanbul,120,20.393,46.489
2025-11-10 10:25:17.554219,Istanbul,144,8.683,64.9
2025-11-10 11:25:17.554219,Istanbul,90,26.727,80.524
2025-11-10 12:25:17.554219,Istanbul,76,26.88,26.938
2025-11-10 13:25:17.554219,Istanbul,98,36.351,77.727
2025-11-10 14:25:17.554219,Istanbul,102,8.972,35.824
2025-11-10 15:25:17.554219,Istanbul,82,34.555,80.028
2025-11-10 16:25:17.554219,Istanbul,113,14.234,31.028
2025-11-10 17:25:17.554219,Istanbul,154,5.728,83.991
2025-11-10 18:25:17.554219,Istanbul,129,6.093,72.469
2025-11-10 19:25:17.554219,Istanbul,60,33.911,62.562
2025-11-10 20:25:17.554219,Istanbul,80,28.189,53.661
2025-11-10 21:25:17.554219,Istanbul,128,19.549,35.072
2025-11-10 22:25:17.554219,Istanbul,120,6.398,30.455
2025-11-10 23:25:17.554219,Istanbul,97,17.742,78.364
2025-11-11 00:25:17.554219,Istanbul,85,25.55,81.514
2025-11-11 01:25:17.554219,Istanbul,91,27.847,60.637
2025-11-11 02:25:17.554219,Istanbul,110,27.761,66.742
2025-11-11 03:25:17.554219,Istanbul,83,31.122,39.484
2025-11-11 04:25:17.554219,Istanbul,139,35.759,87.018
2025-11-11 05:25:17.554219,Istanbul,120,22.794,35.148
2025-11-11 06:25:17.554219,Istanbul,107,35.628,68.672
2025-11-11 07:25:17.554219,Istanbul,112,5.985,51.077
2025-11-11 08:25:17.554219,Istanbul,109,16.535,87.192
2025-11-11 09:25:17.554219,Istanbul,145,28.69,34.831
2025-11-11 10:25:17.554219,Istanbul,168,37.816,66.167
2025-11-11 11:25:17.554219,Istanbul,150,14.91,73.36
2025-11-11 12:25:17.554219,Istanbul,143,22.43,70.531
2025-11-11 13:25:17.554219,Istanbul,112,34.223,74.559
2025-11-11 14:25:17.554219,Istanbul,76,26.629,69.332
2025-11-11 15:25:17.554219,Istanbul,99,21.096,48.333
2025-11-11 16:25:17.554219,Istanbul,109,29.032,46.887
2025-11-11 17:25:17.554219,Istanbul,69,11.815,26.138
2025-11-11 18:25:17.554219,Istanbul,85,30.996,88.588
2025-11-11 19:25:17.554219,Istanbul,101,10.901,55.555
2025-11-11 20:25:17.554219,Istanbul,131,33.615,84.55
2025-11-11 21:25:17.554219,Istanbul,133,21.429,28.558
2025-11-11 22:25:17.554219,Istanbul,147,25.945,25.506
2025-11-11 23:25:17.554219,Istanbul,91,15.808,76.894
2025-11-12 00:25:17.554219,Istanbul,121,33.194,29.882
2025-11-12 01:25:17.554219,Istanbul,100,17.225,77.675
2025-11-12 02:25:17.554219,Istanbul,73,12.926,67.668
2025-11-12 03:25:17.554219,Istanbul,136,10.633,28.591
2025-11-12 04:25:17.554219,Istanbul,103,37.173,40.646
2025-11-12 05:25:17.554219,Istanbul,121,21.588,59.174
2025-11-12 06:25:17.554219,Istanbul,70,10.663,46.502
2025-11-12 07:25:17.554219,Istanbul,111,28.871,54.638
2025-11-12 08:25:17.554219,Istanbul,91,32.738,28.525
2025-11-12 09:25:17.554219,Istanbul,66,33.758,79.424
2025-11-12 10:25:17.554219,Istanbul,109,28.83,71.548
2025-11-12 11:25:17.554219,Istanbul,142,9.925,87.174
2025-11-12 12:25:17.554219,Istanbul,147,37.285,46.296
2025-11-12 13:25:17.554219,Istanbul,116,13.075,75.354
2025-11-12 14:25:17.554219,Istanbul,99,33.937,25.456
2025-11-12 15:25:17.554219,Istanbul,92,21.778,28.648
2025-11-12 16:25:17.554219,Istanbul,81,19.261,42.101
2025-11-12 17:25:17.554219,Istanbul,121,22.758,61.378
2025-11-12 18:25:17.554219,Istanbul,97,12.546,82.684
2025-11-12 19:25:17.554219,Istanbul,79,8.782,35.863
2025-11-12 20:25:17.554219,Istanbul,98,8.562,36.068
2025-11-12 21:25:17.554219,Istanbul,94,14.25,58.063
2025-11-12 22:25:17.554219,Istanbul,87,29.449,81.662
2025-11-12 23:25:17.554219,Istanbul,90,8.158,52.455
2025-11-13 00:25:17.554219,Istanbul,116,33.514,28.84
2025-11-13 01:25:17.554219,Istanbul,87,5.539,64.881
2025-11-13 02:25:17.554219,Istanbul,101,32.919,53.333
2025-11-13 03:25:17.554219,Istanbul,67,16.343,81.48
2025-11-13 04:25:17.554219,Istanbul,90,17.598,59.198
2025-11-13 05:25:17.554219,Istanbul,94,35.991,47.282
2025-11-13 06:25:17.554219,Istanbul,115,10.556,61.353
2025-11-13 07:25:17.554219,Istanbul,123,13.507,72.584
2025-11-13 08:25:17.554219,Istanbul,106,5.309,83.191
2025-11-13 09:25:17.554219,Istanbul,84,25.21,52.303
2025-11-13 10:25:17.554219,Istanbul,103,36.372,45.311
2025-11-13 11:25:17.554219,Istanbul,179,16.492,83.606
2025-11-13 12:25:17.554219,Istanbul,155,5.296,69.693
2025-11-13 13:25:17.554219,Istanbul,146,30.696,65.193
2025-11-13 14:25:17.554219,Istanbul,93,22.732,63.002
2025-11-13 15:25:17.554219,Istanbul,81,8.82,48.58
2025-11-13 16:25:17.554219,Istanbul,121,17.014,52.061
2025-11-13 17:25:17.554219,Istanbul,59,37.329,39.774
2025-11-13 18:25:17.554219,Istanbul,95,18.668,52.575
2025-11-13 19:25:17.554219,Istanbul,139,20.611,51.176
2025-11-13 20:25:17.554219,Istanbul,78,27.755,37.45
2025-11-13 21:25:17.554219,Istanbul,70,24.415,27.172
2025-11-13 22:25:17.554219,Istanbul,122,21.154,26.07
2025-11-13 23:25:17.554219,Istanbul,101,25.693,50.031
2025-11-14 00:25:17.554219,Istanbul,122,9.871,45.723
2025-11-14 01:25:17.554219,Istanbul,89,11.902,60.611
2025-11-14 02:25:17.554219,Istanbul,100,25.31,59.266
2025-11-14 03:25:17.554219,Istanbul,120,34.66,71.532
2025-11-14 04:25:17.554219,Istanbul,132,24.072,64.786
2025-11-14 05:25:17.554219,Istanbul,107,13.698,27.833
2025-11-14 06:25:17.554219,Istanbul,141,23.962,76.847
2025-11-14 07:25:17.554219,Istanbul,99,18.148,65.944
2025-11-14 08:25:17.554219,Istanbul,104,35.539,69.543
2025-11-14 09:25:17.554219,Istanbul,106,36.802,45.923
2025-11-14 10:25:17.554219,Istanbul,103,37.243,27.559
2025-11-14 11:25:17.554219,Istanbul,123,14.044,76.077
2025-11-14 12:25:17.554219,Istanbul,148,30.409,68.576
2025-11-14 13:25:17.554219,Istanbul,131,33.21,87.078
2025-11-14 14:25:17.554219,Istanbul,95,29.805,59.76
2025-11-14 15:25:17.554219,Istanbul,58,36.604,83.741
2025-11-14 16:25:17.554219,Istanbul,101,16.621,63.019
2025-11-14 17:25:17.554219,Istanbul,78,16.529,87.068
2025-11-14 18:25:17.554219,Istanbul,124,9.144,44.797
2025-11-14 19:25:17.554219,Istanbul,92,17.685,80.632
2025-11-14 20:25:17.554219,Istanbul,112,8.179,41.346
2025-11-14 21:25:17.554219,Istanbul,116,14,32.695
2025-11-14 22:25:17.554219,Istanbul,82,13.99,72.748
2025-11-14 23:25:17.554219,Istanbul,92,10.179,42.134
2025-11-15 00:25:17.554219,Istanbul,122,32.122,85.745
2025-11-15 01:25:17.554219,Istanbul,84,31.715,39.73
2025-11-15 02:25:17.554219,Istanbul,111,15.049,51.222
2025-11-15 03:25:17.554219,Istanbul,140,21.332,67.512
2025-11-15 04:25:17.554219,Istanbul,118,10.454,58.703
2025-11-15 05:25:17.554219,Istanbul,136,6.448,81.16
2025-11-15 06:25:17.554219,Istanbul,76,26.258,55.232
2025-11-15 07:25:17.554219,Istanbul,109,32.008,58.641
2025-11-15 08:25:17.554219,Istanbul,160,19.143,44.068
2025-11-15 09:25:17.554219,Istanbul,91,15.924,72.069
2025-11-15 10:25:17.554219,Istanbul,127,27.994,79.497
2025-11-15 11:25:17.554219,Istanbul,84,12.099,68.886
2025-11-15 12:25:17.554219,Istanbul,83,35.973,35.619
2025-11-15 13:25:17.554219,Istanbul,109,34.709,45.83
2025-11-15 14:25:17.554219,Istanbul,70,25.925,73.676
2025-11-15 15:25:17.554219,Istanbul,89,24.765,42.166
2025-11-15 16:25:17.554219,Istanbul,116,27.982,48.72
2025-11-15 17:25:17.554219,Istanbul,84,9.399,40.942
2025-11-15 18:25:17.554219,Istanbul,95,6.546,47.353
2025-11-15 19:25:17.554219,Istanbul,75,23.108,29.8
2025-11-15 20:25:17.554219,Istanbul,103,21.276,36.295
2025-11-15 21:25:17.554219,Istanbul,106,25.426,37.035
2025-11-15 22:25:17.554219,Istanbul,88,31.403,64.478
2025-11-15 23:25:17.554219,Istanbul,112,14.642,54.239
2025-11-16 00:25:17.554219,Istanbul,102,17.029,40.694
2025-11-16 01:25:17.554219,Istanbul,98,8.581,56.827
2025-11-16 02:25:17.554219,Istanbul,87,34.348,28.719
2025-11-16 03:25:17.554219,Istanbul,90,16.406,48.338
2025-11-16 04:25:17.554219,Istanbul,112,37.668,27.414
2025-11-16 05:25:17.554219,Istanbul,151,10.604,48.72
2025-11-16 06:25:17.554219,Istanbul,65,23.969,61.243
2025-11-16 07:25:17.554219,Istanbul,116,27.597,89.954
2025-11-16 08:25:17.554219,Istanbul,67,27.659,39.742
2025-11-16 09:25:17.554219,Istanbul,132,10.516,27.489
2025-11-16 10:25:17.554219,Istanbul,114,27.578,77.753
2025-11-16 11:25:17.554219,Istanbul,123,27.967,73.693
2025-11-16 12:25:17.554219,Istanbul,87,6.198,79.309
2025-11-16 13:25:17.554219,Istanbul,149,30.654,76.956
2025-11-16 14:25:17.554219,Istanbul,74,28.495,62.143
2025-11-16 15:25:17.554219,Istanbul,98,12.516,83.239
2025-11-16 16:25:17.554219,Istanbul,104,23.99,28.03
2025-11-16 17:25:17.554219,Istanbul,143,15.689,47.493
2025-11-16 18:25:17.554219,Istanbul,82,29.625,51.852
2025-11-16 19:25:17.554219,Istanbul,119,35.754,27.948
2025-11-16 20:25:17.554219,Istanbul,74,28.798,32.447
2025-11-16 21:25:17.554219,Istanbul,116,29.155,39.187
2025-11-16 22:25:17.554219,Istanbul,92,22.406,62.555
2025-11-16 23:25:17.554219,Istanbul,106,26.636,46.303
2025-11-17 00:25:17.554219,Istanbul,103,8.974,60.129
2025-11-17 01:25:17.554219,Istanbul,137,25.438,53.755
2025-11-17 02:25:17.554219,Istanbul,84,31.937,60.666
2025-11-17 03:25:17.554219,Istanbul,137,13.126,82.407
2025-11-17 04:25:17.554219,Istanbul,87,33.063,77.446
2025-11-17 05:25:17.554219,Istanbul,120,27.119,84.021
2025-11-17 06:25:17.554219,Istanbul,117,6.79,55.196
2025-11-17 07:25:17.554219,Istanbul,82,10.225,64.221
2025-11-17 08:25:17.554219,Istanbul,89,33.159,54.126
2025-11-17 09:25:17.554219,Istanbul,67,17.934,31.749
2025-11-17 10:25:17.554219,Istanbul,81,26.234,51.046
2025-11-17 11:25:17.554219,Istanbul,97,31.001,29.384
2025-11-17 12:25:17.554219,Istanbul,101,29.578,84.089
2025-11-17 13:25:17.554219,Istanbul,97,32.491,74.896
2025-11-17 14:25:17.554219,Istanbul,59,15.747,65.039
2025-11-17 15:25:17.554219,Istanbul,152,13.883,59.975
2025-11-17 16:25:17.554219,Istanbul,75,16.763,64.439
2025-11-17 17:25:17.554219,Istanbul,79,8.202,74.146
2025-11-17 18:25:17.554219,Istanbul,60,13.236,33.498
2025-11-17 19:25:17.554219,Istanbul,100,14.14,73.182
2025-11-17 20:25:17.554219,Istanbul,127,30.41,78.406
2025-11-17 21:25:17.554219,Istanbul,83,6.154,76.761
2025-11-17 22:25:17.554219,Istanbul,58,16.052,32.138
2025-11-17 23:25:17.554219,Istanbul,49,11.919,82.627
2025-11-18 00:25:17.554219,Istanbul,64,20.279,81.637
2025-11-18 01:25:17.554219,Istanbul,139,22.427,50.896
2025-11-18 02:25:17.554219,Istanbul,136,25.48,72.063
2025-11-18 03:25:17.554219,Istanbul,58,37.094,51.509
2025-11-18 04:25:17.554219,Istanbul,86,31.545,75.457
2025-11-18 05:25:17.554219,Istanbul,123,33.026,25.346
2025-11-18 06:25:17.554219,Istanbul,78,5.746,55.418
2025-11-18 07:25:17.554219,Istanbul,109,20.198,35.257
2025-11-18 08:25:17.554219,Istanbul,131,35.116,76.262
2025-11-18 09:25:17.554219,Istanbul,100,35.591,46.645
2025-11-18 10:25:17.554219,Istanbul,121,15.274,83.35
2025-11-18 11:25:17.554219,Istanbul,104,35.998,25.922
2025-11-18 12:25:17.554219,Istanbul,78,30.379,27.079
2025-11-18 13:25:17.554219,Istanbul,78,19.09,65.08
2025-11-18 14:25:17.554219,Istanbul,151,21.477,42.587
2025-11-18 15:25:17.554219,Istanbul,112,25.329,28.804
2025-11-18 16:25:17.554219,Istanbul,106,13.177,45.363
2025-11-18 17:25:17.554219,Istanbul,123,22.507,26.159
2025-11-18 18:25:17.554219,Istanbul,112,22.271,36.133
2025-11-18 19:25:17.554219,Istanbul,109,19.794,85.331
2025-11-18 20:25:17.554219,Istanbul,90,24.917,38.857
2025-11-18 21:25:17.554219,Istanbul,93,28.092,43.149
2025-11-18 22:25:17.554219,Istanbul,135,37.198,45.208
2025-11-18 23:25:17.554219,Istanbul,94,32.644,25.213
2025-11-19 00:25:17.554219,Istanbul,114,5.579,37.4
2025-11-19 01:25:17.554219,Istanbul,79,35.042,75.185
2025-11-19 02:25:17.554219,Istanbul,126,10.752,39.776
2025-11-19 03:25:17.554219,Istanbul,114,20.051,43.978
2025-11-19 04:25:17.554219,Istanbul,93,5.557,53.536
2025-11-19 05:25:17.554219,Istanbul,83,8.902,80.741
2025-11-19 06:25:17.554219,Istanbul,124,18.018,71.838
2025-11-19 07:25:17.554219,Istanbul,138,10.124,38.22
2025-11-19 08:25:17.554219,Istanbul,153,19.302,88.851
2025-11-19 09:25:17.554219,Istanbul,84,15.513,56.86
2025-11-19 10:25:17.554219,Istanbul,91,24.113,38.372
2025-11-19 11:25:17.554219,Istanbul,115,32.522,61.474
2025-11-19 12:25:17.554219,Istanbul,118,15.665,37.704
2025-11-19 13:25:17.554219,Istanbul,76,12.481,30.516
2025-11-19 14:25:17.554219,Istanbul,115,14.826,69.132
2025-11-19 15:25:17.554219,Istanbul,129,26.277,25.096
2025-11-19 16:25:17.554219,Istanbul,81,22.691,43.813
2025-11-19 17:25:17.554219,Istanbul,61,10.383,66.23
2025-11-04 18:25:17.554219,Tehran,88,31.296,43.389
2025-11-04 19:25:17.554219,Tehran,79,9.914,59.493
2025-11-04 20:25:17.554219,Tehran,69,34.535,53.139
2025-11-04 21:25:17.554219,Tehran,158,9.29,72.455
2025-11-04 22:25:17.554219,Tehran,118,11.841,45.501
2025-11-04 23:25:17.554219,Tehran,86,22.151,69.877
2025-11-05 00:25:17.554219,Tehran,112,18.42,52.041
2025-11-05 01:25:17.554219,Tehran,110,6.797,61.936
2025-11-05 02:25:17.554219,Tehran,90,36.533,85.312
2025-11-05 03:25:17.554219,Tehran,108,22.727,65.17
2025-11-05 04:25:17.554219,Tehran,80,32.336,62.07
2025-11-05 05:25:17.554219,Tehran,78,35.667,82.794
2025-11-05 06:25:17.554219,Tehran,80,13.583,89.918
2025-11-05 07:25:17.554219,Tehran,129,17.831,66.848
2025-11-05 08:25:17.554219,Tehran,144,5.201,48.855
2025-11-05 09:25:17.554219,Tehran,133,21.756,80.075
2025-11-05 10:25:17.554219,Tehran,115,5.623,44.096
2025-11-05 11:25:17.554219,Tehran,118,8.226,35.679
2025-11-05 12:25:17.554219,Tehran,88,23.697,70.339
2025-11-05 13:25:17.554219,Tehran,116,25.715,67.746
2025-11-05 14:25:17.554219,Tehran,102,27.326,59.948
2025-11-05 15:25:17.554219,Tehran,81,11.811,33.799
2025-11-05 16:25:17.554219,Tehran,87,10.47,88.747
2025-11-05 17:25:17.554219,Tehran,90,9.548,84.776
2025-11-05 18:25:17.554219,Tehran,83,33.141,52.998
2025-11-05 19:25:17.554219,Tehran,130,24.801,87.419
2025-11-05 20:25:17.554219,Tehran,110,35.108,52.31
2025-11-05 21:25:17.554219,Tehran,58,30.717,37.519
2025-11-05 22:25:17.554219,Tehran,70,28.762,37.788
2025-11-05 23:25:17.554219,Tehran,125,21.805,83.562
2025-11-06 00:25:17.554219,Tehran,112,26.594,29.463
2025-11-06 01:25:17.554219,Tehran,139,20.731,44.99
2025-11-06 02:25:17.554219,Tehran,92,14.31,86.141
2025-11-06 03:25:17.554219,Tehran,86,27.915,50.685
2025-11-06 04:25:17.554219,Tehran,116,6.409,84.113
2025-11-06 05:25:17.554219,Tehran,177,9.236,47.251
2025-11-06 06:25:17.554219,Tehran,112,20.059,77.034
2025-11-06 07:25:17.554219,Tehran,127,11.922,49.811
2025-11-06 08:25:17.554219,Tehran,107,16.872,82.112
2025-11-06 09:25:17.554219,Tehran,116,37.818,47.563
2025-11-06 10:25:17.554219,Tehran,95,6.995,45.934
2025-11-06 11:25:17.554219,Tehran,85,11.735,68.325
2025-11-06 12:25:17.554219,Tehran,90,30.459,83.305
2025-11-06 13:25:17.554219,Tehran,100,32.375,51.892
2025-11-06 14:25:17.554219,Tehran,63,31.86,66.58
2025-11-06 15:25:17.554219,Tehran,75,10.764,86.042
2025-11-06 16:25:17.554219,Tehran,135,12.904,73.206
2025-11-06 17:25:17.554219,Tehran,89,37.347,25.694
2025-11-06 18:25:17.554219,Tehran,99,26.138,28.988
2025-11-06 19:25:17.554219,Tehran,102,23.071,81.402
2025-11-06 20:25:17.554219,Tehran,113,36.866,78.956
2025-11-06 21:25:17.554219,Tehran,100,32.035,81.099
2025-11-06 22:25:17.554219,Tehran,127,24.25,74.563
2025-11-06 23:25:17.554219,Tehran,35,30.698,47.809
2025-11-07 00:25:17.554219,Tehran,92,19.541,86.288
2025-11-07 01:25:17.554219,Tehran,98,22.603,89.887
2025-11-07 02:25:17.554219,Tehran,94,6.513,89.379
2025-11-07 03:25:17.554219,Tehran,92,34.629,71.951
2025-11-07 04:25:17.554219,Tehran,117,27.312,41.836
2025-11-07 05:25:17.554219,Tehran,116,16.743,89.991
2025-11-07 06:25:17.554219,Tehran,73,19.626,56.271
2025-11-07 07:25:17.554219,Tehran,141,26.043,83.243
2025-11-07 08:25:17.554219,Tehran,124,6.055,28.782
2025-11-07 09:25:17.554219,Tehran,129,31.376,85.388
2025-11-07 10:25:17.554219,Tehran,93,22.438,54.085
2025-11-07 11:25:17.554219,Tehran,109,13.881,45.8
2025-11-07 12:25:17.554219,Tehran,117,21.901,39.366
2025-11-07 13:25:17.554219,Tehran,65,32.29,79.693
2025-11-07 14:25:17.554219,Tehran,73,20.078,70.961
2025-11-07 15:25:17.554219,Tehran,89,22.417,64.519
2025-11-07 16:25:17.554219,Tehran,133,22.109,60.101
2025-11-07 17:25:17.554219,Tehran,124,36.602,64.345
2025-11-07 18:25:17.554219,Tehran,110,27.951,58.237
2025-11-07 19:25:17.554219,Tehran,111,32.973,57.686
2025-11-07 20:25:17.554219,Tehran,118,6.283,68.147
2025-11-07 21:25:17.554219,Tehran,124,9.101,37.054
2025-11-07 22:25:17.554219,Tehran,102,13.567,29.651
2025-11-07 23:25:17.554219,Tehran,46,28.548,39.245
2025-11-08 00:25:17.554219,Tehran,137,7.525,62.098
2025-11-08 01:25:17.554219,Tehran,91,16.579,80.949
2025-11-08 02:25:17.554219,Tehran,65,14.063,46.85
2025-11-08 03:25:17.554219,Tehran,69,10.606,50.09
2025-11-08 04:25:17.554219,Tehran,101,10.211,77.241
2025-11-08 05:25:17.554219,Tehran,118,27.782,26.982
2025-11-08 06:25:17.554219,Tehran,80,26.137,40.041
2025-11-08 07:25:17.554219,Tehran,119,8.197,73.692
2025-11-08 08:25:17.554219,Tehran,107,5.774,67.878
2025-11-08 09:25:17.554219,Tehran,110,32.238,85.985
2025-11-08 10:25:17.554219,Tehran,119,14.891,53.94
2025-11-08 11:25:17.554219,Tehran,119,18.816,56.01
2025-11-08 12:25:17.554219,Tehran,97,26.082,77.298
2025-11-08 13:25:17.554219,Tehran,65,15.807,44.515
2025-11-08 14:25:17.554219,Tehran,102,5.288,40.696
2025-11-08 15:25:17.554219,Tehran,102,34.721,81.969
2025-11-08 16:25:17.554219,Tehran,98,32.569,36.278
2025-11-08 17:25:17.554219,Tehran,115,33.709,79.373
2025-11-08 18:25:17.554219,Tehran,88,32.405,78.672
2025-11-08 19:25:17.554219,Tehran,89,31.7,74.934
2025-11-08 20:25:17.554219,Tehran,105,7.668,70.496
2025-11-08 21:25:17.554219,Tehran,103,32.163,60.307
2025-11-08 22:25:17.554219,Tehran,93,15.226,77.388
2025-11-08 23:25:17.554219,Tehran,87,7.647,36.119
2025-11-09 00:25:17.554219,Tehran,110,31.23,67.513
2025-11-09 01:25:17.554219,Tehran,100,37.768,35.04
2025-11-09 02:25:17.554219,Tehran,76,8.845,80.98
2025-11-09 03:25:17.554219,Tehran,139,24.847,79.271
2025-11-09 04:25:17.554219,Tehran,82,11.559,51.665
2025-11-09 05:25:17.554219,Tehran,96,33.238,38.23
2025-11-09 06:25:17.554219,Tehran,94,12.04,67.669
2025-11-09 07:25:17.554219,Tehran,149,16.612,40.194
2025-11-09 08:25:17.554219,Tehran,101,35.961,79.059
2025-11-09 09:25:17.554219,Tehran,92,20.341,46.139
2025-11-09 10:25:17.554219,Tehran,85,27.019,77.476
2025-11-09 11:25:17.554219,Tehran,154,16.002,58.276
2025-11-09 12:25:17.554219,Tehran,70,37.225,66.177
2025-11-09 13:25:17.554219,Tehran,97,31.318,65.529
2025-11-09 14:25:17.554219,Tehran,108,14.041,39.295
2025-11-09 15:25:17.554219,Tehran,81,18.186,32.909
2025-11-09 16:25:17.554219,Tehran,49,36.985,38.221
2025-11-09 17:25:17.554219,Tehran,75,11.05,87.908
2025-11-09 18:25:17.554219,Tehran,79,13.237,67.851
2025-11-09 19:25:17.554219,Tehran,75,14.6,88.07
2025-11-09 20:25:17.554219,Tehran,84,12.21,48.881
2025-11-09 21:25:17.554219,Tehran,92,25.78,81.33
2025-11-09 22:25:17.554219,Tehran,136,28.385,80.238
2025-11-09 23:25:17.554219,Tehran,86,6.351,76.389
2025-11-10 00:25:17.554219,Tehran,55,36.541,59.636
2025-11-10 01:25:17.554219,Tehran,77,22.432,56.715
2025-11-10 02:25:17.554219,Tehran,64,37.758,76.977
2025-11-10 03:25:17.554219,Tehran,74,30.632,42.961
2025-11-10 04:25:17.554219,Tehran,124,21.138,69.483
2025-11-10 05:25:17.554219,Tehran,101,6.334,56.648
2025-11-10 06:25:17.554219,Tehran,99,18.226,57.943
2025-11-10 07:25:17.554219,Tehran,60,32.117,34.63
2025-11-10 08:25:17.554219,Tehran,131,13.617,42.871
2025-11-10 09:25:17.554219,Tehran,58,25.6,73.278
2025-11-10 10:25:17.554219,Tehran,67,18.375,25.835
2025-11-10 11:25:17.554219,Tehran,103,22.899,45.422
2025-11-10 12:25:17.554219,Tehran,97,14.741,43.762
2025-11-10 13:25:17.554219,Tehran,106,8.368,28.041
2025-11-10 14:25:17.554219,Tehran,82,18.494,77.934
2025-11-10 15:25:17.554219,Tehran,81,5.973,38.018
2025-11-10 16:25:17.554219,Tehran,85,36.192,59.278
2025-11-10 17:25:17.554219,Tehran,147,17.222,77.373
2025-11-10 18:25:17.554219,Tehran,96,20.182,30.278
2025-11-10 19:25:17.554219,Tehran,121,8.206,47.479
2025-11-10 20:25:17.554219,Tehran,89,8.144,89.981
2025-11-10 21:25:17.554219,Tehran,123,22.712,45.653
2025-11-10 22:25:17.554219,Tehran,107,22,69.395
2025-11-10 23:25:17.554219,Tehran,115,30.593,77.264
2025-11-11 00:25:17.554219,Tehran,146,29.601,82.564
2025-11-11 01:25:17.554219,Tehran,135,30.132,50.472
2025-11-11 02:25:17.554219,Tehran,87,29.12,64.201
2025-11-11 03:25:17.554219,Tehran,103,35.236,60.61
2025-11-11 04:25:17.554219,Tehran,108,14.037,87.908
2025-11-11 05:25:17.554219,Tehran,84,23.388,58.805
2025-11-11 06:25:17.554219,Tehran,111,23.96,51.98
2025-11-11 07:25:17.554219,Tehran,141,11.492,28.11
2025-11-11 08:25:17.554219,Tehran,77,34.105,76.493
2025-11-11 09:25:17.554219,Tehran,96,9.504,42.433
2025-11-11 10:25:17.554219,Tehran,131,9.063,78.476
2025-11-11 11:25:17.554219,Tehran,111,24.483,35.295
2025-11-11 12:25:17.554219,Tehran,158,29.375,36.702
2025-11-11 13:25:17.554219,Tehran,107,31.928,40.484
2025-11-11 14:25:17.554219,Tehran,76,22.812,35.317
2025-11-11 15:25:17.554219,Tehran,83,33.363,48.489
2025-11-11 16:25:17.554219,Tehran,72,26.687,86.027
2025-11-11 17:25:17.554219,Tehran,110,17.016,67.711
2025-11-11 18:25:17.554219,Tehran,67,33.005,33.091
2025-11-11 19:25:17.554219,Tehran,103,22.299,82.194
2025-11-11 20:25:17.554219,Tehran,91,6.458,83.938
2025-11-11 21:25:17.554219,Tehran,108,29.877,71.209
2025-11-11 22:25:17.554219,Tehran,93,27.394,57.829
2025-11-11 23:25:17.554219,Tehran,124,19.005,38.303
2025-11-12 00:25:17.554219,Tehran,95,31.911,84.612
2025-11-12 01:25:17.554219,Tehran,74,21.942,62.654
2025-11-12 02:25:17.554219,Tehran,146,11.643,66.855
2025-11-12 03:25:17.554219,Tehran,113,5.314,75.83
2025-11-12 04:25:17.554219,Tehran,54,27.965,69.085
2025-11-12 05:25:17.554219,Tehran,130,24.163,30.788
2025-11-12 06:25:17.554219,Tehran,77,21.01,87.581
2025-11-12 07:25:17.554219,Tehran,121,13.84,59.514
2025-11-12 08:25:17.554219,Tehran,88,5.628,77.844
2025-11-12 09:25:17.554219,Tehran,137,30.928,56.051
2025-11-12 10:25:17.554219,Tehran,113,11.731,86.403
2025-11-12 11:25:17.554219,Tehran,97,18.808,72.453
2025-11-12 12:25:17.554219,Tehran,120,28.087,53.93
2025-11-12 13:25:17.554219,Tehran,121,25.85,80.993
2025-11-12 14:25:17.554219,Tehran,104,22.248,86.87
2025-11-12 15:25:17.554219,Tehran,103,18.52,72.505
2025-11-12 16:25:17.554219,Tehran,120,26.757,28.424
2025-11-12 17:25:17.554219,Tehran,61,27.08,66.372
2025-11-12 18:25:17.554219,Tehran,93,18.86,83.946
2025-11-12 19:25:17.554219,Tehran,81,17.394,76.716
2025-11-12 20:25:17.554219,Tehran,101,23.768,41.508
2025-11-12 21:25:17.554219,Tehran,97,6.435,85.439
2025-11-12 22:25:17.554219,Tehran,88,19.732,55.759
2025-11-12 23:25:17.554219,Tehran,86,28.818,58.409
2025-11-13 00:25:17.554219,Tehran,93,15.128,87.506
2025-11-13 01:25:17.554219,Tehran,108,29.479,55.67
2025-11-13 02:25:17.554219,Tehran,116,37.457,69.708
2025-11-13 03:25:17.554219,Tehran,117,24.573,44.983
2025-11-13 04:25:17.554219,Tehran,117,24.355,41.638
2025-11-13 05:25:17.554219,Tehran,86,25.718,58.843
2025-11-13 06:25:17.554219,Tehran,72,32.545,57.966
2025-11-13 07:25:17.554219,Tehran,97,35.958,49.898
2025-11-13 08:25:17.554219,Tehran,104,19.38,88.922
2025-11-13 09:25:17.554219,Tehran,99,18.76,51.29
2025-11-13 10:25:17.554219,Tehran,106,36.573,67.133
2025-11-13 11:25:17.554219,Tehran,113,23.946,64.759
2025-11-13 12:25:17.554219,Tehran,111,9.816,30.578
2025-11-13 13:25:17.554219,Tehran,85,21.475,83.738
2025-11-13 14:25:17.554219,Tehran,95,9.49,51.963
2025-11-13 15:25:17.554219,Tehran,112,29.484,45.739
2025-11-13 16:25:17.554219,Tehran,95,5.448,28.486
2025-11-13 17:25:17.554219,Tehran,84,30.027,79.762
2025-11-13 18:25:17.554219,Tehran,83,6.471,77.525
2025-11-13 19:25:17.554219,Tehran,109,33.603,31.49
2025-11-13 20:25:17.554219,Tehran,105,19.007,64.108
2025-11-13 21:25:17.554219,Tehran,150,35.653,85.894
2025-11-13 22:25:17.554219,Tehran,118,14.204,71.919
2025-11-13 23:25:17.554219,Tehran,106,27.373,57.726
2025-11-14 00:25:17.554219,Tehran,90,30.894,50.404
2025-11-14 01:25:17.554219,Tehran,70,16.439,45.429
2025-11-14 02:25:17.554219,Tehran,115,22.923,52.481
2025-11-14 03:25:17.554219,Tehran,82,5.843,82.022
2025-11-14 04:25:17.554219,Tehran,115,12.971,31.597
2025-11-14 05:25:17.554219,Tehran,65,16.078,60.885
2025-11-14 06:25:17.554219,Tehran,90,18.015,76.637
2025-11-14 07:25:17.554219,Tehran,172,18.256,55.001
2025-11-14 08:25:17.554219,Tehran,104,7.286,64.217
2025-11-14 09:25:17.554219,Tehran,85,24.257,83.526
2025-11-14 10:25:17.554219,Tehran,122,32.117,79.303
2025-11-14 11:25:17.554219,Tehran,92,19.476,43.415
2025-11-14 12:25:17.554219,Tehran,112,22.733,58.566
2025-11-14 13:25:17.554219,Tehran,142,9.595,44.321
2025-11-14 14:25:17.554219,Tehran,139,27.958,26.423
2025-11-14 15:25:17.554219,Tehran,109,27.399,72.766
2025-11-14 16:25:17.554219,Tehran,108,24.883,62.612
2025-11-14 17:25:17.554219,Tehran,106,21.125,83.736
2025-11-14 18:25:17.554219,Tehran,57,17.14,74.988
2025-11-14 19:25:17.554219,Tehran,104,19.075,75.28
2025-11-14 20:25:17.554219,Tehran,127,15.39,50.646
2025-11-14 21:25:17.554219,Tehran,56,35.654,26.753
2025-11-14 22:25:17.554219,Tehran,98,30.549,39.962
2025-11-14 23:25:17.554219,Tehran,75,33.325,27.257
2025-11-15 00:25:17.554219,Tehran,155,22.292,68.815
2025-11-15 01:25:17.554219,Tehran,129,15.712,79.038
2025-11-15 02:25:17.554219,Tehran,120,6.369,76.326
2025-11-15 03:25:17.554219,Tehran,115,34.204,29.187
2025-11-15 04:25:17.554219,Tehran,73,26.433,43.664
2025-11-15 05:25:17.554219,Tehran,135,32.118,62.964
2025-11-15 06:25:17.554219,Tehran,103,18.226,74.898
2025-11-15 07:25:17.554219,Tehran,74,21.747,25.086
2025-11-15 08:25:17.554219,Tehran,135,14.029,45.26
2025-11-15 09:25:17.554219,Tehran,76,24.865,32.509
2025-11-15 10:25:17.554219,Tehran,123,37.145,56.32
2025-11-15 11:25:17.554219,Tehran,99,5.599,43.048
2025-11-15 12:25:17.554219,Tehran,89,22.039,55.458
2025-11-15 13:25:17.554219,Tehran,125,7.188,48.064
2025-11-15 14:25:17.554219,Tehran,103,13.492,75.409
2025-11-15 15:25:17.554219,Tehran,77,33.516,32.128
2025-11-15 16:25:17.554219,Tehran,130,10.016,63.849
2025-11-15 17:25:17.554219,Tehran,67,10.583,59.154
2025-11-15 18:25:17.554219,Tehran,106,24.776,27.281
2025-11-15 19:25:17.554219,Tehran,106,33.252,30.451
2025-11-15 20:25:17.554219,Tehran,118,33.493,82.209
2025-11-15 21:25:17.554219,Tehran,129,29.454,65.505
2025-11-15 22:25:17.554219,Tehran,77,11.021,51.902
2025-11-15 23:25:17.554219,Tehran,169,32.351,84.609
2025-11-16 00:25:17.554219,Tehran,135,28.454,87.166
2025-11-16 01:25:17.554219,Tehran,115,9.129,45.128
2025-11-16 02:25:17.554219,Tehran,109,32.937,79.483
2025-11-16 03:25:17.554219,Tehran,161,18.38,71.741
2025-11-16 04:25:17.554219,Tehran,88,33.892,88.301
2025-11-16 05:25:17.554219,Tehran,87,17.693,85.899
2025-11-16 06:25:17.554219,Tehran,88,24.366,48.042
2025-11-16 07:25:17.554219,Tehran,100,16.861,39.617
2025-11-16 08:25:17.554219,Tehran,81,21.573,66.612
2025-11-16 09:25:17.554219,Tehran,83,27.623,44.649
2025-11-16 10:25:17.554219,Tehran,116,19.364,29.609
2025-11-16 11:25:17.554219,Tehran,116,25.174,53.466
2025-11-16 12:25:17.554219,Tehran,76,16.801,83.364
2025-11-16 13:25:17.554219,Tehran,85,36.297,86.572
2025-11-16 14:25:17.554219,Tehran,61,31.796,46.775
2025-11-16 15:25:17.554219,Tehran,143,30.674,43.728
2025-11-16 16:25:17.554219,Tehran,96,29.607,35.781
2025-11-16 17:25:17.554219,Tehran,82,24.815,85.427
2025-11-16 18:25:17.554219,Tehran,68,8.967,77.109
2025-11-16 19:25:17.554219,Tehran,121,13.165,59.874
2025-11-16 20:25:17.554219,Tehran,117,31.73,71.529
2025-11-16 21:25:17.554219,Tehran,88,9.497,82.835
2025-11-16 22:25:17.554219,Tehran,81,29.222,80.59
2025-11-16 23:25:17.554219,Tehran,152,24.325,84.403
2025-11-17 00:25:17.554219,Tehran,153,14.397,33.614
2025-11-17 01:25:17.554219,Tehran,96,30.805,35.901
2025-11-17 02:25:17.554219,Tehran,95,8.459,30.943
2025-11-17 03:25:17.554219,Tehran,115,5.878,50.815
2025-11-17 04:25:17.554219,Tehran,89,19.693,75.411
2025-11-17 05:25:17.554219,Tehran,105,35.112,74.107
2025-11-17 06:25:17.554219,Tehran,121,28.478,76.176
2025-11-17 07:25:17.554219,Tehran,100,14.436,72.361
2025-11-17 08:25:17.554219,Tehran,79,30.58,69.81
2025-11-17 09:25:17.554219,Tehran,74,8.992,78.824
2025-11-17 10:25:17.554219,Tehran,121,6.154,54.63
2025-11-17 11:25:17.554219,Tehran,120,35.757,76.615
2025-11-17 12:25:17.554219,Tehran,90,17.962,61.948
2025-11-17 13:25:17.554219,Tehran,89,34.927,89.69
2025-11-17 14:25:17.554219,Tehran,86,12.976,72.013
2025-11-17 15:25:17.554219,Tehran,144,15.25,29.335
2025-11-17 16:25:17.554219,Tehran,73,16.324,85.1
2025-11-17 17:25:17.554219,Tehran,119,21.49,40.797
2025-11-17 18:25:17.554219,Tehran,105,16.889,77.039
2025-11-17 19:25:17.554219,Tehran,112,5.542,51.024
2025-11-17 20:25:17.554219,Tehran,102,6.909,30.51
2025-11-17 21:25:17.554219,Tehran,110,33.213,79.618
2025-11-17 22:25:17.554219,Tehran,83,24.589,42.081
2025-11-17 23:25:17.554219,Tehran,88,31.294,49.083
2025-11-18 00:25:17.554219,Tehran,93,13.207,76.297
2025-11-18 01:25:17.554219,Tehran,87,12.109,54.542
2025-11-18 02:25:17.554219,Tehran,135,10.987,46.851
2025-11-18 03:25:17.554219,Tehran,104,16.915,35.898
2025-11-18 04:25:17.554219,Tehran,97,36.6,45.077
2025-11-18 05:25:17.554219,Tehran,129,18.256,61.703
2025-11-18 06:25:17.554219,Tehran,107,33.974,29.884
2025-11-18 07:25:17.554219,Tehran,124,10.19,84.493
2025-11-18 08:25:17.554219,Tehran,96,12.261,33.035
2025-11-18 09:25:17.554219,Tehran,88,9.937,56.04
2025-11-18 10:25:17.554219,Tehran,100,23.66,54.118
2025-11-18 11:25:17.554219,Tehran,126,17.365,26.723
2025-11-18 12:25:17.554219,Tehran,113,23.187,72.295
2025-11-18 13:25:17.554219,Tehran,100,11.682,60.58
2025-11-18 14:25:17.554219,Tehran,98,29.334,79.648
2025-11-18 15:25:17.554219,Tehran,127,33.659,79.523
2025-11-18 16:25:17.554219,Tehran,116,6.782,33.618
2025-11-18 17:25:17.554219,Tehran,133,13.75,54.054
2025-11-18 18:25:17.554219,Tehran,94,29.015,26.684
2025-11-18 19:25:17.554219,Tehran,101,6.3,76.946
2025-11-18 20:25:17.554219,Tehran,47,28.723,28.705
2025-11-18 21:25:17.554219,Tehran,124,9.58,57.035
2025-11-18 22:25:17.554219,Tehran,82,21.075,39.944
2025-11-18 23:25:17.554219,Tehran,113,21.385,47.432
2025-11-19 00:25:17.554219,Tehran,104,21.274,61.446
2025-11-19 01:25:17.554219,Tehran,77,10.712,42.538
2025-11-19 02:25:17.554219,Tehran,137,7.716,79.617
2025-11-19 03:25:17.554219,Tehran,82,24.043,28.853
2025-11-19 04:25:17.554219,Tehran,107,13.764,68.598
2025-11-19 05:25:17.554219,Tehran,99,28.887,41.604
2025-11-19 06:25:17.554219,Tehran,131,6.375,37.458
2025-11-19 07:25:17.554219,Tehran,59,23.027,66.926
2025-11-19 08:25:17.554219,Tehran,163,16.588,59.402
2025-11-19 09:25:17.554219,Tehran,129,36.657,80.564
2025-11-19 10:25:17.554219,Tehran,131,10.104,50.561
2025-11-19 11:25:17.554219,Tehran,73,21.932,29.568
2025-11-19 12:25:17.554219,Tehran,98,19.217,67.322
2025-11-19 13:25:17.554219,Tehran,96,26.508,31.717
2025-11-19 14:25:17.554219,Tehran,98,31.099,79.501
2025-11-19 15:25:17.554219,Tehran,96,10.14,75.782
2025-11-19 16:25:17.554219,Tehran,101,37.533,61.469
2025-11-19 17:25:17.554219,Tehran,82,30.775,56.894
2025-11-04 18:25:17.554219,Karachi,173,36.655,79.05
2025-11-04 19:25:17.554219,Karachi,122,17.1,78.627
2025-11-04 20:25:17.554219,Karachi,82,17.353,33.075
2025-11-04 21:25:17.554219,Karachi,96,21.063,79.089
2025-11-04 22:25:17.554219,Karachi,127,6.151,44.276
2025-11-04 23:25:17.554219,Karachi,73,26.763,41.708
2025-11-05 00:25:17.554219,Karachi,116,9.792,30.757
2025-11-05 01:25:17.554219,Karachi,75,19.757,53.555
2025-11-05 02:25:17.554219,Karachi,131,35.952,53.1
2025-11-05 03:25:17.554219,Karachi,92,14.815,60.141
2025-11-05 04:25:17.554219,Karachi,64,36.076,63.787
2025-11-05 05:25:17.554219,Karachi,126,18.98,69.815
2025-11-05 06:25:17.554219,Karachi,110,26.267,55.3
2025-11-05 07:25:17.554219,Karachi,102,15.358,59.146
2025-11-05 08:25:17.554219,Karachi,85,10.008,81.416
2025-11-05 09:25:17.554219,Karachi,98,27.372,29.661
2025-11-05 10:25:17.554219,Karachi,84,30.543,42.577
2025-11-05 11:25:17.554219,Karachi,129,29.338,89.412
2025-11-05 12:25:17.554219,Karachi,97,14.066,60.605
2025-11-05 13:25:17.554219,Karachi,65,11.893,53.665
2025-11-05 14:25:17.554219,Karachi,138,34.199,39.521
2025-11-05 15:25:17.554219,Karachi,66,37.701,79.627
2025-11-05 16:25:17.554219,Karachi,148,15.464,67.966
2025-11-05 17:25:17.554219,Karachi,94,14.909,87.683
2025-11-05 18:25:17.554219,Karachi,111,8.892,43.536
2025-11-05 19:25:17.554219,Karachi,126,35.17,82.392
2025-11-05 20:25:17.554219,Karachi,70,33.907,65.032
2025-11-05 21:25:17.554219,Karachi,112,9.823,79.238
2025-11-05 22:25:17.554219,Karachi,88,17.014,34.271
2025-11-05 23:25:17.554219,Karachi,109,25.99,36.137
2025-11-06 00:25:17.554219,Karachi,124,32.83,60.576
2025-11-06 01:25:17.554219,Karachi,118,29.448,35.304
2025-11-06 02:25:17.554219,Karachi,48,17.512,34.079
2025-11-06 03:25:17.554219,Karachi,154,14.017,89.889
2025-11-06 04:25:17.554219,Karachi,143,18.398,78.194
2025-11-06 05:25:17.554219,Karachi,112,5.683,63.506
2025-11-06 06:25:17.554219,Karachi,123,14.513,56.365
2025-11-06 07:25:17.554219,Karachi,164,5.338,68.075
2025-11-06 08:25:17.554219,Karachi,114,19.878,72.469
2025-11-06 09:25:17.554219,Karachi,145,23.956,49.857
2025-11-06 10:25:17.554219,Karachi,98,35.462,81.054
2025-11-06 11:25:17.554219,Karachi,102,32.176,32.334
2025-11-06 12:25:17.554219,Karachi,96,24.461,81.446
2025-11-06 13:25:17.554219,Karachi,119,29.498,85.36
2025-11-06 14:25:17.554219,Karachi,109,21.539,59.953
2025-11-06 15:25:17.554219,Karachi,107,35.725,70.73
2025-11-06 16:25:17.554219,Karachi,80,37.154,75.454
2025-11-06 17:25:17.554219,Karachi,118,31.959,54.137
2025-11-06 18:25:17.554219,Karachi,90,17.118,49.571
2025-11-06 19:25:17.554219,Karachi,99,12.075,68.976
2025-11-06 20:25:17.554219,Karachi,100,33.162,84.578
2025-11-06 21:25:17.554219,Karachi,106,10.609,82.219
2025-11-06 22:25:17.554219,Karachi,95,8.152,39.125
2025-11-06 23:25:17.554219,Karachi,95,22.51,73.072
2025-11-07 00:25:17.554219,Karachi,100,24.576,35.021
2025-11-07 01:25:17.554219,Karachi,130,13.127,45.946
2025-11-07 02:25:17.554219,Karachi,91,6.109,85.381
2025-11-07 03:25:17.554219,Karachi,97,32.371,85.428
2025-11-07 04:25:17.554219,Karachi,150,9.252,36.357
2025-11-07 05:25:17.554219,Karachi,149,14.565,39.417
2025-11-07 06:25:17.554219,Karachi,166,14.126,31.045
2025-11-07 07:25:17.554219,Karachi,105,29.337,58.885
2025-11-07 08:25:17.554219,Karachi,95,31.494,66.011
2025-11-07 09:25:17.554219,Karachi,181,34.179,44.946
2025-11-07 10:25:17.554219,Karachi,73,22.61,39.366
2025-11-07 11:25:17.554219,Karachi,91,36.699,62.606
2025-11-07 12:25:17.554219,Karachi,70,11.474,45.871
2025-11-07 13:25:17.554219,Karachi,87,32.861,44.275
2025-11-07 14:25:17.554219,Karachi,159,18.97,38.213
2025-11-07 15:25:17.554219,Karachi,106,19.365,57.314
2025-11-07 16:25:17.554219,Karachi,90,6.527,83.071
2025-11-07 17:25:17.554219,Karachi,99,18.857,33.068
2025-11-07 18:25:17.554219,Karachi,123,34.306,50.607
2025-11-07 19:25:17.554219,Karachi,151,12.755,33.895
2025-11-07 20:25:17.554219,Karachi,85,18.485,55.208
2025-11-07 21:25:17.554219,Karachi,101,37.905,60.314
2025-11-07 22:25:17.554219,Karachi,115,25.803,82.015
2025-11-07 23:25:17.554219,Karachi,109,18.941,56.344
2025-11-08 00:25:17.554219,Karachi,105,35.981,31.321
2025-11-08 01:25:17.554219,Karachi,77,19.485,77.158
2025-11-08 02:25:17.554219,Karachi,118,18.934,45.669
2025-11-08 03:25:17.554219,Karachi,164,19.934,46.927
2025-11-08 04:25:17.554219,Karachi,111,27.583,41.317
2025-11-08 05:25:17.554219,Karachi,100,15.349,44.215
2025-11-08 06:25:17.554219,Karachi,114,11.854,82.573
2025-11-08 07:25:17.554219,Karachi,105,5.053,25.271
2025-11-08 08:25:17.554219,Karachi,74,6.612,46.075
2025-11-08 09:25:17.554219,Karachi,117,10.997,42.892
2025-11-08 10:25:17.554219,Karachi,81,28.989,86.749
2025-11-08 11:25:17.554219,Karachi,107,5.969,34.042
2025-11-08 12:25:17.554219,Karachi,49,13.479,63.068
2025-11-08 13:25:17.554219,Karachi,114,7.844,71.832
2025-11-08 14:25:17.554219,Karachi,90,19.164,86.493
2025-11-08 15:25:17.554219,Karachi,97,7.368,80.406
2025-11-08 16:25:17.554219,Karachi,95,30.124,54.116
2025-11-08 17:25:17.554219,Karachi,95,11.002,88.986
2025-11-08 18:25:17.554219,Karachi,106,33.446,79.401
2025-11-08 19:25:17.554219,Karachi,119,21.088,27.32
2025-11-08 20:25:17.554219,Karachi,119,18.993,26.953
2025-11-08 21:25:17.554219,Karachi,99,33.717,76.306
2025-11-08 22:25:17.554219,Karachi,108,15.755,47.828
2025-11-08 23:25:17.554219,Karachi,95,27.94,70.373
2025-11-09 00:25:17.554219,Karachi,81,5.081,29.435
2025-11-09 01:25:17.554219,Karachi,116,11.811,61.632
2025-11-09 02:25:17.554219,Karachi,81,9.143,42.733
2025-11-09 03:25:17.554219,Karachi,130,37.322,46.028
2025-11-09 04:25:17.554219,Karachi,159,14.399,83.949
2025-11-09 05:25:17.554219,Karachi,120,8.856,71.102
2025-11-09 06:25:17.554219,Karachi,83,34.547,42.73
2025-11-09 07:25:17.554219,Karachi,186,17.277,88.861
2025-11-09 08:25:17.554219,Karachi,76,31.656,42.565
2025-11-09 09:25:17.554219,Karachi,112,24.059,56.69
2025-11-09 10:25:17.554219,Karachi,93,32.762,68.794
2025-11-09 11:25:17.554219,Karachi,87,19.927,33.777
2025-11-09 12:25:17.554219,Karachi,116,6.119,56.866
2025-11-09 13:25:17.554219,Karachi,90,20.293,72.981
2025-11-09 14:25:17.554219,Karachi,83,7.42,83.73
2025-11-09 15:25:17.554219,Karachi,77,6.931,54.189
2025-11-09 16:25:17.554219,Karachi,109,30.81,55.656
2025-11-09 17:25:17.554219,Karachi,81,25.314,63.283
2025-11-09 18:25:17.554219,Karachi,102,22.816,58.738
2025-11-09 19:25:17.554219,Karachi,76,7.131,27.416
2025-11-09 20:25:17.554219,Karachi,106,10.939,76.741
2025-11-09 21:25:17.554219,Karachi,126,15.834,48.569
2025-11-09 22:25:17.554219,Karachi,139,15.682,39.577
2025-11-09 23:25:17.554219,Karachi,96,13.094,58.145
2025-11-10 00:25:17.554219,Karachi,111,22.55,29.803
2025-11-10 01:25:17.554219,Karachi,152,37.593,55.208
2025-11-10 02:25:17.554219,Karachi,92,18.089,49.564
2025-11-10 03:25:17.554219,Karachi,82,7.497,59.5
2025-11-10 04:25:17.554219,Karachi,81,25.099,70.725
2025-11-10 05:25:17.554219,Karachi,91,28.756,50.533
2025-11-10 06:25:17.554219,Karachi,59,31.733,54.566
2025-11-10 07:25:17.554219,Karachi,107,10.895,89.42
2025-11-10 08:25:17.554219,Karachi,126,9.874,46.046
2025-11-10 09:25:17.554219,Karachi,120,21.237,78.634
2025-11-10 10:25:17.554219,Karachi,93,27.6,61.253
2025-11-10 11:25:17.554219,Karachi,109,19.533,30.496
2025-11-10 12:25:17.554219,Karachi,65,27.936,43.425
2025-11-10 13:25:17.554219,Karachi,120,20.163,61.098
2025-11-10 14:25:17.554219,Karachi,87,26.832,44.603
2025-11-10 15:25:17.554219,Karachi,101,16.432,62.245
2025-11-10 16:25:17.554219,Karachi,101,28.301,62.332
2025-11-10 17:25:17.554219,Karachi,137,6.563,84.535
2025-11-10 18:25:17.554219,Karachi,98,5.756,28.091
2025-11-10 19:25:17.554219,Karachi,118,27.238,57.366
2025-11-10 20:25:17.554219,Karachi,75,35.206,71.112
2025-11-10 21:25:17.554219,Karachi,76,17.19,83.283
2025-11-10 22:25:17.554219,Karachi,176,13.378,82.579
2025-11-10 23:25:17.554219,Karachi,110,13.607,76.597
2025-11-11 00:25:17.554219,Karachi,149,19.392,40.003
2025-11-11 01:25:17.554219,Karachi,100,33.598,38.418
2025-11-11 02:25:17.554219,Karachi,72,27.954,26.924
2025-11-11 03:25:17.554219,Karachi,104,35.814,49.56
2025-11-11 04:25:17.554219,Karachi,70,22.751,73.07
2025-11-11 05:25:17.554219,Karachi,61,36.65,52.342
2025-11-11 06:25:17.554219,Karachi,88,37.288,82.056
2025-11-11 07:25:17.554219,Karachi,78,21.659,63.331
2025-11-11 08:25:17.554219,Karachi,69,12.871,72.698
2025-11-11 09:25:17.554219,Karachi,76,21.018,53.215
2025-11-11 10:25:17.554219,Karachi,133,13.018,79.359
2025-11-11 11:25:17.554219,Karachi,121,23.257,48.38
2025-11-11 12:25:17.554219,Karachi,132,21.336,26.366
2025-11-11 13:25:17.554219,Karachi,145,9.348,32.178
2025-11-11 14:25:17.554219,Karachi,91,16.276,64.887
2025-11-11 15:25:17.554219,Karachi,109,24.54,80.117
2025-11-11 16:25:17.554219,Karachi,91,23.177,65.89
2025-11-11 17:25:17.554219,Karachi,118,18.703,59.474
2025-11-11 18:25:17.554219,Karachi,132,23.335,64.013
2025-11-11 19:25:17.554219,Karachi,152,11.111,85.77
2025-11-11 20:25:17.554219,Karachi,66,31.949,67.242
2025-11-11 21:25:17.554219,Karachi,78,15.885,72.886
2025-11-11 22:25:17.554219,Karachi,122,11.056,43.35
2025-11-11 23:25:17.554219,Karachi,85,15.716,51.604
2025-11-12 00:25:17.554219,Karachi,129,24.768,87.315
2025-11-12 01:25:17.554219,Karachi,78,24.188,43.113
2025-11-12 02:25:17.554219,Karachi,130,28.099,73.328
2025-11-12 03:25:17.554219,Karachi,100,9.145,88.826
2025-11-12 04:25:17.554219,Karachi,122,7.69,40.364
2025-11-12 05:25:17.554219,Karachi,95,22.781,29.789
2025-11-12 06:25:17.554219,Karachi,182,36.685,73.824
2025-11-12 07:25:17.554219,Karachi,115,32.152,51.631
2025-11-12 08:25:17.554219,Karachi,135,19.617,60.955
2025-11-12 09:25:17.554219,Karachi,130,25.783,29.239
2025-11-12 10:25:17.554219,Karachi,116,26.315,65.127
2025-11-12 11:25:17.554219,Karachi,119,6.88,38.637
2025-11-12 12:25:17.554219,Karachi,104,33.835,41.957
2025-11-12 13:25:17.554219,Karachi,121,10.041,53.303
2025-11-12 14:25:17.554219,Karachi,169,37.211,78.419
2025-11-12 15:25:17.554219,Karachi,113,8.197,88.064
2025-11-12 16:25:17.554219,Karachi,112,8.367,48.731
2025-11-12 17:25:17.554219,Karachi,120,23.513,53.381
2025-11-12 18:25:17.554219,Karachi,112,27.186,72.677
2025-11-12 19:25:17.554219,Karachi,86,13.512,56.07
2025-11-12 20:25:17.554219,Karachi,141,5.589,28.91
2025-11-12 21:25:17.554219,Karachi,92,37.464,43.314
2025-11-12 22:25:17.554219,Karachi,111,23.89,48.906
2025-11-12 23:25:17.554219,Karachi,81,13.897,87.682
2025-11-13 00:25:17.554219,Karachi,124,16.755,33.856
2025-11-13 01:25:17.554219,Karachi,152,28.876,50.337
2025-11-13 02:25:17.554219,Karachi,88,36.218,35.772
2025-11-13 03:25:17.554219,Karachi,65,21.4,67.378
2025-11-13 04:25:17.554219,Karachi,98,8.276,59.652
2025-11-13 05:25:17.554219,Karachi,92,36.038,45.056
2025-11-13 06:25:17.554219,Karachi,76,29.493,52.2
2025-11-13 07:25:17.554219,Karachi,87,9.951,81.086
2025-11-13 08:25:17.554219,Karachi,136,6.361,64.782
2025-11-13 09:25:17.554219,Karachi,101,31.366,63.077
2025-11-13 10:25:17.554219,Karachi,77,12.362,89.901
2025-11-13 11:25:17.554219,Karachi,150,35.929,66.744
2025-11-13 12:25:17.554219,Karachi,167,23.992,41.608
2025-11-13 13:25:17.554219,Karachi,77,16.767,63.16
2025-11-13 14:25:17.554219,Karachi,72,16.337,58.073
2025-11-13 15:25:17.554219,Karachi,92,27.94,48.198
2025-11-13 16:25:17.554219,Karachi,140,34.697,89.115
2025-11-13 17:25:17.554219,Karachi,66,21.291,42.188
2025-11-13 18:25:17.554219,Karachi,72,27.858,40.808
2025-11-13 19:25:17.554219,Karachi,109,11.826,89.305
2025-11-13 20:25:17.554219,Karachi,137,19.138,85.745
2025-11-13 21:25:17.554219,Karachi,79,14.376,27.81
2025-11-13 22:25:17.554219,Karachi,122,25.385,57.595
2025-11-13 23:25:17.554219,Karachi,114,21.431,37.445
2025-11-14 00:25:17.554219,Karachi,84,23.723,73.224
2025-11-14 01:25:17.554219,Karachi,80,7.086,28.19
2025-11-14 02:25:17.554219,Karachi,119,23.762,58.22
2025-11-14 03:25:17.554219,Karachi,89,13.781,80.265
2025-11-14 04:25:17.554219,Karachi,93,21.521,86.999
2025-11-14 05:25:17.554219,Karachi,141,29.073,63.612
2025-11-14 06:25:17.554219,Karachi,89,11.207,29.461
2025-11-14 07:25:17.554219,Karachi,171,26.797,55.028
2025-11-14 08:25:17.554219,Karachi,83,12.411,57.492
2025-11-14 09:25:17.554219,Karachi,139,11.55,80.903
2025-11-14 10:25:17.554219,Karachi,128,33.983,57.882
2025-11-14 11:25:17.554219,Karachi,81,21.446,84.174
2025-11-14 12:25:17.554219,Karachi,102,13.542,55.726
2025-11-14 13:25:17.554219,Karachi,123,21.593,88.023
2025-11-14 14:25:17.554219,Karachi,107,27.104,89.369
2025-11-14 15:25:17.554219,Karachi,92,36.735,49.908
2025-11-14 16:25:17.554219,Karachi,126,7.003,53.992
2025-11-14 17:25:17.554219,Karachi,112,31.838,58.754
2025-11-14 18:25:17.554219,Karachi,90,14.312,59.306
2025-11-14 19:25:17.554219,Karachi,135,19.05,46.58
2025-11-14 20:25:17.554219,Karachi,105,7.491,89.746
2025-11-14 21:25:17.554219,Karachi,99,26.385,86.063
2025-11-14 22:25:17.554219,Karachi,87,29.405,84.111
2025-11-14 23:25:17.554219,Karachi,129,14.164,79.636
2025-11-15 00:25:17.554219,Karachi,92,33.902,84.959
2025-11-15 01:25:17.554219,Karachi,108,34.494,74.026
2025-11-15 02:25:17.554219,Karachi,87,21.138,80.552
2025-11-15 03:25:17.554219,Karachi,63,5.352,76.744
2025-11-15 04:25:17.554219,Karachi,60,27.06,29.888
2025-11-15 05:25:17.554219,Karachi,60,31.047,42.453
2025-11-15 06:25:17.554219,Karachi,127,26.491,39.06
2025-11-15 07:25:17.554219,Karachi,118,22.622,43.275
2025-11-15 08:25:17.554219,Karachi,57,25.696,51.977
2025-11-15 09:25:17.554219,Karachi,109,9.217,55.764
2025-11-15 10:25:17.554219,Karachi,90,13.396,82.185
2025-11-15 11:25:17.554219,Karachi,125,12.912,45.495
2025-11-15 12:25:17.554219,Karachi,104,34.074,66.637
2025-11-15 13:25:17.554219,Karachi,84,21.542,49.284
2025-11-15 14:25:17.554219,Karachi,110,37.067,61.257
2025-11-15 15:25:17.554219,Karachi,126,20.144,44.548
2025-11-15 16:25:17.554219,Karachi,116,36.69,47.446
2025-11-15 17:25:17.554219,Karachi,113,11.307,85.88
2025-11-15 18:25:17.554219,Karachi,78,31.634,60.706
2025-11-15 19:25:17.554219,Karachi,103,18.952,30.643
2025-11-15 20:25:17.554219,Karachi,144,30.932,74.125
2025-11-15 21:25:17.554219,Karachi,93,19.137,79.027
2025-11-15 22:25:17.554219,Karachi,96,21.468,79.666
2025-11-15 23:25:17.554219,Karachi,168,14.948,34.195
2025-11-16 00:25:17.554219,Karachi,87,17.891,26.369
2025-11-16 01:25:17.554219,Karachi,125,12.589,82.846
2025-11-16 02:25:17.554219,Karachi,101,8.818,34.286
2025-11-16 03:25:17.554219,Karachi,71,25.114,87.077
2025-11-16 04:25:17.554219,Karachi,107,5.009,78.894
2025-11-16 05:25:17.554219,Karachi,91,36.345,69.097
2025-11-16 06:25:17.554219,Karachi,135,9.01,41.495
2025-11-16 07:25:17.554219,Karachi,65,35.349,27.769
2025-11-16 08:25:17.554219,Karachi,124,19.13,78.456
2025-11-16 09:25:17.554219,Karachi,120,23.69,47.063
2025-11-16 10:25:17.554219,Karachi,83,26.054,54.847
2025-11-16 11:25:17.554219,Karachi,110,28.35,57.871
2025-11-16 12:25:17.554219,Karachi,96,11.826,49.266
2025-11-16 13:25:17.554219,Karachi,119,16.371,66.091
2025-11-16 14:25:17.554219,Karachi,117,17.021,64.328
2025-11-16 15:25:17.554219,Karachi,78,28.978,88.538
2025-11-16 16:25:17.554219,Karachi,81,5.705,88.619
2025-11-16 17:25:17.554219,Karachi,108,30.439,82.098
2025-11-16 18:25:17.554219,Karachi,103,28.785,61.22
2025-11-16 19:25:17.554219,Karachi,103,16.291,36.058
2025-11-16 20:25:17.554219,Karachi,114,23.68,51.182
2025-11-16 21:25:17.554219,Karachi,120,25.03,45.576
2025-11-16 22:25:17.554219,Karachi,105,28.294,83.922
2025-11-16 23:25:17.554219,Karachi,109,24.904,46.073
2025-11-17 00:25:17.554219,Karachi,87,32.385,65.181
2025-11-17 01:25:17.554219,Karachi,116,33.901,64.257
2025-11-17 02:25:17.554219,Karachi,132,33.044,76.571
2025-11-17 03:25:17.554219,Karachi,84,18.998,42.881
2025-11-17 04:25:17.554219,Karachi,133,20.114,87.494
2025-11-17 05:25:17.554219,Karachi,48,21.992,43.187
2025-11-17 06:25:17.554219,Karachi,138,24.378,43.274
2025-11-17 07:25:17.554219,Karachi,167,17.749,82.014
2025-11-17 08:25:17.554219,Karachi,65,12.623,33.251
2025-11-17 09:25:17.554219,Karachi,104,17.31,77.149
2025-11-17 10:25:17.554219,Karachi,83,30.905,39.934
2025-11-17 11:25:17.554219,Karachi,120,30.665,33.854
2025-11-17 12:25:17.554219,Karachi,114,12.793,64.045
2025-11-17 13:25:17.554219,Karachi,62,33.286,77.956
2025-11-17 14:25:17.554219,Karachi,131,9.578,77.575
2025-11-17 15:25:17.554219,Karachi,96,16.085,39.324
2025-11-17 16:25:17.554219,Karachi,91,25.186,40.998
2025-11-17 17:25:17.554219,Karachi,129,24.562,66.874
2025-11-17 18:25:17.554219,Karachi,103,29.171,87.3
2025-11-17 19:25:17.554219,Karachi,94,11.351,57.047
2025-11-17 20:25:17.554219,Karachi,105,13.868,67.562
2025-11-17 21:25:17.554219,Karachi,77,8.605,84.239
2025-11-17 22:25:17.554219,Karachi,134,9.465,33.643
2025-11-17 23:25:17.554219,Karachi,82,11.592,82.446
2025-11-18 00:25:17.554219,Karachi,101,24.638,46.379
2025-11-18 01:25:17.554219,Karachi,150,11.208,70.11
2025-11-18 02:25:17.554219,Karachi,79,31.566,57.05
2025-11-18 03:25:17.554219,Karachi,112,18.201,43.92
2025-11-18 04:25:17.554219,Karachi,116,13.679,71.42
2025-11-18 05:25:17.554219,Karachi,111,14.882,86.52
2025-11-18 06:25:17.554219,Karachi,98,32.703,52.494
2025-11-18 07:25:17.554219,Karachi,87,5.789,80.161
2025-11-18 08:25:17.554219,Karachi,139,37.456,67.426
2025-11-18 09:25:17.554219,Karachi,82,14.206,87.055
2025-11-18 10:25:17.554219,Karachi,95,19.967,71.802
2025-11-18 11:25:17.554219,Karachi,108,16.087,66.303
2025-11-18 12:25:17.554219,Karachi,145,31.992,28.146
2025-11-18 13:25:17.554219,Karachi,96,9.938,58.148
2025-11-18 14:25:17.554219,Karachi,73,34.994,89.218
2025-11-18 15:25:17.554219,Karachi,89,21.254,56.967
2025-11-18 16:25:17.554219,Karachi,89,16.382,77.493
2025-11-18 17:25:17.554219,Karachi,91,24.041,38.688
2025-11-18 18:25:17.554219,Karachi,96,20.208,33.325
2025-11-18 19:25:17.554219,Karachi,89,9.282,63.746
2025-11-18 20:25:17.554219,Karachi,62,27.67,42.239
2025-11-18 21:25:17.554219,Karachi,119,6.518,74.548
2025-11-18 22:25:17.554219,Karachi,89,8.439,50.666
2025-11-18 23:25:17.554219,Karachi,95,29.621,55.808
2025-11-19 00:25:17.554219,Karachi,84,26.162,74.333
2025-11-19 01:25:17.554219,Karachi,108,16.104,77.2
2025-11-19 02:25:17.554219,Karachi,132,23.837,68.652
2025-11-19 03:25:17.554219,Karachi,134,16.952,28.065
2025-11-19 04:25:17.554219,Karachi,121,16.872,35.242
2025-11-19 05:25:17.554219,Karachi,100,14.815,76.501
2025-11-19 06:25:17.554219,Karachi,70,36.223,34.76
2025-11-19 07:25:17.554219,Karachi,125,12.1,81.086
2025-11-19 08:25:17.554219,Karachi,123,18.233,58.492
2025-11-19 09:25:17.554219,Karachi,139,7.163,79.589
2025-11-19 10:25:17.554219,Karachi,80,32.437,52.076
2025-11-19 11:25:17.554219,Karachi,131,13.718,66.743
2025-11-19 12:25:17.554219,Karachi,142,26.07,72.316
2025-11-19 13:25:17.554219,Karachi,174,37.254,49.981
2025-11-19 14:25:17.554219,Karachi,150,18.012,50.611
2025-11-19 15:25:17.554219,Karachi,62,28.66,34.437
2025-11-19 16:25:17.554219,Karachi,128,20.998,75.611
2025-11-19 17:25:17.554219,Karachi,142,25.23,34.337
2025-11-04 18:25:17.554219,Manila,132,17.562,75.949
2025-11-04 19:25:17.554219,Manila,73,5.373,33.344
2025-11-04 20:25:17.554219,Manila,124,23.583,58.478
2025-11-04 21:25:17.554219,Manila,105,8.573,42.121
2025-11-04 22:25:17.554219,Manila,132,32.535,54.15
2025-11-04 23:25:17.554219,Manila,100,5.711,40.523
2025-11-05 00:25:17.554219,Manila,111,16.18,40.852
2025-11-05 01:25:17.554219,Manila,76,15.07,51.082
2025-11-05 02:25:17.554219,Manila,115,5.035,85.233
2025-11-05 03:25:17.554219,Manila,150,29.095,28.994
2025-11-05 04:25:17.554219,Manila,139,17.274,83.971
2025-11-05 05:25:17.554219,Manila,77,32.077,89.973
2025-11-05 06:25:17.554219,Manila,122,6.678,81.887
2025-11-05 07:25:17.554219,Manila,108,20.351,60.886
2025-11-05 08:25:17.554219,Manila,98,23.275,45.191
2025-11-05 09:25:17.554219,Manila,131,8.3,44.538
2025-11-05 10:25:17.554219,Manila,110,31.238,36.737
2025-11-05 11:25:17.554219,Manila,104,14.214,75.405
2025-11-05 12:25:17.554219,Manila,152,35.745,30.45
2025-11-05 13:25:17.554219,Manila,90,14.146,68.678
2025-11-05 14:25:17.554219,Manila,98,22.856,74.901
2025-11-05 15:25:17.554219,Manila,103,28.627,88.673
2025-11-05 16:25:17.554219,Manila,99,14.491,66.314
2025-11-05 17:25:17.554219,Manila,87,24.827,65.626
2025-11-05 18:25:17.554219,Manila,111,11.727,51.405
2025-11-05 19:25:17.554219,Manila,62,13.078,43.943
2025-11-05 20:25:17.554219,Manila,139,12.616,88.781
2025-11-05 21:25:17.554219,Manila,71,6.451,87.396
2025-11-05 22:25:17.554219,Manila,74,21.49,36.361
2025-11-05 23:25:17.554219,Manila,94,5.091,49.069
2025-11-06 00:25:17.554219,Manila,91,33.57,35.034
2025-11-06 01:25:17.554219,Manila,122,29.22,45.098
2025-11-06 02:25:17.554219,Manila,130,34.46,67.782
2025-11-06 03:25:17.554219,Manila,99,16.632,76.607
2025-11-06 04:25:17.554219,Manila,90,16.13,58.641
2025-11-06 05:25:17.554219,Manila,76,24.266,56.914
2025-11-06 06:25:17.554219,Manila,99,32.755,37.403
2025-11-06 07:25:17.554219,Manila,110,5.872,69.795
2025-11-06 08:25:17.554219,Manila,109,18.474,27.117
2025-11-06 09:25:17.554219,Manila,81,32.842,39.392
2025-11-06 10:25:17.554219,Manila,100,28.395,70.469
2025-11-06 11:25:17.554219,Manila,91,23.723,44.526
2025-11-06 12:25:17.554219,Manila,109,15.814,72.422
2025-11-06 13:25:17.554219,Manila,138,36.986,43.268
2025-11-06 14:25:17.554219,Manila,137,32.925,41.898
2025-11-06 15:25:17.554219,Manila,74,13.845,68.149
2025-11-06 16:25:17.554219,Manila,93,20.781,34.292
2025-11-06 17:25:17.554219,Manila,92,14.76,87.624
2025-11-06 18:25:17.554219,Manila,96,5.169,56.187
2025-11-06 19:25:17.554219,Manila,156,32.249,26.928
2025-11-06 20:25:17.554219,Manila,94,31.855,67.784
2025-11-06 21:25:17.554219,Manila,93,20.718,78.844
2025-11-06 22:25:17.554219,Manila,52,9.683,86.713
2025-11-06 23:25:17.554219,Manila,87,36.702,40.06
2025-11-07 00:25:17.554219,Manila,106,37.483,52.643
2025-11-07 01:25:17.554219,Manila,120,21.599,77.888
2025-11-07 02:25:17.554219,Manila,102,15.318,73.156
2025-11-07 03:25:17.554219,Manila,108,29.929,63.796
2025-11-07 04:25:17.554219,Manila,141,23.85,53.218
2025-11-07 05:25:17.554219,Manila,106,6.782,26.036
2025-11-07 06:25:17.554219,Manila,126,16.992,38.971
2025-11-07 07:25:17.554219,Manila,73,26.725,63.245
2025-11-07 08:25:17.554219,Manila,78,36.595,88.161
2025-11-07 09:25:17.554219,Manila,76,21.615,45.193
2025-11-07 10:25:17.554219,Manila,80,19.593,28.14
2025-11-07 11:25:17.554219,Manila,106,8.417,83.961
2025-11-07 12:25:17.554219,Manila,88,35.519,66.442
2025-11-07 13:25:17.554219,Manila,118,14.096,87.043
2025-11-07 14:25:17.554219,Manila,90,30.396,60.795
2025-11-07 15:25:17.554219,Manila,102,23.177,70.482
2025-11-07 16:25:17.554219,Manila,100,16.085,70.354
2025-11-07 17:25:17.554219,Manila,115,8.676,54.104
2025-11-07 18:25:17.554219,Manila,110,36.462,25.854
2025-11-07 19:25:17.554219,Manila,77,17.297,73.584
2025-11-07 20:25:17.554219,Manila,79,36.197,52.075
2025-11-07 21:25:17.554219,Manila,94,8.339,36.994
2025-11-07 22:25:17.554219,Manila,112,8.194,45.454
2025-11-07 23:25:17.554219,Manila,116,8.707,31.831
2025-11-08 00:25:17.554219,Manila,169,13.378,42.825
2025-11-08 01:25:17.554219,Manila,152,28.304,56.773
2025-11-08 02:25:17.554219,Manila,96,18.321,85.169
2025-11-08 03:25:17.554219,Manila,78,6.38,56.848
2025-11-08 04:25:17.554219,Manila,94,22.974,44.296
2025-11-08 05:25:17.554219,Manila,154,8.86,80.707
2025-11-08 06:25:17.554219,Manila,79,36.222,36.015
2025-11-08 07:25:17.554219,Manila,143,33.526,57.94
2025-11-08 08:25:17.554219,Manila,78,25.445,63.51
2025-11-08 09:25:17.554219,Manila,94,19.337,57.852
2025-11-08 10:25:17.554219,Manila,109,31.569,73.972
2025-11-08 11:25:17.554219,Manila,116,35.169,65.244
2025-11-08 12:25:17.554219,Manila,102,28.523,59.017
2025-11-08 13:25:17.554219,Manila,57,6.328,68.744
2025-11-08 14:25:17.554219,Manila,66,5.671,42.757
2025-11-08 15:25:17.554219,Manila,101,31.818,83.046
2025-11-08 16:25:17.554219,Manila,70,33.693,26.159
2025-11-08 17:25:17.554219,Manila,94,11.697,68.523
2025-11-08 18:25:17.554219,Manila,106,11.102,33.307
2025-11-08 19:25:17.554219,Manila,70,30.574,81.749
2025-11-08 20:25:17.554219,Manila,72,10.122,81.466
2025-11-08 21:25:17.554219,Manila,68,17.839,50.276
2025-11-08 22:25:17.554219,Manila,98,14.203,29.593
2025-11-08 23:25:17.554219,Manila,89,22.001,38.957
2025-11-09 00:25:17.554219,Manila,75,27.329,39.041
2025-11-09 01:25:17.554219,Manila,129,32.872,76.703
2025-11-09 02:25:17.554219,Manila,54,9.324,72.09
2025-11-09 03:25:17.554219,Manila,88,11.619,35.094
2025-11-09 04:25:17.554219,Manila,78,27.469,29.475
2025-11-09 05:25:17.554219,Manila,124,7.05,66.986
2025-11-09 06:25:17.554219,Manila,97,7.583,64.502
2025-11-09 07:25:17.554219,Manila,75,25.868,39.088
2025-11-09 08:25:17.554219,Manila,137,29.537,57.47
2025-11-09 09:25:17.554219,Manila,139,27.331,62.128
2025-11-09 10:25:17.554219,Manila,131,33.704,88.645
2025-11-09 11:25:17.554219,Manila,49,9.594,76.505
2025-11-09 12:25:17.554219,Manila,68,30.219,51.487
2025-11-09 13:25:17.554219,Manila,79,21.62,51.269
2025-11-09 14:25:17.554219,Manila,66,8.769,84.856
2025-11-09 15:25:17.554219,Manila,120,8.674,81.387
2025-11-09 16:25:17.554219,Manila,108,6.91,68.572
2025-11-09 17:25:17.554219,Manila,73,5.669,68.591
2025-11-09 18:25:17.554219,Manila,125,33.667,59.928
2025-11-09 19:25:17.554219,Manila,91,27.055,69.262
2025-11-09 20:25:17.554219,Manila,188,10.738,54.148
2025-11-09 21:25:17.554219,Manila,112,25.51,44.462
2025-11-09 22:25:17.554219,Manila,79,29.248,52.958
2025-11-09 23:25:17.554219,Manila,140,19.71,30.755
2025-11-10 00:25:17.554219,Manila,58,26.91,79.943
2025-11-10 01:25:17.554219,Manila,85,36.878,80.795
2025-11-10 02:25:17.554219,Manila,115,30.265,62.975
2025-11-10 03:25:17.554219,Manila,109,13.772,28.853
2025-11-10 04:25:17.554219,Manila,88,7.839,77.764
2025-11-10 05:25:17.554219,Manila,81,15.754,38.9
2025-11-10 06:25:17.554219,Manila,66,25.908,50.758
2025-11-10 07:25:17.554219,Manila,117,30.52,86.134
2025-11-10 08:25:17.554219,Manila,125,16.086,59.348
2025-11-10 09:25:17.554219,Manila,109,34.333,87.394
2025-11-10 10:25:17.554219,Manila,159,16.368,25.194
2025-11-10 11:25:17.554219,Manila,53,15.297,57.38
2025-11-10 12:25:17.554219,Manila,134,25.585,28.925
2025-11-10 13:25:17.554219,Manila,114,34.17,38.665
2025-11-10 14:25:17.554219,Manila,121,8.289,47.556
2025-11-10 15:25:17.554219,Manila,101,35.493,75.125
2025-11-10 16:25:17.554219,Manila,64,28.745,42.11
2025-11-10 17:25:17.554219,Manila,89,8.896,53.419
2025-11-10 18:25:17.554219,Manila,95,30.047,55.24
2025-11-10 19:25:17.554219,Manila,102,16.178,73.481
2025-11-10 20:25:17.554219,Manila,126,10.421,66.117
2025-11-10 21:25:17.554219,Manila,97,29.82,33.399
2025-11-10 22:25:17.554219,Manila,40,5.373,80.303
2025-11-10 23:25:17.554219,Manila,96,25.158,37.081
2025-11-11 00:25:17.554219,Manila,105,32.666,65.564
2025-11-11 01:25:17.554219,Manila,125,15.342,50.514
2025-11-11 02:25:17.554219,Manila,163,26.118,62.85
2025-11-11 03:25:17.554219,Manila,118,21.474,55.711
2025-11-11 04:25:17.554219,Manila,108,5.587,37.756
2025-11-11 05:25:17.554219,Manila,206,11.027,63.522
2025-11-11 06:25:17.554219,Manila,107,16.12,68.048
2025-11-11 07:25:17.554219,Manila,100,11.631,68.889
2025-11-11 08:25:17.554219,Manila,93,19.904,73.032
2025-11-11 09:25:17.554219,Manila,101,7.657,52.952
2025-11-11 10:25:17.554219,Manila,104,5.729,61.325
2025-11-11 11:25:17.554219,Manila,101,21.886,25.84
2025-11-11 12:25:17.554219,Manila,110,28.68,56.085
2025-11-11 13:25:17.554219,Manila,76,27.233,56.751
2025-11-11 14:25:17.554219,Manila,75,7.868,89.743
2025-11-11 15:25:17.554219,Manila,129,23.426,61.2
2025-11-11 16:25:17.554219,Manila,90,21.517,26.359
2025-11-11 17:25:17.554219,Manila,123,22.403,30.798
2025-11-11 18:25:17.554219,Manila,89,32.054,82.897
2025-11-11 19:25:17.554219,Manila,90,27.027,75.835
2025-11-11 20:25:17.554219,Manila,86,24.411,46.966
2025-11-11 21:25:17.554219,Manila,167,20.546,65.986
2025-11-11 22:25:17.554219,Manila,97,21.848,75.241
2025-11-11 23:25:17.554219,Manila,121,28.201,51.872
2025-11-12 00:25:17.554219,Manila,107,26.315,64.939
2025-11-12 01:25:17.554219,Manila,148,33.205,33.605
2025-11-12 02:25:17.554219,Manila,108,11.437,56.056
2025-11-12 03:25:17.554219,Manila,64,26.827,33.808
2025-11-12 04:25:17.554219,Manila,89,31.207,76.338
2025-11-12 05:25:17.554219,Manila,129,27.028,81.181
2025-11-12 06:25:17.554219,Manila,101,32.498,85.834
2025-11-12 07:25:17.554219,Manila,113,30.475,56.951
2025-11-12 08:25:17.554219,Manila,70,5.927,69.438
2025-11-12 09:25:17.554219,Manila,103,32.42,49.603
2025-11-12 10:25:17.554219,Manila,148,21.676,55.831
2025-11-12 11:25:17.554219,Manila,90,35.433,60.006
2025-11-12 12:25:17.554219,Manila,116,11.613,82.155
2025-11-12 13:25:17.554219,Manila,99,9.148,71.841
2025-11-12 14:25:17.554219,Manila,112,12.763,44.519
2025-11-12 15:25:17.554219,Manila,110,29.645,27.461
2025-11-12 16:25:17.554219,Manila,91,36.632,26.899
2025-11-12 17:25:17.554219,Manila,96,15.103,68.012
2025-11-12 18:25:17.554219,Manila,98,26.556,75.512
2025-11-12 19:25:17.554219,Manila,103,12.073,80.001
2025-11-12 20:25:17.554219,Manila,135,34.461,36.825
2025-11-12 21:25:17.554219,Manila,95,16.697,41.798
2025-11-12 22:25:17.554219,Manila,177,33.037,75.545
2025-11-12 23:25:17.554219,Manila,87,27.605,50.539
2025-11-13 00:25:17.554219,Manila,106,28.32,53.45
2025-11-13 01:25:17.554219,Manila,107,20.59,51.02
2025-11-13 02:25:17.554219,Manila,89,31.494,72.946
2025-11-13 03:25:17.554219,Manila,152,7.613,73.383
2025-11-13 04:25:17.554219,Manila,121,23.36,43.379
2025-11-13 05:25:17.554219,Manila,79,22.547,51.136
2025-11-13 06:25:17.554219,Manila,98,26.248,57.763
2025-11-13 07:25:17.554219,Manila,146,23.422,50.172
2025-11-13 08:25:17.554219,Manila,95,35.857,87.283
2025-11-13 09:25:17.554219,Manila,80,31.421,64.703
2025-11-13 10:25:17.554219,Manila,125,6.678,41.966
2025-11-13 11:25:17.554219,Manila,94,11.507,53.859
2025-11-13 12:25:17.554219,Manila,93,21.793,70.846
2025-11-13 13:25:17.554219,Manila,144,35.993,27.807
2025-11-13 14:25:17.554219,Manila,122,23.682,48.282
2025-11-13 15:25:17.554219,Manila,68,8.627,59.94
2025-11-13 16:25:17.554219,Manila,127,13.156,62.368
2025-11-13 17:25:17.554219,Manila,111,14.742,46.608
2025-11-13 18:25:17.554219,Manila,79,37.898,33.908
2025-11-13 19:25:17.554219,Manila,93,18.942,56.952
2025-11-13 20:25:17.554219,Manila,89,27.511,68.22
2025-11-13 21:25:17.554219,Manila,108,15.714,70.627
2025-11-13 22:25:17.554219,Manila,99,14.207,64.481
2025-11-13 23:25:17.554219,Manila,57,6.775,50.692
2025-11-14 00:25:17.554219,Manila,79,9.27,89.128
2025-11-14 01:25:17.554219,Manila,142,30.938,48.24
2025-11-14 02:25:17.554219,Manila,112,31.041,59.673
2025-11-14 03:25:17.554219,Manila,76,27.866,89.182
2025-11-14 04:25:17.554219,Manila,122,26.262,56.727
2025-11-14 05:25:17.554219,Manila,95,8.737,31.916
2025-11-14 06:25:17.554219,Manila,148,11.037,74.288
2025-11-14 07:25:17.554219,Manila,90,24.525,55.668
2025-11-14 08:25:17.554219,Manila,91,13.433,39.981
2025-11-14 09:25:17.554219,Manila,106,22.318,74.238
2025-11-14 10:25:17.554219,Manila,82,12.609,61.251
2025-11-14 11:25:17.554219,Manila,95,24.323,42.052
2025-11-14 12:25:17.554219,Manila,86,32.26,42.985
2025-11-14 13:25:17.554219,Manila,127,37.38,88.678
2025-11-14 14:25:17.554219,Manila,78,20.415,35.261
2025-11-14 15:25:17.554219,Manila,107,33.517,79.07
2025-11-14 16:25:17.554219,Manila,138,31.919,54.344
2025-11-14 17:25:17.554219,Manila,111,20.942,35.378
2025-11-14 18:25:17.554219,Manila,53,17.935,70.015
2025-11-14 19:25:17.554219,Manila,73,26.527,29.862
2025-11-14 20:25:17.554219,Manila,89,10.003,42.413
2025-11-14 21:25:17.554219,Manila,116,36.363,33.719
2025-11-14 22:25:17.554219,Manila,101,10.285,63.202
2025-11-14 23:25:17.554219,Manila,109,13.736,79.383
2025-11-15 00:25:17.554219,Manila,94,14.846,50.329
2025-11-15 01:25:17.554219,Manila,131,9.474,52.355
2025-11-15 02:25:17.554219,Manila,72,21.322,53.302
2025-11-15 03:25:17.554219,Manila,154,28.477,81.947
2025-11-15 04:25:17.554219,Manila,106,16.718,69.351
2025-11-15 05:25:17.554219,Manila,80,11.573,28.358
2025-11-15 06:25:17.554219,Manila,60,13.971,74.389
2025-11-15 07:25:17.554219,Manila,84,10.685,37.932
2025-11-15 08:25:17.554219,Manila,98,17.651,88.814
2025-11-15 09:25:17.554219,Manila,115,16.744,75.873
2025-11-15 10:25:17.554219,Manila,122,23.002,76.252
2025-11-15 11:25:17.554219,Manila,120,8.005,54.303
2025-11-15 12:25:17.554219,Manila,64,29.399,38.998
2025-11-15 13:25:17.554219,Manila,104,16.264,67.756
2025-11-15 14:25:17.554219,Manila,32,28.148,47.48
2025-11-15 15:25:17.554219,Manila,169,21.267,45.638
2025-11-15 16:25:17.554219,Manila,122,7.515,79.856
2025-11-15 17:25:17.554219,Manila,52,16.227,48.303
2025-11-15 18:25:17.554219,Manila,104,37.715,77.081
2025-11-15 19:25:17.554219,Manila,70,5.814,41.085
2025-11-15 20:25:17.554219,Manila,106,13.852,55.356
2025-11-15 21:25:17.554219,Manila,115,24.87,46.761
2025-11-15 22:25:17.554219,Manila,133,19.532,56.894
2025-11-15 23:25:17.554219,Manila,137,22.156,58.831
2025-11-16 00:25:17.554219,Manila,180,13.496,47.909
2025-11-16 01:25:17.554219,Manila,87,13.23,67.695
2025-11-16 02:25:17.554219,Manila,81,11.464,49.619
2025-11-16 03:25:17.554219,Manila,113,25.582,83.752
2025-11-16 04:25:17.554219,Manila,63,29.673,25.64
2025-11-16 05:25:17.554219,Manila,118,15.223,89.345
2025-11-16 06:25:17.554219,Manila,171,29.381,35.81
2025-11-16 07:25:17.554219,Manila,94,34.278,86.863
2025-11-16 08:25:17.554219,Manila,122,14.253,73.315
2025-11-16 09:25:17.554219,Manila,129,14.429,53.834
2025-11-16 10:25:17.554219,Manila,137,34.397,56.733
2025-11-16 11:25:17.554219,Manila,105,34.94,75.681
2025-11-16 12:25:17.554219,Manila,80,20.889,83.059
2025-11-16 13:25:17.554219,Manila,86,20.051,35.156
2025-11-16 14:25:17.554219,Manila,137,30.407,64.266
2025-11-16 15:25:17.554219,Manila,142,19.152,71.495
2025-11-16 16:25:17.554219,Manila,99,33.052,73.978
2025-11-16 17:25:17.554219,Manila,75,33.247,34.43
2025-11-16 18:25:17.554219,Manila,125,28.063,81.701
2025-11-16 19:25:17.554219,Manila,112,24.218,66.176
2025-11-16 20:25:17.554219,Manila,116,26.198,77.8
2025-11-16 21:25:17.554219,Manila,110,20.183,54.254
2025-11-16 22:25:17.554219,Manila,109,7.021,42.896
2025-11-16 23:25:17.554219,Manila,99,22.205,40.117
2025-11-17 00:25:17.554219,Manila,78,31.841,29.843
2025-11-17 01:25:17.554219,Manila,70,15.576,25.192
2025-11-17 02:25:17.554219,Manila,98,37.279,29.068
2025-11-17 03:25:17.554219,Manila,141,12.821,69.81
2025-11-17 04:25:17.554219,Manila,135,9.217,42.79
2025-11-17 05:25:17.554219,Manila,71,5.83,71.929
2025-11-17 06:25:17.554219,Manila,66,7.819,87.972
2025-11-17 07:25:17.554219,Manila,135,29.343,55.144
2025-11-17 08:25:17.554219,Manila,110,6.641,49.289
2025-11-17 09:25:17.554219,Manila,70,7.338,27.266
2025-11-17 10:25:17.554219,Manila,55,8.802,74.629
2025-11-17 11:25:17.554219,Manila,147,5.778,73.744
2025-11-17 12:25:17.554219,Manila,161,31.709,68.266
2025-11-17 13:25:17.554219,Manila,105,36.618,25.382
2025-11-17 14:25:17.554219,Manila,94,12.589,87.302
2025-11-17 15:25:17.554219,Manila,97,8.875,51.679
2025-11-17 16:25:17.554219,Manila,89,30.05,46.018
2025-11-17 17:25:17.554219,Manila,73,15.574,30.771
2025-11-17 18:25:17.554219,Manila,143,28.242,69.948
2025-11-17 19:25:17.554219,Manila,122,9.543,27.602
2025-11-17 20:25:17.554219,Manila,60,11.41,64.197
2025-11-17 21:25:17.554219,Manila,141,37.116,65.02
2025-11-17 22:25:17.554219,Manila,130,24.697,32.257
2025-11-17 23:25:17.554219,Manila,77,26.464,44.832
2025-11-18 00:25:17.554219,Manila,67,37.624,34.664
2025-11-18 01:25:17.554219,Manila,96,5.079,42.082
2025-11-18 02:25:17.554219,Manila,91,11.214,85.48
2025-11-18 03:25:17.554219,Manila,111,29.992,60.012
2025-11-18 04:25:17.554219,Manila,56,24.515,68.697
2025-11-18 05:25:17.554219,Manila,150,36.612,63.011
2025-11-18 06:25:17.554219,Manila,79,16.004,77.542
2025-11-18 07:25:17.554219,Manila,115,17.959,43.125
2025-11-18 08:25:17.554219,Manila,88,6.087,37.205
2025-11-18 09:25:17.554219,Manila,137,21.455,35.92
2025-11-18 10:25:17.554219,Manila,109,33.481,28.183
2025-11-18 11:25:17.554219,Manila,93,23.655,28.341
2025-11-18 12:25:17.554219,Manila,130,33.792,30.785
2025-11-18 13:25:17.554219,Manila,125,9.808,70.956
2025-11-18 14:25:17.554219,Manila,66,31.009,65.534
2025-11-18 15:25:17.554219,Manila,67,6.208,63.725
2025-11-18 16:25:17.554219,Manila,98,17.926,29.402
2025-11-18 17:25:17.554219,Manila,139,34.913,30.445
2025-11-18 18:25:17.554219,Manila,143,25.38,47.456
2025-11-18 19:25:17.554219,Manila,93,12.831,71.049
2025-11-18 20:25:17.554219,Manila,120,37.034,65.65
2025-11-18 21:25:17.554219,Manila,134,20.194,77.684
2025-11-18 22:25:17.554219,Manila,103,27.588,87.383
2025-11-18 23:25:17.554219,Manila,109,16.606,27.12
2025-11-19 00:25:17.554219,Manila,65,7.425,42.975
2025-11-19 01:25:17.554219,Manila,146,18.913,50.872
2025-11-19 02:25:17.554219,Manila,102,27.36,33.291
2025-11-19 03:25:17.554219,Manila,115,34.08,32.725
2025-11-19 04:25:17.554219,Manila,77,24.664,69.172
2025-11-19 05:25:17.554219,Manila,116,33.173,80.22
2025-11-19 06:25:17.554219,Manila,102,37.515,89.624
2025-11-19 07:25:17.554219,Manila,79,19.53,44.384
2025-11-19 08:25:17.554219,Manila,94,7.061,64.139
2025-11-19 09:25:17.554219,Manila,85,23.291,80.375
2025-11-19 10:25:17.554219,Manila,78,22.557,31.494
2025-11-19 11:25:17.554219,Manila,172,33.638,69.703
2025-11-19 12:25:17.554219,Manila,105,8.815,45.752
2025-11-19 13:25:17.554219,Manila,53,10.925,76.506
2025-11-19 14:25:17.554219,Manila,121,34.716,41.391
2025-11-19 15:25:17.554219,Manila,148,31.758,26.048
2025-11-19 16:25:17.554219,Manila,80,27.449,62.038
2025-11-19 17:25:17.554219,Manila,128,12.457,59.615
2025-11-04 18:25:17.554219,Ho Chi Minh City,77,17.556,87.032
2025-11-04 19:25:17.554219,Ho Chi Minh City,106,29.675,38.684
2025-11-04 20:25:17.554219,Ho Chi Minh City,122,33.407,38.789
2025-11-04 21:25:17.554219,Ho Chi Minh City,85,26.286,75.867
2025-11-04 22:25:17.554219,Ho Chi Minh City,93,35.571,29.904
2025-11-04 23:25:17.554219,Ho Chi Minh City,73,22.01,74.809
2025-11-05 00:25:17.554219,Ho Chi Minh City,76,36.144,66.635
2025-11-05 01:25:17.554219,Ho Chi Minh City,131,15.771,27.642
2025-11-05 02:25:17.554219,Ho Chi Minh City,104,13.213,61.174
2025-11-05 03:25:17.554219,Ho Chi Minh City,76,15.535,86.49
2025-11-05 04:25:17.554219,Ho Chi Minh City,124,14.003,55.487
2025-11-05 05:25:17.554219,Ho Chi Minh City,152,28.723,43.084
2025-11-05 06:25:17.554219,Ho Chi Minh City,145,14.679,71.842
2025-11-05 07:25:17.554219,Ho Chi Minh City,93,33.167,68.929
2025-11-05 08:25:17.554219,Ho Chi Minh City,139,25.537,75.63
2025-11-05 09:25:17.554219,Ho Chi Minh City,104,17.14,88.206
2025-11-05 10:25:17.554219,Ho Chi Minh City,103,35.525,40.534
2025-11-05 11:25:17.554219,Ho Chi Minh City,172,32.863,89.735
2025-11-05 12:25:17.554219,Ho Chi Minh City,67,12.682,37.041
2025-11-05 13:25:17.554219,Ho Chi Minh City,115,23.312,35.811
2025-11-05 14:25:17.554219,Ho Chi Minh City,114,10.404,34.05
2025-11-05 15:25:17.554219,Ho Chi Minh City,71,8.275,81.99
2025-11-05 16:25:17.554219,Ho Chi Minh City,99,31.654,86.242
2025-11-05 17:25:17.554219,Ho Chi Minh City,74,27.377,30.713
2025-11-05 18:25:17.554219,Ho Chi Minh City,120,29.744,27.126
2025-11-05 19:25:17.554219,Ho Chi Minh City,115,14.963,51.959
2025-11-05 20:25:17.554219,Ho Chi Minh City,130,18.145,49.615
2025-11-05 21:25:17.554219,Ho Chi Minh City,110,9.007,39.452
2025-11-05 22:25:17.554219,Ho Chi Minh City,156,12.837,48.589
2025-11-05 23:25:17.554219,Ho Chi Minh City,99,22.481,33.116
2025-11-06 00:25:17.554219,Ho Chi Minh City,80,14.657,36.582
2025-11-06 01:25:17.554219,Ho Chi Minh City,65,18.883,27.459
2025-11-06 02:25:17.554219,Ho Chi Minh City,69,15.138,72.367
2025-11-06 03:25:17.554219,Ho Chi Minh City,166,5.955,86.342
2025-11-06 04:25:17.554219,Ho Chi Minh City,105,35.586,43.623
2025-11-06 05:25:17.554219,Ho Chi Minh City,72,37.913,49.381
2025-11-06 06:25:17.554219,Ho Chi Minh City,83,8.184,40.898
2025-11-06 07:25:17.554219,Ho Chi Minh City,90,6.395,67.543
2025-11-06 08:25:17.554219,Ho Chi Minh City,132,36.767,36.837
2025-11-06 09:25:17.554219,Ho Chi Minh City,114,28.103,26.48
2025-11-06 10:25:17.554219,Ho Chi Minh City,73,10.616,65.15
2025-11-06 11:25:17.554219,Ho Chi Minh City,110,20.567,74.453
2025-11-06 12:25:17.554219,Ho Chi Minh City,81,13.87,56.54
2025-11-06 13:25:17.554219,Ho Chi Minh City,93,22.757,41.665
2025-11-06 14:25:17.554219,Ho Chi Minh City,75,25.808,27.652
2025-11-06 15:25:17.554219,Ho Chi Minh City,107,18.383,72.213
2025-11-06 16:25:17.554219,Ho Chi Minh City,116,6.26,79.314
2025-11-06 17:25:17.554219,Ho Chi Minh City,114,14.861,79.314
2025-11-06 18:25:17.554219,Ho Chi Minh City,74,26.259,74.181
2025-11-06 19:25:17.554219,Ho Chi Minh City,77,21.023,82.422
2025-11-06 20:25:17.554219,Ho Chi Minh City,128,14.306,85.981
2025-11-06 21:25:17.554219,Ho Chi Minh City,96,25.657,52.16
2025-11-06 22:25:17.554219,Ho Chi Minh City,114,35.184,82.692
2025-11-06 23:25:17.554219,Ho Chi Minh City,92,6.94,54.122
2025-11-07 00:25:17.554219,Ho Chi Minh City,89,9.936,54.839
2025-11-07 01:25:17.554219,Ho Chi Minh City,116,14.913,31.488
2025-11-07 02:25:17.554219,Ho Chi Minh City,82,12.498,45.268
2025-11-07 03:25:17.554219,Ho Chi Minh City,115,31.706,62.206
2025-11-07 04:25:17.554219,Ho Chi Minh City,102,13.316,78.916
2025-11-07 05:25:17.554219,Ho Chi Minh City,117,36.649,51.924
2025-11-07 06:25:17.554219,Ho Chi Minh City,90,14.705,84.959
2025-11-07 07:25:17.554219,Ho Chi Minh City,71,33.974,79.095
2025-11-07 08:25:17.554219,Ho Chi Minh City,96,36.677,47.118
2025-11-07 09:25:17.554219,Ho Chi Minh City,92,13.397,30.532
2025-11-07 10:25:17.554219,Ho Chi Minh City,91,15.801,63.988
2025-11-07 11:25:17.554219,Ho Chi Minh City,99,7.938,57.622
2025-11-07 12:25:17.554219,Ho Chi Minh City,136,7.235,47.348
2025-11-07 13:25:17.554219,Ho Chi Minh City,75,36.011,26.722
2025-11-07 14:25:17.554219,Ho Chi Minh City,106,30.252,73.423
2025-11-07 15:25:17.554219,Ho Chi Minh City,113,34.714,65.449
2025-11-07 16:25:17.554219,Ho Chi Minh City,148,29.15,68.621
2025-11-07 17:25:17.554219,Ho Chi Minh City,102,7.199,88.209
2025-11-07 18:25:17.554219,Ho Chi Minh City,79,32.432,40.297
2025-11-07 19:25:17.554219,Ho Chi Minh City,89,11.252,36.599
2025-11-07 20:25:17.554219,Ho Chi Minh City,72,6.514,41.744
2025-11-07 21:25:17.554219,Ho Chi Minh City,135,22.578,30.882
2025-11-07 22:25:17.554219,Ho Chi Minh City,100,8.652,45.026
2025-11-07 23:25:17.554219,Ho Chi Minh City,113,20.427,65.4
2025-11-08 00:25:17.554219,Ho Chi Minh City,147,20.468,39.091
2025-11-08 01:25:17.554219,Ho Chi Minh City,52,26.761,72.377
2025-11-08 02:25:17.554219,Ho Chi Minh City,64,36.782,36.019
2025-11-08 03:25:17.554219,Ho Chi Minh City,110,15.214,57.958
2025-11-08 04:25:17.554219,Ho Chi Minh City,118,25.06,60.773
2025-11-08 05:25:17.554219,Ho Chi Minh City,147,20.119,32.38
2025-11-08 06:25:17.554219,Ho Chi Minh City,99,5.026,71.346
2025-11-08 07:25:17.554219,Ho Chi Minh City,114,19.784,29.702
2025-11-08 08:25:17.554219,Ho Chi Minh City,98,24.232,88.008
2025-11-08 09:25:17.554219,Ho Chi Minh City,109,33.399,68.647
2025-11-08 10:25:17.554219,Ho Chi Minh City,148,16.941,43.573
2025-11-08 11:25:17.554219,Ho Chi Minh City,109,6.331,26.955
2025-11-08 12:25:17.554219,Ho Chi Minh City,81,24.789,62.013
2025-11-08 13:25:17.554219,Ho Chi Minh City,80,35.892,62.794
2025-11-08 14:25:17.554219,Ho Chi Minh City,139,12.003,82.948
2025-11-08 15:25:17.554219,Ho Chi Minh City,79,5.147,34.276
2025-11-08 16:25:17.554219,Ho Chi Minh City,81,12.592,77.749
2025-11-08 17:25:17.554219,Ho Chi Minh City,116,16.773,45.796
2025-11-08 18:25:17.554219,Ho Chi Minh City,82,20.654,45.692
2025-11-08 19:25:17.554219,Ho Chi Minh City,66,30.23,80.463
2025-11-08 20:25:17.554219,Ho Chi Minh City,101,17.941,89.25
2025-11-08 21:25:17.554219,Ho Chi Minh City,96,15.77,77.98
2025-11-08 22:25:17.554219,Ho Chi Minh City,80,28.755,37.39
2025-11-08 23:25:17.554219,Ho Chi Minh City,104,16.572,42.381
2025-11-09 00:25:17.554219,Ho Chi Minh City,52,14.549,55.757
2025-11-09 01:25:17.554219,Ho Chi Minh City,103,6.546,67.74
2025-11-09 02:25:17.554219,Ho Chi Minh City,80,33.988,67.811
2025-11-09 03:25:17.554219,Ho Chi Minh City,110,31.001,29.967
2025-11-09 04:25:17.554219,Ho Chi Minh City,127,7.129,82.101
2025-11-09 05:25:17.554219,Ho Chi Minh City,83,31.489,69.008
2025-11-09 06:25:17.554219,Ho Chi Minh City,84,6.934,61.266
2025-11-09 07:25:17.554219,Ho Chi Minh City,88,21.016,26.478
2025-11-09 08:25:17.554219,Ho Chi Minh City,64,22.84,50.261
2025-11-09 09:25:17.554219,Ho Chi Minh City,95,30.951,61.156
2025-11-09 10:25:17.554219,Ho Chi Minh City,117,13.164,86.548
2025-11-09 11:25:17.554219,Ho Chi Minh City,99,15.338,58.212
2025-11-09 12:25:17.554219,Ho Chi Minh City,85,24.977,39.498
2025-11-09 13:25:17.554219,Ho Chi Minh City,155,16.79,52.672
2025-11-09 14:25:17.554219,Ho Chi Minh City,86,26.976,34.556
2025-11-09 15:25:17.554219,Ho Chi Minh City,122,13.851,61.331
2025-11-09 16:25:17.554219,Ho Chi Minh City,103,7.779,36.116
2025-11-09 17:25:17.554219,Ho Chi Minh City,39,11.134,47.062
2025-11-09 18:25:17.554219,Ho Chi Minh City,99,18.154,74.495
2025-11-09 19:25:17.554219,Ho Chi Minh City,84,20.795,89.603
2025-11-09 20:25:17.554219,Ho Chi Minh City,70,32.044,40.919
2025-11-09 21:25:17.554219,Ho Chi Minh City,124,25.494,82.361
2025-11-09 22:25:17.554219,Ho Chi Minh City,113,7.467,65.954
2025-11-09 23:25:17.554219,Ho Chi Minh City,71,37.73,48.821
2025-11-10 00:25:17.554219,Ho Chi Minh City,83,11.205,37.922
2025-11-10 01:25:17.554219,Ho Chi Minh City,102,30.673,63.642
2025-11-10 02:25:17.554219,Ho Chi Minh City,69,5.436,88.848
2025-11-10 03:25:17.554219,Ho Chi Minh City,84,33.604,80.975
2025-11-10 04:25:17.554219,Ho Chi Minh City,114,6.954,33.889
2025-11-10 05:25:17.554219,Ho Chi Minh City,83,27.326,42.819
2025-11-10 06:25:17.554219,Ho Chi Minh City,109,24.358,85.904
2025-11-10 07:25:17.554219,Ho Chi Minh City,113,37.921,35.84
2025-11-10 08:25:17.554219,Ho Chi Minh City,67,31.24,62.717
2025-11-10 09:25:17.554219,Ho Chi Minh City,99,14.621,28.056
2025-11-10 10:25:17.554219,Ho Chi Minh City,95,31.903,50.883
2025-11-10 11:25:17.554219,Ho Chi Minh City,84,37.851,34.293
2025-11-10 12:25:17.554219,Ho Chi Minh City,75,18.057,63.004
2025-11-10 13:25:17.554219,Ho Chi Minh City,79,15.056,39.9
2025-11-10 14:25:17.554219,Ho Chi Minh City,119,8.427,72.905
2025-11-10 15:25:17.554219,Ho Chi Minh City,72,26.236,84.39
2025-11-10 16:25:17.554219,Ho Chi Minh City,110,21.712,86.222
2025-11-10 17:25:17.554219,Ho Chi Minh City,78,23.254,74.41
2025-11-10 18:25:17.554219,Ho Chi Minh City,114,5.918,40.619
2025-11-10 19:25:17.554219,Ho Chi Minh City,98,36.073,59.553
2025-11-10 20:25:17.554219,Ho Chi Minh City,108,33.108,71.499
2025-11-10 21:25:17.554219,Ho Chi Minh City,138,35.543,85.982
2025-11-10 22:25:17.554219,Ho Chi Minh City,91,30.511,27.68
2025-11-10 23:25:17.554219,Ho Chi Minh City,120,25.295,72.793
2025-11-11 00:25:17.554219,Ho Chi Minh City,50,20.191,57.058
2025-11-11 01:25:17.554219,Ho Chi Minh City,121,11.065,53.488
2025-11-11 02:25:17.554219,Ho Chi Minh City,120,28.381,87.323
2025-11-11 03:25:17.554219,Ho Chi Minh City,126,15.626,70.401
2025-11-11 04:25:17.554219,Ho Chi Minh City,98,20.724,52.501
2025-11-11 05:25:17.554219,Ho Chi Minh City,73,26.398,72.406
2025-11-11 06:25:17.554219,Ho Chi Minh City,96,13.992,60.112
2025-11-11 07:25:17.554219,Ho Chi Minh City,87,30.776,54.494
2025-11-11 08:25:17.554219,Ho Chi Minh City,83,34.498,33.118
2025-11-11 09:25:17.554219,Ho Chi Minh City,90,15.975,49.559
2025-11-11 10:25:17.554219,Ho Chi Minh City,124,21.944,37.726
2025-11-11 11:25:17.554219,Ho Chi Minh City,110,23.483,56.125
2025-11-11 12:25:17.554219,Ho Chi Minh City,112,27.847,32.496
2025-11-11 13:25:17.554219,Ho Chi Minh City,110,20.377,66.621
2025-11-11 14:25:17.554219,Ho Chi Minh City,101,32.439,85.22
2025-11-11 15:25:17.554219,Ho Chi Minh City,163,36.552,60.831
2025-11-11 16:25:17.554219,Ho Chi Minh City,115,19.634,72.974
2025-11-11 17:25:17.554219,Ho Chi Minh City,120,16.616,42.579
2025-11-11 18:25:17.554219,Ho Chi Minh City,95,28.558,72.541
2025-11-11 19:25:17.554219,Ho Chi Minh City,91,36.469,44.681
2025-11-11 20:25:17.554219,Ho Chi Minh City,108,30.664,76.846
2025-11-11 21:25:17.554219,Ho Chi Minh City,118,6.877,64.633
2025-11-11 22:25:17.554219,Ho Chi Minh City,127,10.382,75.986
2025-11-11 23:25:17.554219,Ho Chi Minh City,118,18.111,32.24
2025-11-12 00:25:17.554219,Ho Chi Minh City,109,23.818,69.275
2025-11-12 01:25:17.554219,Ho Chi Minh City,66,16.514,57.066
2025-11-12 02:25:17.554219,Ho Chi Minh City,92,26.948,59.25
2025-11-12 03:25:17.554219,Ho Chi Minh City,89,17.403,55.254
2025-11-12 04:25:17.554219,Ho Chi Minh City,116,14.169,83.585
2025-11-12 05:25:17.554219,Ho Chi Minh City,100,25.852,53.84
2025-11-12 06:25:17.554219,Ho Chi Minh City,104,26.448,77.496
2025-11-12 07:25:17.554219,Ho Chi Minh City,99,28.225,73.167
2025-11-12 08:25:17.554219,Ho Chi Minh City,112,32.293,46.903
2025-11-12 09:25:17.554219,Ho Chi Minh City,101,31.132,60.273
2025-11-12 10:25:17.554219,Ho Chi Minh City,99,27.752,65.14
2025-11-12 11:25:17.554219,Ho Chi Minh City,86,25.972,75.049
2025-11-12 12:25:17.554219,Ho Chi Minh City,107,16.215,53.431
2025-11-12 13:25:17.554219,Ho Chi Minh City,94,20.983,81.437
2025-11-12 14:25:17.554219,Ho Chi Minh City,91,9.332,60.251
2025-11-12 15:25:17.554219,Ho Chi Minh City,104,36.817,44.539
2025-11-12 16:25:17.554219,Ho Chi Minh City,76,33.005,45.743
2025-11-12 17:25:17.554219,Ho Chi Minh City,90,27.885,54.487
2025-11-12 18:25:17.554219,Ho Chi Minh City,136,8.835,25.041
2025-11-12 19:25:17.554219,Ho Chi Minh City,65,33.328,80.79
2025-11-12 20:25:17.554219,Ho Chi Minh City,94,25.625,82.236
2025-11-12 21:25:17.554219,Ho Chi Minh City,84,11.63,84.561
2025-11-12 22:25:17.554219,Ho Chi Minh City,90,20.939,86.122
2025-11-12 23:25:17.554219,Ho Chi Minh City,100,12.436,38.595
2025-11-13 00:25:17.554219,Ho Chi Minh City,85,21.63,27.51
2025-11-13 01:25:17.554219,Ho Chi Minh City,86,30.715,69.392
2025-11-13 02:25:17.554219,Ho Chi Minh City,137,14.854,75.694
2025-11-13 03:25:17.554219,Ho Chi Minh City,150,34.031,64.026
2025-11-13 04:25:17.554219,Ho Chi Minh City,77,37.601,86.391
2025-11-13 05:25:17.554219,Ho Chi Minh City,122,15.281,51.805
2025-11-13 06:25:17.554219,Ho Chi Minh City,69,7.392,87.711
2025-11-13 07:25:17.554219,Ho Chi Minh City,101,11.879,83.629
2025-11-13 08:25:17.554219,Ho Chi Minh City,152,28.838,43.181
2025-11-13 09:25:17.554219,Ho Chi Minh City,127,35.623,75.87
2025-11-13 10:25:17.554219,Ho Chi Minh City,108,25.704,83.654
2025-11-13 11:25:17.554219,Ho Chi Minh City,88,14.348,74.332
2025-11-13 12:25:17.554219,Ho Chi Minh City,90,9.539,48.189
2025-11-13 13:25:17.554219,Ho Chi Minh City,80,25.717,50.039
2025-11-13 14:25:17.554219,Ho Chi Minh City,87,31.549,81.455
2025-11-13 15:25:17.554219,Ho Chi Minh City,115,25.529,26.248
2025-11-13 16:25:17.554219,Ho Chi Minh City,79,33.363,77.24
2025-11-13 17:25:17.554219,Ho Chi Minh City,123,9.719,49.047
2025-11-13 18:25:17.554219,Ho Chi Minh City,114,13.517,40.017
2025-11-13 19:25:17.554219,Ho Chi Minh City,87,30.272,82.255
2025-11-13 20:25:17.554219,Ho Chi Minh City,85,26.003,80.61
2025-11-13 21:25:17.554219,Ho Chi Minh City,130,32.488,80.883
2025-11-13 22:25:17.554219,Ho Chi Minh City,151,11.324,26.74
2025-11-13 23:25:17.554219,Ho Chi Minh City,103,27.343,42.765
2025-11-14 00:25:17.554219,Ho Chi Minh City,93,17.874,58.848
2025-11-14 01:25:17.554219,Ho Chi Minh City,179,7.177,74.044
2025-11-14 02:25:17.554219,Ho Chi Minh City,110,10.19,25.955
2025-11-14 03:25:17.554219,Ho Chi Minh City,96,21.31,38.635
2025-11-14 04:25:17.554219,Ho Chi Minh City,74,11.655,52.848
2025-11-14 05:25:17.554219,Ho Chi Minh City,152,26.711,83.114
2025-11-14 06:25:17.554219,Ho Chi Minh City,85,33.966,58.904
2025-11-14 07:25:17.554219,Ho Chi Minh City,115,21.811,84.933
2025-11-14 08:25:17.554219,Ho Chi Minh City,129,14.786,50.019
2025-11-14 09:25:17.554219,Ho Chi Minh City,113,21.408,45.293
2025-11-14 10:25:17.554219,Ho Chi Minh City,106,14.088,85.002
2025-11-14 11:25:17.554219,Ho Chi Minh City,119,24.428,30
2025-11-14 12:25:17.554219,Ho Chi Minh City,92,28.027,47.969
2025-11-14 13:25:17.554219,Ho Chi Minh City,120,13.175,50.92
2025-11-14 14:25:17.554219,Ho Chi Minh City,88,18.337,37.304
2025-11-14 15:25:17.554219,Ho Chi Minh City,113,25.452,47.431
2025-11-14 16:25:17.554219,Ho Chi Minh City,141,23.812,39.175
2025-11-14 17:25:17.554219,Ho Chi Minh City,86,25.108,36.874
2025-11-14 18:25:17.554219,Ho Chi Minh City,109,24.891,33.166
2025-11-14 19:25:17.554219,Ho Chi Minh City,86,23.233,31.271
2025-11-14 20:25:17.554219,Ho Chi Minh City,58,33.251,49.271
2025-11-14 21:25:17.554219,Ho Chi Minh City,99,19.307,69.368
2025-11-14 22:25:17.554219,Ho Chi Minh City,146,34.425,84.088
2025-11-14 23:25:17.554219,Ho Chi Minh City,107,19.356,40.688
2025-11-15 00:25:17.554219,Ho Chi Minh City,63,5.357,80.61
2025-11-15 01:25:17.554219,Ho Chi Minh City,90,5.103,39.466
2025-11-15 02:25:17.554219,Ho Chi Minh City,55,28.762,37.866
2025-11-15 03:25:17.554219,Ho Chi Minh City,84,17.456,59.134
2025-11-15 04:25:17.554219,Ho Chi Minh City,75,26.098,57.493
2025-11-15 05:25:17.554219,Ho Chi Minh City,92,15.741,36.33
2025-11-15 06:25:17.554219,Ho Chi Minh City,95,24.316,73.594
2025-11-15 07:25:17.554219,Ho Chi Minh City,94,34.828,46.504
2025-11-15 08:25:17.554219,Ho Chi Minh City,75,36.622,48.613
2025-11-15 09:25:17.554219,Ho Chi Minh City,98,33.171,87.961
2025-11-15 10:25:17.554219,Ho Chi Minh City,85,12.295,25.948
2025-11-15 11:25:17.554219,Ho Chi Minh City,67,37.132,70.492
2025-11-15 12:25:17.554219,Ho Chi Minh City,130,29.38,83.984
2025-11-15 13:25:17.554219,Ho Chi Minh City,165,6.871,42.814
2025-11-15 14:25:17.554219,Ho Chi Minh City,140,6.836,29.795
2025-11-15 15:25:17.554219,Ho Chi Minh City,85,10.696,45.047
2025-11-15 16:25:17.554219,Ho Chi Minh City,99,20.325,46.627
2025-11-15 17:25:17.554219,Ho Chi Minh City,99,6.679,44.248
2025-11-15 18:25:17.554219,Ho Chi Minh City,101,5.16,33.884
2025-11-15 19:25:17.554219,Ho Chi Minh City,177,16.908,85.823
2025-11-15 20:25:17.554219,Ho Chi Minh City,107,29.913,79.178
2025-11-15 21:25:17.554219,Ho Chi Minh City,145,19.009,53.083
2025-11-15 22:25:17.554219,Ho Chi Minh City,95,34.545,44.857
2025-11-15 23:25:17.554219,Ho Chi Minh City,101,26.997,89.868
2025-11-16 00:25:17.554219,Ho Chi Minh City,145,18.43,83.919
2025-11-16 01:25:17.554219,Ho Chi Minh City,115,22.858,38.364
2025-11-16 02:25:17.554219,Ho Chi Minh City,121,37.36,85.342
2025-11-16 03:25:17.554219,Ho Chi Minh City,106,15.8,39.068
2025-11-16 04:25:17.554219,Ho Chi Minh City,109,26.48,62.23
2025-11-16 05:25:17.554219,Ho Chi Minh City,149,24.976,78.435
2025-11-16 06:25:17.554219,Ho Chi Minh City,77,18.231,78.58
2025-11-16 07:25:17.554219,Ho Chi Minh City,86,10.334,83.758
2025-11-16 08:25:17.554219,Ho Chi Minh City,88,9.448,53.064
2025-11-16 09:25:17.554219,Ho Chi Minh City,91,22.295,48.48
2025-11-16 10:25:17.554219,Ho Chi Minh City,122,13.133,75.539
2025-11-16 11:25:17.554219,Ho Chi Minh City,113,37.411,86.718
2025-11-16 12:25:17.554219,Ho Chi Minh City,122,37.998,66.994
2025-11-16 13:25:17.554219,Ho Chi Minh City,145,25.681,68.59
2025-11-16 14:25:17.554219,Ho Chi Minh City,79,16.735,43.937
2025-11-16 15:25:17.554219,Ho Chi Minh City,116,32.144,66.436
2025-11-16 16:25:17.554219,Ho Chi Minh City,61,8.295,81.783
2025-11-16 17:25:17.554219,Ho Chi Minh City,110,33.003,43.798
2025-11-16 18:25:17.554219,Ho Chi Minh City,55,30.4,86.868
2025-11-16 19:25:17.554219,Ho Chi Minh City,108,20.153,60.042
2025-11-16 20:25:17.554219,Ho Chi Minh City,62,10.935,56.045
2025-11-16 21:25:17.554219,Ho Chi Minh City,112,27.379,54.064
2025-11-16 22:25:17.554219,Ho Chi Minh City,96,30.015,83.324
2025-11-16 23:25:17.554219,Ho Chi Minh City,64,10.855,38.785
2025-11-17 00:25:17.554219,Ho Chi Minh City,61,17.786,25.513
2025-11-17 01:25:17.554219,Ho Chi Minh City,127,20.095,72.664
2025-11-17 02:25:17.554219,Ho Chi Minh City,108,21.437,41.525
2025-11-17 03:25:17.554219,Ho Chi Minh City,120,14.948,54.285
2025-11-17 04:25:17.554219,Ho Chi Minh City,116,26.924,62.726
2025-11-17 05:25:17.554219,Ho Chi Minh City,159,24.882,85.99
2025-11-17 06:25:17.554219,Ho Chi Minh City,108,15.042,83.274
2025-11-17 07:25:17.554219,Ho Chi Minh City,122,32.779,84.669
2025-11-17 08:25:17.554219,Ho Chi Minh City,137,33.511,55.772
2025-11-17 09:25:17.554219,Ho Chi Minh City,104,19.246,82.751
2025-11-17 10:25:17.554219,Ho Chi Minh City,143,30.1,27.404
2025-11-17 11:25:17.554219,Ho Chi Minh City,76,31.471,74.466
2025-11-17 12:25:17.554219,Ho Chi Minh City,96,25.194,78.337
2025-11-17 13:25:17.554219,Ho Chi Minh City,92,9.428,42.689
2025-11-17 14:25:17.554219,Ho Chi Minh City,73,35.951,84.684
2025-11-17 15:25:17.554219,Ho Chi Minh City,100,36.642,37.836
2025-11-17 16:25:17.554219,Ho Chi Minh City,75,11.814,29.554
2025-11-17 17:25:17.554219,Ho Chi Minh City,107,26.045,27.247
2025-11-17 18:25:17.554219,Ho Chi Minh City,158,5.339,41.933
2025-11-17 19:25:17.554219,Ho Chi Minh City,94,17.512,37.141
2025-11-17 20:25:17.554219,Ho Chi Minh City,63,13.659,36.521
2025-11-17 21:25:17.554219,Ho Chi Minh City,129,8.048,42.97
2025-11-17 22:25:17.554219,Ho Chi Minh City,79,9.931,83.107
2025-11-17 23:25:17.554219,Ho Chi Minh City,63,33.517,62.272
2025-11-18 00:25:17.554219,Ho Chi Minh City,113,34.799,88.748
2025-11-18 01:25:17.554219,Ho Chi Minh City,86,31.332,81.859
2025-11-18 02:25:17.554219,Ho Chi Minh City,88,20.847,87.196
2025-11-18 03:25:17.554219,Ho Chi Minh City,87,27.723,49.763
2025-11-18 04:25:17.554219,Ho Chi Minh City,104,18.062,59.308
2025-11-18 05:25:17.554219,Ho Chi Minh City,77,6.233,34.51
2025-11-18 06:25:17.554219,Ho Chi Minh City,106,32.054,39.262
2025-11-18 07:25:17.554219,Ho Chi Minh City,107,29.484,47.632
2025-11-18 08:25:17.554219,Ho Chi Minh City,67,6.838,80.702
2025-11-18 09:25:17.554219,Ho Chi Minh City,101,11.943,46.768
2025-11-18 10:25:17.554219,Ho Chi Minh City,81,13.205,73.467
2025-11-18 11:25:17.554219,Ho Chi Minh City,82,35.414,60.949
2025-11-18 12:25:17.554219,Ho Chi Minh City,100,34.687,79.407
2025-11-18 13:25:17.554219,Ho Chi Minh City,101,11.402,46.483
2025-11-18 14:25:17.554219,Ho Chi Minh City,93,28.798,45.042
2025-11-18 15:25:17.554219,Ho Chi Minh City,98,24.98,25.15
2025-11-18 16:25:17.554219,Ho Chi Minh City,146,37.877,84.364
2025-11-18 17:25:17.554219,Ho Chi Minh City,100,28.037,65.773
2025-11-18 18:25:17.554219,Ho Chi Minh City,137,25.43,65.551
2025-11-18 19:25:17.554219,Ho Chi Minh City,110,10.698,36.494
2025-11-18 20:25:17.554219,Ho Chi Minh City,74,16.036,37.868
2025-11-18 21:25:17.554219,Ho Chi Minh City,152,12.35,28.113
2025-11-18 22:25:17.554219,Ho Chi Minh City,110,32.132,27.945
2025-11-18 23:25:17.554219,Ho Chi Minh City,122,5.603,81.541
2025-11-19 00:25:17.554219,Ho Chi Minh City,107,9.958,74.812
2025-11-19 01:25:17.554219,Ho Chi Minh City,63,7.034,39.719
2025-11-19 02:25:17.554219,Ho Chi Minh City,142,31.6,66.535
2025-11-19 03:25:17.554219,Ho Chi Minh City,96,32.908,83.403
2025-11-19 04:25:17.554219,Ho Chi Minh City,83,34.268,25.011
2025-11-19 05:25:17.554219,Ho Chi Minh City,123,15.716,85.303
2025-11-19 06:25:17.554219,Ho Chi Minh City,119,29.011,46.665
2025-11-19 07:25:17.554219,Ho Chi Minh City,47,12.254,29.77
2025-11-19 08:25:17.554219,Ho Chi Minh City,123,11.521,74.331
2025-11-19 09:25:17.554219,Ho Chi Minh City,122,26.855,27.337
2025-11-19 10:25:17.554219,Ho Chi Minh City,82,12.545,36.06
2025-11-19 11:25:17.554219,Ho Chi Minh City,78,35.933,51.283
2025-11-19 12:25:17.554219,Ho Chi Minh City,104,8.77,76.165
2025-11-19 13:25:17.554219,Ho Chi Minh City,88,11.43,30.048
2025-11-19 14:25:17.554219,Ho Chi Minh City,85,8.498,86.567
2025-11-19 15:25:17.554219,Ho Chi Minh City,57,10.245,57.157
2025-11-19 16:25:17.554219,Ho Chi Minh City,106,12.576,56.276
2025-11-19 17:25:17.554219,Ho Chi Minh City,109,7.556,68.081
2025-11-04 18:25:17.554219,San Francisco,159,9.341,47.55
2025-11-04 19:25:17.554219,San Francisco,85,9.349,77.603
2025-11-04 20:25:17.554219,San Francisco,118,29.024,47.76
2025-11-04 21:25:17.554219,San Francisco,128,10.582,57.381
2025-11-04 22:25:17.554219,San Francisco,116,33.995,56.433
2025-11-04 23:25:17.554219,San Francisco,141,14.347,89.858
2025-11-05 00:25:17.554219,San Francisco,143,11.385,84.863
2025-11-05 01:25:17.554219,San Francisco,80,29.331,49.991
2025-11-05 02:25:17.554219,San Francisco,55,28.828,53.5
2025-11-05 03:25:17.554219,San Francisco,111,6.351,44.388
2025-11-05 04:25:17.554219,San Francisco,128,21.828,51.746
2025-11-05 05:25:17.554219,San Francisco,122,36.421,53.426
2025-11-05 06:25:17.554219,San Francisco,147,9.393,74.533
2025-11-05 07:25:17.554219,San Francisco,183,19.237,75.726
2025-11-05 08:25:17.554219,San Francisco,119,37.077,66.192
2025-11-05 09:25:17.554219,San Francisco,106,10.824,74.062
2025-11-05 10:25:17.554219,San Francisco,90,27.362,32.27
2025-11-05 11:25:17.554219,San Francisco,90,24.224,27.815
2025-11-05 12:25:17.554219,San Francisco,51,23.578,67.846
2025-11-05 13:25:17.554219,San Francisco,63,30.41,76.621
2025-11-05 14:25:17.554219,San Francisco,95,27.724,86.27
2025-11-05 15:25:17.554219,San Francisco,95,15.034,27.717
2025-11-05 16:25:17.554219,San Francisco,76,22.321,72.627
2025-11-05 17:25:17.554219,San Francisco,129,20.905,81.463
2025-11-05 18:25:17.554219,San Francisco,159,29.689,28.329
2025-11-05 19:25:17.554219,San Francisco,187,12.539,83.418
2025-11-05 20:25:17.554219,San Francisco,123,5.781,41.892
2025-11-05 21:25:17.554219,San Francisco,72,37.85,65.945
2025-11-05 22:25:17.554219,San Francisco,72,23.356,82.491
2025-11-05 23:25:17.554219,San Francisco,117,6.277,58.201
2025-11-06 00:25:17.554219,San Francisco,125,18.644,67.732
2025-11-06 01:25:17.554219,San Francisco,124,19.417,63.46
2025-11-06 02:25:17.554219,San Francisco,93,12.72,69.622
2025-11-06 03:25:17.554219,San Francisco,84,5.408,66.22
2025-11-06 04:25:17.554219,San Francisco,119,35.225,83.361
2025-11-06 05:25:17.554219,San Francisco,84,24.814,55.123
2025-11-06 06:25:17.554219,San Francisco,90,22.904,37.998
2025-11-06 07:25:17.554219,San Francisco,85,8.906,28.86
2025-11-06 08:25:17.554219,San Francisco,74,22.421,65.093
2025-11-06 09:25:17.554219,San Francisco,106,10.255,79.125
2025-11-06 10:25:17.554219,San Francisco,91,34.1,81.277
2025-11-06 11:25:17.554219,San Francisco,109,29.348,41.776
2025-11-06 12:25:17.554219,San Francisco,128,16.952,60.53
2025-11-06 13:25:17.554219,San Francisco,100,17.582,33.256
2025-11-06 14:25:17.554219,San Francisco,128,33.644,81.187
2025-11-06 15:25:17.554219,San Francisco,124,5.219,89.615
2025-11-06 16:25:17.554219,San Francisco,148,12.036,36.821
2025-11-06 17:25:17.554219,San Francisco,94,23.956,59.273
2025-11-06 18:25:17.554219,San Francisco,130,25.236,63.034
2025-11-06 19:25:17.554219,San Francisco,66,16.502,75.654
2025-11-06 20:25:17.554219,San Francisco,126,15.519,27.979
2025-11-06 21:25:17.554219,San Francisco,94,22.102,34.467
2025-11-06 22:25:17.554219,San Francisco,90,23.967,75.856
2025-11-06 23:25:17.554219,San Francisco,140,28.349,26.784
2025-11-07 00:25:17.554219,San Francisco,126,32.7,81.131
2025-11-07 01:25:17.554219,San Francisco,86,35.646,27.972
2025-11-07 02:25:17.554219,San Francisco,110,19.789,60.601
2025-11-07 03:25:17.554219,San Francisco,103,23.522,37.791
2025-11-07 04:25:17.554219,San Francisco,75,25.749,62.806
2025-11-07 05:25:17.554219,San Francisco,66,5.308,32.363
2025-11-07 06:25:17.554219,San Francisco,83,34.05,70.529
2025-11-07 07:25:17.554219,San Francisco,137,32.26,60.975
2025-11-07 08:25:17.554219,San Francisco,95,34.972,31.197
2025-11-07 09:25:17.554219,San Francisco,90,34.145,74.234
2025-11-07 10:25:17.554219,San Francisco,142,20.683,82.902
2025-11-07 11:25:17.554219,San Francisco,124,10.645,40.957
2025-11-07 12:25:17.554219,San Francisco,128,32.204,37.251
2025-11-07 13:25:17.554219,San Francisco,153,15.739,69.576
2025-11-07 14:25:17.554219,San Francisco,105,6.636,36.336
2025-11-07 15:25:17.554219,San Francisco,133,6.201,32.084
2025-11-07 16:25:17.554219,San Francisco,124,35.559,36.26
2025-11-07 17:25:17.554219,San Francisco,90,7.885,41.354
2025-11-07 18:25:17.554219,San Francisco,113,15.158,45.648
2025-11-07 19:25:17.554219,San Francisco,105,29.782,78.099
2025-11-07 20:25:17.554219,San Francisco,121,20.312,77.484
2025-11-07 21:25:17.554219,San Francisco,80,6.303,79.369
2025-11-07 22:25:17.554219,San Francisco,136,37.316,85.232
2025-11-07 23:25:17.554219,San Francisco,116,22.037,87.13
2025-11-08 00:25:17.554219,San Francisco,92,26.271,75.778
2025-11-08 01:25:17.554219,San Francisco,86,13.61,31.738
2025-11-08 02:25:17.554219,San Francisco,91,26.275,37.934
2025-11-08 03:25:17.554219,San Francisco,96,5.669,32.891
2025-11-08 04:25:17.554219,San Francisco,57,36.134,64.141
2025-11-08 05:25:17.554219,San Francisco,98,26.512,30.888
2025-11-08 06:25:17.554219,San Francisco,97,34.472,31.266
2025-11-08 07:25:17.554219,San Francisco,99,14.176,64.918
2025-11-08 08:25:17.554219,San Francisco,115,5.623,80.184
2025-11-08 09:25:17.554219,San Francisco,118,16.879,42.118
2025-11-08 10:25:17.554219,San Francisco,125,29.995,68.938
2025-11-08 11:25:17.554219,San Francisco,89,21.973,58.787
2025-11-08 12:25:17.554219,San Francisco,73,36.157,59.446
2025-11-08 13:25:17.554219,San Francisco,64,15.152,86.674
2025-11-08 14:25:17.554219,San Francisco,62,32.349,86.186
2025-11-08 15:25:17.554219,San Francisco,101,29.982,69.929
2025-11-08 16:25:17.554219,San Francisco,88,10.697,35.316
2025-11-08 17:25:17.554219,San Francisco,110,7.959,26.334
2025-11-08 18:25:17.554219,San Francisco,140,16.238,72.545
2025-11-08 19:25:17.554219,San Francisco,96,30.104,37.565
2025-11-08 20:25:17.554219,San Francisco,90,29.554,68.246
2025-11-08 21:25:17.554219,San Francisco,137,16.431,69.043
2025-11-08 22:25:17.554219,San Francisco,74,16.183,82.681
2025-11-08 23:25:17.554219,San Francisco,85,7.875,84.841
2025-11-09 00:25:17.554219,San Francisco,111,12.012,48.806
2025-11-09 01:25:17.554219,San Francisco,130,17.14,74.124
2025-11-09 02:25:17.554219,San Francisco,105,23.473,47.962
2025-11-09 03:25:17.554219,San Francisco,153,25.506,42.46
2025-11-09 04:25:17.554219,San Francisco,121,5.527,39.132
2025-11-09 05:25:17.554219,San Francisco,163,20.915,37.835
2025-11-09 06:25:17.554219,San Francisco,86,19.632,76.203
2025-11-09 07:25:17.554219,San Francisco,88,22.251,44.217
2025-11-09 08:25:17.554219,San Francisco,72,23.368,31.384
2025-11-09 09:25:17.554219,San Francisco,100,9.575,88.027
2025-11-09 10:25:17.554219,San Francisco,82,37.963,69.224
2025-11-09 11:25:17.554219,San Francisco,123,26.849,50.531
2025-11-09 12:25:17.554219,San Francisco,122,32.758,40.165
2025-11-09 13:25:17.554219,San Francisco,128,35.472,57.587
2025-11-09 14:25:17.554219,San Francisco,140,36.43,86.005
2025-11-09 15:25:17.554219,San Francisco,74,29.78,40.921
2025-11-09 16:25:17.554219,San Francisco,124,35.073,33.089
2025-11-09 17:25:17.554219,San Francisco,86,27.189,76.362
2025-11-09 18:25:17.554219,San Francisco,90,8.177,89.143
2025-11-09 19:25:17.554219,San Francisco,71,31.634,50.214
2025-11-09 20:25:17.554219,San Francisco,107,21.372,76.606
2025-11-09 21:25:17.554219,San Francisco,106,32.054,73.893
2025-11-09 22:25:17.554219,San Francisco,115,12.211,67.944
2025-11-09 23:25:17.554219,San Francisco,96,18.005,58.683
2025-11-10 00:25:17.554219,San Francisco,56,29.307,89.946
2025-11-10 01:25:17.554219,San Francisco,69,22.021,72.368
2025-11-10 02:25:17.554219,San Francisco,95,34.181,31.549
2025-11-10 03:25:17.554219,San Francisco,104,24.345,59.28
2025-11-10 04:25:17.554219,San Francisco,131,36.373,73.502
2025-11-10 05:25:17.554219,San Francisco,79,12.997,76.377
2025-11-10 06:25:17.554219,San Francisco,122,12.515,83.808
2025-11-10 07:25:17.554219,San Francisco,101,5.5,26.433
2025-11-10 08:25:17.554219,San Francisco,151,23.833,46.589
2025-11-10 09:25:17.554219,San Francisco,98,33.797,82.753
2025-11-10 10:25:17.554219,San Francisco,98,22.346,37.173
2025-11-10 11:25:17.554219,San Francisco,96,16.747,65.301
2025-11-10 12:25:17.554219,San Francisco,93,7.227,62.518
2025-11-10 13:25:17.554219,San Francisco,93,7.572,49.535
2025-11-10 14:25:17.554219,San Francisco,80,18.994,83.216
2025-11-10 15:25:17.554219,San Francisco,89,32.157,46.918
2025-11-10 16:25:17.554219,San Francisco,111,8.122,75.616
2025-11-10 17:25:17.554219,San Francisco,129,37.38,65.026
2025-11-10 18:25:17.554219,San Francisco,111,11.942,88.092
2025-11-10 19:25:17.554219,San Francisco,131,25.608,29.775
2025-11-10 20:25:17.554219,San Francisco,107,14.163,77.988
2025-11-10 21:25:17.554219,San Francisco,117,21.262,39.749
2025-11-10 22:25:17.554219,San Francisco,90,37.863,77.837
2025-11-10 23:25:17.554219,San Francisco,109,37.938,49.381
2025-11-11 00:25:17.554219,San Francisco,59,22.379,40.823
2025-11-11 01:25:17.554219,San Francisco,132,27.606,51.337
2025-11-11 02:25:17.554219,San Francisco,110,8.428,77.91
2025-11-11 03:25:17.554219,San Francisco,58,22.948,84.585
2025-11-11 04:25:17.554219,San Francisco,72,13.702,82.128
2025-11-11 05:25:17.554219,San Francisco,67,16.067,59.521
2025-11-11 06:25:17.554219,San Francisco,130,6.523,40.87
2025-11-11 07:25:17.554219,San Francisco,97,17.291,36.82
2025-11-11 08:25:17.554219,San Francisco,65,35.959,55.992
2025-11-11 09:25:17.554219,San Francisco,26,17.194,33.03
2025-11-11 10:25:17.554219,San Francisco,99,12.5,39.931
2025-11-11 11:25:17.554219,San Francisco,67,16.119,69.356
2025-11-11 12:25:17.554219,San Francisco,105,25.301,67.996
2025-11-11 13:25:17.554219,San Francisco,99,30.609,60.725
2025-11-11 14:25:17.554219,San Francisco,107,15.718,87.276
2025-11-11 15:25:17.554219,San Francisco,129,31.704,53.121
2025-11-11 16:25:17.554219,San Francisco,103,32.644,31.562
2025-11-11 17:25:17.554219,San Francisco,123,33.365,85.236
2025-11-11 18:25:17.554219,San Francisco,127,21.912,65.898
2025-11-11 19:25:17.554219,San Francisco,104,18.058,40.589
2025-11-11 20:25:17.554219,San Francisco,155,28.27,46.448
2025-11-11 21:25:17.554219,San Francisco,103,7.994,67.758
2025-11-11 22:25:17.554219,San Francisco,88,31.064,36.443
2025-11-11 23:25:17.554219,San Francisco,151,18.177,44.005
2025-11-12 00:25:17.554219,San Francisco,127,27.977,50.674
2025-11-12 01:25:17.554219,San Francisco,102,9.76,84.545
2025-11-12 02:25:17.554219,San Francisco,96,24.776,33.156
2025-11-12 03:25:17.554219,San Francisco,43,12.987,57.922
2025-11-12 04:25:17.554219,San Francisco,144,27.86,55.374
2025-11-12 05:25:17.554219,San Francisco,106,13.978,85.403
2025-11-12 06:25:17.554219,San Francisco,96,27.637,43.696
2025-11-12 07:25:17.554219,San Francisco,114,20.339,54.571
2025-11-12 08:25:17.554219,San Francisco,150,20.431,69.726
2025-11-12 09:25:17.554219,San Francisco,122,22.365,86.099
2025-11-12 10:25:17.554219,San Francisco,119,36.423,44.662
2025-11-12 11:25:17.554219,San Francisco,88,31.653,39.649
2025-11-12 12:25:17.554219,San Francisco,94,8.248,46.44
2025-11-12 13:25:17.554219,San Francisco,128,11.748,56.422
2025-11-12 14:25:17.554219,San Francisco,99,9.423,44.871
2025-11-12 15:25:17.554219,San Francisco,115,21.445,87.97
2025-11-12 16:25:17.554219,San Francisco,127,21.123,57.037
2025-11-12 17:25:17.554219,San Francisco,118,9.193,84.89
2025-11-12 18:25:17.554219,San Francisco,101,25.019,33.36
2025-11-12 19:25:17.554219,San Francisco,109,11.609,86.76
2025-11-12 20:25:17.554219,San Francisco,101,34.071,50.512
2025-11-12 21:25:17.554219,San Francisco,81,35.849,30.805
2025-11-12 22:25:17.554219,San Francisco,89,26.225,80.205
2025-11-12 23:25:17.554219,San Francisco,176,24.35,26.978
2025-11-13 00:25:17.554219,San Francisco,97,32.585,37.672
2025-11-13 01:25:17.554219,San Francisco,125,32.649,52.295
2025-11-13 02:25:17.554219,San Francisco,82,24.194,67.93
2025-11-13 03:25:17.554219,San Francisco,115,19.735,50.074
2025-11-13 04:25:17.554219,San Francisco,63,7.328,56.85
2025-11-13 05:25:17.554219,San Francisco,96,32.145,65.843
2025-11-13 06:25:17.554219,San Francisco,78,24.546,41.021
2025-11-13 07:25:17.554219,San Francisco,152,36.883,78.415
2025-11-13 08:25:17.554219,San Francisco,95,21.036,62.718
2025-11-13 09:25:17.554219,San Francisco,116,12.889,73.765
2025-11-13 10:25:17.554219,San Francisco,87,5.144,61.771
2025-11-13 11:25:17.554219,San Francisco,125,19.065,87.144
2025-11-13 12:25:17.554219,San Francisco,94,24.14,50.679
2025-11-13 13:25:17.554219,San Francisco,48,13.344,46.68
2025-11-13 14:25:17.554219,San Francisco,115,30.73,25.329
2025-11-13 15:25:17.554219,San Francisco,56,10.118,58.045
2025-11-13 16:25:17.554219,San Francisco,66,13.81,25.382
2025-11-13 17:25:17.554219,San Francisco,135,33.239,34.67
2025-11-13 18:25:17.554219,San Francisco,123,36.707,37.813
2025-11-13 19:25:17.554219,San Francisco,69,5.606,89.028
2025-11-13 20:25:17.554219,San Francisco,97,18.017,59.409
2025-11-13 21:25:17.554219,San Francisco,85,12.432,71.242
2025-11-13 22:25:17.554219,San Francisco,117,10.889,38.322
2025-11-13 23:25:17.554219,San Francisco,72,34.834,31.016
2025-11-14 00:25:17.554219,San Francisco,112,15.041,39.468
2025-11-14 01:25:17.554219,San Francisco,121,33.798,63.665
2025-11-14 02:25:17.554219,San Francisco,96,30.404,46.519
2025-11-14 03:25:17.554219,San Francisco,80,20.294,85.464
2025-11-14 04:25:17.554219,San Francisco,105,15.622,88.338
2025-11-14 05:25:17.554219,San Francisco,71,23.282,73.176
2025-11-14 06:25:17.554219,San Francisco,110,14.743,42.642
2025-11-14 07:25:17.554219,San Francisco,127,17.405,74.429
2025-11-14 08:25:17.554219,San Francisco,129,33.095,37.751
2025-11-14 09:25:17.554219,San Francisco,167,13.596,79.341
2025-11-14 10:25:17.554219,San Francisco,111,20.152,61.567
2025-11-14 11:25:17.554219,San Francisco,105,25.964,31.684
2025-11-14 12:25:17.554219,San Francisco,101,18.443,54.017
2025-11-14 13:25:17.554219,San Francisco,97,30.109,46.931
2025-11-14 14:25:17.554219,San Francisco,141,11.001,76.15
2025-11-14 15:25:17.554219,San Francisco,100,30.167,55.445
2025-11-14 16:25:17.554219,San Francisco,91,33.876,78.48
2025-11-14 17:25:17.554219,San Francisco,85,21.116,66.006
2025-11-14 18:25:17.554219,San Francisco,118,32.948,37.906
2025-11-14 19:25:17.554219,San Francisco,102,28.995,77.261
2025-11-14 20:25:17.554219,San Francisco,154,23.16,64.339
2025-11-14 21:25:17.554219,San Francisco,82,25.251,71.873
2025-11-14 22:25:17.554219,San Francisco,88,24.388,62.975
2025-11-14 23:25:17.554219,San Francisco,95,12.108,36.625
2025-11-15 00:25:17.554219,San Francisco,102,26.31,29.134
2025-11-15 01:25:17.554219,San Francisco,86,10.165,54.872
2025-11-15 02:25:17.554219,San Francisco,116,22.869,68.923
2025-11-15 03:25:17.554219,San Francisco,109,19.382,75.827
2025-11-15 04:25:17.554219,San Francisco,109,30.075,82.567
2025-11-15 05:25:17.554219,San Francisco,161,27.198,54.17
2025-11-15 06:25:17.554219,San Francisco,81,27.955,41.066
2025-11-15 07:25:17.554219,San Francisco,79,19.487,37.519
2025-11-15 08:25:17.554219,San Francisco,89,26.394,25.852
2025-11-15 09:25:17.554219,San Francisco,76,12.407,53.581
2025-11-15 10:25:17.554219,San Francisco,79,19.802,60.275
2025-11-15 11:25:17.554219,San Francisco,96,5.007,32.44
2025-11-15 12:25:17.554219,San Francisco,101,22.721,35.255
2025-11-15 13:25:17.554219,San Francisco,140,18.104,37.712
2025-11-15 14:25:17.554219,San Francisco,88,28.267,89.569
2025-11-15 15:25:17.554219,San Francisco,98,16.306,88.607
2025-11-15 16:25:17.554219,San Francisco,128,8.566,60.925
2025-11-15 17:25:17.554219,San Francisco,112,33.844,50.24
2025-11-15 18:25:17.554219,San Francisco,113,32.732,54.972
2025-11-15 19:25:17.554219,San Francisco,100,29.716,75.394
2025-11-15 20:25:17.554219,San Francisco,95,27.942,76.524
2025-11-15 21:25:17.554219,San Francisco,142,13.153,53.677
2025-11-15 22:25:17.554219,San Francisco,95,12.81,75.825
2025-11-15 23:25:17.554219,San Francisco,113,8.415,67.679
2025-11-16 00:25:17.554219,San Francisco,66,30.59,85.02
2025-11-16 01:25:17.554219,San Francisco,96,15.107,42.397
2025-11-16 02:25:17.554219,San Francisco,122,17.715,44.51
2025-11-16 03:25:17.554219,San Francisco,78,35.105,63.106
2025-11-16 04:25:17.554219,San Francisco,110,30.725,50.089
2025-11-16 05:25:17.554219,San Francisco,100,10.159,27.89
2025-11-16 06:25:17.554219,San Francisco,57,11.856,30.562
2025-11-16 07:25:17.554219,San Francisco,137,7.548,88.047
2025-11-16 08:25:17.554219,San Francisco,59,9.045,27.527
2025-11-16 09:25:17.554219,San Francisco,97,34.833,55.515
2025-11-16 10:25:17.554219,San Francisco,71,5.486,54.439
2025-11-16 11:25:17.554219,San Francisco,122,7.699,33.299
2025-11-16 12:25:17.554219,San Francisco,67,25.546,27.665
2025-11-16 13:25:17.554219,San Francisco,78,24.443,89.968
2025-11-16 14:25:17.554219,San Francisco,66,9.908,71.254
2025-11-16 15:25:17.554219,San Francisco,94,29.307,38.433
2025-11-16 16:25:17.554219,San Francisco,82,7.151,77.365
2025-11-16 17:25:17.554219,San Francisco,77,12.116,58.886
2025-11-16 18:25:17.554219,San Francisco,97,13.888,75.583
2025-11-16 19:25:17.554219,San Francisco,94,25.714,60.461
2025-11-16 20:25:17.554219,San Francisco,90,20.666,49.143
2025-11-16 21:25:17.554219,San Francisco,97,7.321,86.98
2025-11-16 22:25:17.554219,San Francisco,115,25.733,29.196
2025-11-16 23:25:17.554219,San Francisco,99,28.388,52.951
2025-11-17 00:25:17.554219,San Francisco,104,31.326,77.164
2025-11-17 01:25:17.554219,San Francisco,122,26.495,79.74
2025-11-17 02:25:17.554219,San Francisco,131,13.163,71.189
2025-11-17 03:25:17.554219,San Francisco,94,23.361,75.252
2025-11-17 04:25:17.554219,San Francisco,87,5.814,50
2025-11-17 05:25:17.554219,San Francisco,93,32.139,42.609
2025-11-17 06:25:17.554219,San Francisco,87,18.634,76.517
2025-11-17 07:25:17.554219,San Francisco,55,17.401,80.257
2025-11-17 08:25:17.554219,San Francisco,95,6.243,63.233
2025-11-17 09:25:17.554219,San Francisco,98,32.593,36.582
2025-11-17 10:25:17.554219,San Francisco,104,17.088,48.999
2025-11-17 11:25:17.554219,San Francisco,165,10.523,36.509
2025-11-17 12:25:17.554219,San Francisco,81,10.362,33.881
2025-11-17 13:25:17.554219,San Francisco,130,8.518,71.156
2025-11-17 14:25:17.554219,San Francisco,106,34.375,26.817
2025-11-17 15:25:17.554219,San Francisco,106,30.349,37.201
2025-11-17 16:25:17.554219,San Francisco,113,32.132,28.256
2025-11-17 17:25:17.554219,San Francisco,168,14.815,42.932
2025-11-17 18:25:17.554219,San Francisco,90,24.848,83.218
2025-11-17 19:25:17.554219,San Francisco,76,11.778,60.336
2025-11-17 20:25:17.554219,San Francisco,89,37.231,80.892
2025-11-17 21:25:17.554219,San Francisco,93,19.158,80.05
2025-11-17 22:25:17.554219,San Francisco,139,37,37.599
2025-11-17 23:25:17.554219,San Francisco,88,26.484,71.83
2025-11-18 00:25:17.554219,San Francisco,100,31.667,48.698
2025-11-18 01:25:17.554219,San Francisco,92,36.841,57.122
2025-11-18 02:25:17.554219,San Francisco,112,28.864,76.241
2025-11-18 03:25:17.554219,San Francisco,107,7.699,25.984
2025-11-18 04:25:17.554219,San Francisco,82,28.656,46.96
2025-11-18 05:25:17.554219,San Francisco,109,14.027,67.874
2025-11-18 06:25:17.554219,San Francisco,94,9.396,78.465
2025-11-18 07:25:17.554219,San Francisco,111,10.018,81.254
2025-11-18 08:25:17.554219,San Francisco,90,26.193,64.698
2025-11-18 09:25:17.554219,San Francisco,62,21.947,84.494
2025-11-18 10:25:17.554219,San Francisco,74,19.405,71.487
2025-11-18 11:25:17.554219,San Francisco,87,12.914,59.2
2025-11-18 12:25:17.554219,San Francisco,70,29.515,38.393
2025-11-18 13:25:17.554219,San Francisco,111,18.64,62.144
2025-11-18 14:25:17.554219,San Francisco,97,13.223,70.391
2025-11-18 15:25:17.554219,San Francisco,76,37.025,56.017
2025-11-18 16:25:17.554219,San Francisco,127,35.941,60.765
2025-11-18 17:25:17.554219,San Francisco,106,15.323,78.082
2025-11-18 18:25:17.554219,San Francisco,121,14.474,61.552
2025-11-18 19:25:17.554219,San Francisco,118,23.789,83.749
2025-11-18 20:25:17.554219,San Francisco,140,34.99,68.271
2025-11-18 21:25:17.554219,San Francisco,84,19.849,36.084
2025-11-18 22:25:17.554219,San Francisco,85,22.549,57.138
2025-11-18 23:25:17.554219,San Francisco,86,16.892,60.746
2025-11-19 00:25:17.554219,San Francisco,95,7.98,26.829
2025-11-19 01:25:17.554219,San Francisco,94,30.455,42.209
2025-11-19 02:25:17.554219,San Francisco,99,5.921,27.2
2025-11-19 03:25:17.554219,San Francisco,100,31.494,41.916
2025-11-19 04:25:17.554219,San Francisco,162,12.177,42.707
2025-11-19 05:25:17.554219,San Francisco,98,11.747,35.348
2025-11-19 06:25:17.554219,San Francisco,143,19.491,76.719
2025-11-19 07:25:17.554219,San Francisco,94,37.99,43.453
2025-11-19 08:25:17.554219,San Francisco,110,22.388,55.827
2025-11-19 09:25:17.554219,San Francisco,132,22.493,84.481
2025-11-19 10:25:17.554219,San Francisco,118,37.861,59.483
2025-11-19 11:25:17.554219,San Francisco,110,21.268,80.926
2025-11-19 12:25:17.554219,San Francisco,101,11.578,65.252
2025-11-19 13:25:17.554219,San Francisco,99,12.301,64.271
2025-11-19 14:25:17.554219,San Francisco,111,16.253,47.619
2025-11-19 15:25:17.554219,San Francisco,74,8.037,38.097
2025-11-19 16:25:17.554219,San Francisco,93,15.947,50.152
2025-11-19 17:25:17.554219,San Francisco,69,27.688,52.027
2025-11-04 18:25:17.554219,Chicago,103,28.419,81.709
2025-11-04 19:25:17.554219,Chicago,123,36.065,75.257
2025-11-04 20:25:17.554219,Chicago,121,21.461,52.613
2025-11-04 21:25:17.554219,Chicago,83,15.34,57.067
2025-11-04 22:25:17.554219,Chicago,88,32.772,89.198
2025-11-04 23:25:17.554219,Chicago,90,12.235,89.599
2025-11-05 00:25:17.554219,Chicago,126,37.413,58.82
2025-11-05 01:25:17.554219,Chicago,174,25.633,58.033
2025-11-05 02:25:17.554219,Chicago,60,36.708,26.416
2025-11-05 03:25:17.554219,Chicago,98,12.728,64.802
2025-11-05 04:25:17.554219,Chicago,79,5.797,41.366
2025-11-05 05:25:17.554219,Chicago,152,16.87,54.209
2025-11-05 06:25:17.554219,Chicago,109,23.134,44.319
2025-11-05 07:25:17.554219,Chicago,54,28.038,39.079
2025-11-05 08:25:17.554219,Chicago,104,37.38,78.645
2025-11-05 09:25:17.554219,Chicago,77,7.212,78.719
2025-11-05 10:25:17.554219,Chicago,58,32.904,54.741
2025-11-05 11:25:17.554219,Chicago,95,30.908,47.672
2025-11-05 12:25:17.554219,Chicago,100,36.33,63.801
2025-11-05 13:25:17.554219,Chicago,119,31.396,89.685
2025-11-05 14:25:17.554219,Chicago,56,34.74,52.245
2025-11-05 15:25:17.554219,Chicago,67,9.609,38.718
2025-11-05 16:25:17.554219,Chicago,100,15.553,47.92
2025-11-05 17:25:17.554219,Chicago,105,23.669,27.898
2025-11-05 18:25:17.554219,Chicago,89,12.17,87.098
2025-11-05 19:25:17.554219,Chicago,43,36.31,74.486
2025-11-05 20:25:17.554219,Chicago,103,14.183,82.287
2025-11-05 21:25:17.554219,Chicago,69,18.536,58.202
2025-11-05 22:25:17.554219,Chicago,111,7.632,46.464
2025-11-05 23:25:17.554219,Chicago,77,35.88,75.591
2025-11-06 00:25:17.554219,Chicago,93,23.674,62.977
2025-11-06 01:25:17.554219,Chicago,81,35.134,28.902
2025-11-06 02:25:17.554219,Chicago,113,27.801,47.966
2025-11-06 03:25:17.554219,Chicago,93,15.826,89.353
2025-11-06 04:25:17.554219,Chicago,112,12.097,72.619
2025-11-06 05:25:17.554219,Chicago,98,37.87,57.927
2025-11-06 06:25:17.554219,Chicago,85,17.789,55.522
2025-11-06 07:25:17.554219,Chicago,104,21.998,58.996
2025-11-06 08:25:17.554219,Chicago,86,28.483,69.19
2025-11-06 09:25:17.554219,Chicago,135,6.426,48.976
2025-11-06 10:25:17.554219,Chicago,116,27.796,65.417
2025-11-06 11:25:17.554219,Chicago,103,18.05,70.419
2025-11-06 12:25:17.554219,Chicago,88,7.597,70.064
2025-11-06 13:25:17.554219,Chicago,102,25.16,37.867
2025-11-06 14:25:17.554219,Chicago,119,32.25,70.219
2025-11-06 15:25:17.554219,Chicago,122,34.026,58.197
2025-11-06 16:25:17.554219,Chicago,78,14.131,62.505
2025-11-06 17:25:17.554219,Chicago,91,35.782,47.358
2025-11-06 18:25:17.554219,Chicago,96,11.985,29.918
2025-11-06 19:25:17.554219,Chicago,139,12.04,40.899
2025-11-06 20:25:17.554219,Chicago,179,12.963,70.063
2025-11-06 21:25:17.554219,Chicago,99,31.713,57.399
2025-11-06 22:25:17.554219,Chicago,79,35.209,71.236
2025-11-06 23:25:17.554219,Chicago,76,22.806,36.996
2025-11-07 00:25:17.554219,Chicago,163,16.601,72.542
2025-11-07 01:25:17.554219,Chicago,174,10.387,37.38
2025-11-07 02:25:17.554219,Chicago,117,27.799,28.118
2025-11-07 03:25:17.554219,Chicago,79,30.879,38.308
2025-11-07 04:25:17.554219,Chicago,115,14.419,32.337
2025-11-07 05:25:17.554219,Chicago,109,20.454,60.231
2025-11-07 06:25:17.554219,Chicago,88,15.808,72.836
2025-11-07 07:25:17.554219,Chicago,99,36.527,50.415
2025-11-07 08:25:17.554219,Chicago,101,19.062,67.713
2025-11-07 09:25:17.554219,Chicago,36,14.381,55.736
2025-11-07 10:25:17.554219,Chicago,117,28.411,37.732
2025-11-07 11:25:17.554219,Chicago,104,36.99,40.441
2025-11-07 12:25:17.554219,Chicago,87,34.86,50.267
2025-11-07 13:25:17.554219,Chicago,98,6.827,44.777
2025-11-07 14:25:17.554219,Chicago,59,16.976,76.165
2025-11-07 15:25:17.554219,Chicago,133,34.943,57.702
2025-11-07 16:25:17.554219,Chicago,123,20.806,37.978
2025-11-07 17:25:17.554219,Chicago,69,24.365,76.26
2025-11-07 18:25:17.554219,Chicago,81,14.853,43.757
2025-11-07 19:25:17.554219,Chicago,113,14.824,86.547
2025-11-07 20:25:17.554219,Chicago,116,13.466,83.759
2025-11-07 21:25:17.554219,Chicago,154,22.738,34.65
2025-11-07 22:25:17.554219,Chicago,138,14.043,54.513
2025-11-07 23:25:17.554219,Chicago,107,20.211,48.987
2025-11-08 00:25:17.554219,Chicago,106,19.296,88.271
2025-11-08 01:25:17.554219,Chicago,56,36.08,59.724
2025-11-08 02:25:17.554219,Chicago,92,35.192,56.409
2025-11-08 03:25:17.554219,Chicago,105,7.358,78.645
2025-11-08 04:25:17.554219,Chicago,130,25.416,54.779
2025-11-08 05:25:17.554219,Chicago,88,28.451,32.473
2025-11-08 06:25:17.554219,Chicago,96,19.317,35.697
2025-11-08 07:25:17.554219,Chicago,152,29.169,50.444
2025-11-08 08:25:17.554219,Chicago,72,36.931,29.993
2025-11-08 09:25:17.554219,Chicago,85,20.472,26.681
2025-11-08 10:25:17.554219,Chicago,99,12.627,65.345
2025-11-08 11:25:17.554219,Chicago,105,21.98,61.88
2025-11-08 12:25:17.554219,Chicago,100,31.755,46.067
2025-11-08 13:25:17.554219,Chicago,92,7.875,32.025
2025-11-08 14:25:17.554219,Chicago,97,28.19,82.05
2025-11-08 15:25:17.554219,Chicago,133,10.621,28.573
2025-11-08 16:25:17.554219,Chicago,100,17.058,82.936
2025-11-08 17:25:17.554219,Chicago,129,13.972,63.602
2025-11-08 18:25:17.554219,Chicago,130,8.277,26.374
2025-11-08 19:25:17.554219,Chicago,137,36.064,78.361
2025-11-08 20:25:17.554219,Chicago,156,37.743,55.745
2025-11-08 21:25:17.554219,Chicago,108,17.912,29.878
2025-11-08 22:25:17.554219,Chicago,96,21.672,29.164
2025-11-08 23:25:17.554219,Chicago,100,18.953,88.05
2025-11-09 00:25:17.554219,Chicago,133,17.614,71.443
2025-11-09 01:25:17.554219,Chicago,93,16.535,32.525
2025-11-09 02:25:17.554219,Chicago,100,24.136,50.295
2025-11-09 03:25:17.554219,Chicago,129,27.912,37.041
2025-11-09 04:25:17.554219,Chicago,89,12.854,27.538
2025-11-09 05:25:17.554219,Chicago,86,32.185,50.784
2025-11-09 06:25:17.554219,Chicago,108,14.295,61.844
2025-11-09 07:25:17.554219,Chicago,141,30.219,57.607
2025-11-09 08:25:17.554219,Chicago,153,26.382,35.188
2025-11-09 09:25:17.554219,Chicago,48,21.114,84.832
2025-11-09 10:25:17.554219,Chicago,92,12.405,86.41
2025-11-09 11:25:17.554219,Chicago,105,15.674,51.836
2025-11-09 12:25:17.554219,Chicago,88,23.297,53.519
2025-11-09 13:25:17.554219,Chicago,99,9.428,86.558
2025-11-09 14:25:17.554219,Chicago,166,12.672,45.053
2025-11-09 15:25:17.554219,Chicago,102,9.368,57.713
2025-11-09 16:25:17.554219,Chicago,138,26.628,45.736
2025-11-09 17:25:17.554219,Chicago,76,14.113,89.842
2025-11-09 18:25:17.554219,Chicago,87,26.873,66.161
2025-11-09 19:25:17.554219,Chicago,93,8.499,41.467
2025-11-09 20:25:17.554219,Chicago,78,33.405,69.531
2025-11-09 21:25:17.554219,Chicago,69,6.042,54.15
2025-11-09 22:25:17.554219,Chicago,109,18.521,57.379
2025-11-09 23:25:17.554219,Chicago,131,22.297,41.591
2025-11-10 00:25:17.554219,Chicago,148,11.619,66.5
2025-11-10 01:25:17.554219,Chicago,88,17.508,51.431
2025-11-10 02:25:17.554219,Chicago,100,36.998,27.532
2025-11-10 03:25:17.554219,Chicago,141,18.644,65.963
2025-11-10 04:25:17.554219,Chicago,135,31.547,67.605
2025-11-10 05:25:17.554219,Chicago,97,9.885,81.211
2025-11-10 06:25:17.554219,Chicago,58,17.837,33.569
2025-11-10 07:25:17.554219,Chicago,131,9.17,41.026
2025-11-10 08:25:17.554219,Chicago,148,37.108,52.338
2025-11-10 09:25:17.554219,Chicago,77,24.033,48.141
2025-11-10 10:25:17.554219,Chicago,101,24.692,51.849
2025-11-10 11:25:17.554219,Chicago,111,27.188,38.166
2025-11-10 12:25:17.554219,Chicago,65,35.655,89.066
2025-11-10 13:25:17.554219,Chicago,130,32.005,48.861
2025-11-10 14:25:17.554219,Chicago,130,33.173,77.852
2025-11-10 15:25:17.554219,Chicago,159,23.086,48.473
2025-11-10 16:25:17.554219,Chicago,143,27.27,62.474
2025-11-10 17:25:17.554219,Chicago,148,13.773,75.123
2025-11-10 18:25:17.554219,Chicago,98,27.056,50.383
2025-11-10 19:25:17.554219,Chicago,114,34.916,40.294
2025-11-10 20:25:17.554219,Chicago,105,12.905,33.319
2025-11-10 21:25:17.554219,Chicago,90,33.116,87.951
2025-11-10 22:25:17.554219,Chicago,100,28.494,40.616
2025-11-10 23:25:17.554219,Chicago,129,33.583,66.383
2025-11-11 00:25:17.554219,Chicago,124,12.086,35.925
2025-11-11 01:25:17.554219,Chicago,99,14.075,61.881
2025-11-11 02:25:17.554219,Chicago,90,24.784,52.961
2025-11-11 03:25:17.554219,Chicago,88,25.507,73.958
2025-11-11 04:25:17.554219,Chicago,108,28.251,87.448
2025-11-11 05:25:17.554219,Chicago,87,23.643,62.998
2025-11-11 06:25:17.554219,Chicago,93,21.588,85.249
2025-11-11 07:25:17.554219,Chicago,134,27.319,25.575
2025-11-11 08:25:17.554219,Chicago,100,32.258,79.649
2025-11-11 09:25:17.554219,Chicago,71,16.485,72.653
2025-11-11 10:25:17.554219,Chicago,111,22.489,47.562
2025-11-11 11:25:17.554219,Chicago,102,5.004,26.307
2025-11-11 12:25:17.554219,Chicago,119,17.326,57.78
2025-11-11 13:25:17.554219,Chicago,121,14.772,67.616
2025-11-11 14:25:17.554219,Chicago,112,20.817,50.011
2025-11-11 15:25:17.554219,Chicago,122,24.465,74.579
2025-11-11 16:25:17.554219,Chicago,92,16.131,73.315
2025-11-11 17:25:17.554219,Chicago,95,6.686,29.881
2025-11-11 18:25:17.554219,Chicago,119,8.754,41.271
2025-11-11 19:25:17.554219,Chicago,109,7.204,55.045
2025-11-11 20:25:17.554219,Chicago,104,9.961,65.475
2025-11-11 21:25:17.554219,Chicago,105,21.306,43.3
2025-11-11 22:25:17.554219,Chicago,96,19.283,73.802
2025-11-11 23:25:17.554219,Chicago,123,5.441,35.314
2025-11-12 00:25:17.554219,Chicago,79,7.476,46.884
2025-11-12 01:25:17.554219,Chicago,50,32.218,59.28
2025-11-12 02:25:17.554219,Chicago,99,32.438,69.342
2025-11-12 03:25:17.554219,Chicago,83,37.239,74.157
2025-11-12 04:25:17.554219,Chicago,72,12.872,80.052
2025-11-12 05:25:17.554219,Chicago,86,32.196,31.421
2025-11-12 06:25:17.554219,Chicago,144,37.525,52.772
2025-11-12 07:25:17.554219,Chicago,128,11.597,29.947
2025-11-12 08:25:17.554219,Chicago,136,18.337,41.566
2025-11-12 09:25:17.554219,Chicago,102,7.473,70.605
2025-11-12 10:25:17.554219,Chicago,135,13.27,71.067
2025-11-12 11:25:17.554219,Chicago,105,31.083,68.397
2025-11-12 12:25:17.554219,Chicago,115,5.666,65.232
2025-11-12 13:25:17.554219,Chicago,103,18.138,27.474
2025-11-12 14:25:17.554219,Chicago,76,12.424,56.375
2025-11-12 15:25:17.554219,Chicago,71,28.951,77.893
2025-11-12 16:25:17.554219,Chicago,80,8.185,66.946
2025-11-12 17:25:17.554219,Chicago,103,13.308,79.303
2025-11-12 18:25:17.554219,Chicago,101,14.407,26.4
2025-11-12 19:25:17.554219,Chicago,91,35.15,67.674
2025-11-12 20:25:17.554219,Chicago,148,10.738,60.46
2025-11-12 21:25:17.554219,Chicago,137,32.414,80.165
2025-11-12 22:25:17.554219,Chicago,137,37.942,40.506
2025-11-12 23:25:17.554219,Chicago,137,25.274,27.4
2025-11-13 00:25:17.554219,Chicago,82,5.573,57.255
2025-11-13 01:25:17.554219,Chicago,95,29.059,48.994
2025-11-13 02:25:17.554219,Chicago,101,35.257,62.614
2025-11-13 03:25:17.554219,Chicago,142,26.678,36.759
2025-11-13 04:25:17.554219,Chicago,139,27.134,86.694
2025-11-13 05:25:17.554219,Chicago,61,26.334,34.223
2025-11-13 06:25:17.554219,Chicago,94,20.562,44.597
2025-11-13 07:25:17.554219,Chicago,102,8.424,58.51
2025-11-13 08:25:17.554219,Chicago,124,16.297,49.848
2025-11-13 09:25:17.554219,Chicago,131,36.914,85.806
2025-11-13 10:25:17.554219,Chicago,131,21.639,61.866
2025-11-13 11:25:17.554219,Chicago,110,7.379,31.27
2025-11-13 12:25:17.554219,Chicago,118,23.449,70.349
2025-11-13 13:25:17.554219,Chicago,98,27.01,28.004
2025-11-13 14:25:17.554219,Chicago,104,6.609,74.269
2025-11-13 15:25:17.554219,Chicago,113,33.213,34.197
2025-11-13 16:25:17.554219,Chicago,109,17.499,68.701
2025-11-13 17:25:17.554219,Chicago,125,32.064,72.706
2025-11-13 18:25:17.554219,Chicago,156,14.89,43.564
2025-11-13 19:25:17.554219,Chicago,90,8.027,67.596
2025-11-13 20:25:17.554219,Chicago,94,33.815,41.321
2025-11-13 21:25:17.554219,Chicago,91,23.371,56.409
2025-11-13 22:25:17.554219,Chicago,103,24.6,36.531
2025-11-13 23:25:17.554219,Chicago,56,12.469,71.917
2025-11-14 00:25:17.554219,Chicago,137,31.843,58.09
2025-11-14 01:25:17.554219,Chicago,84,12.138,51.288
2025-11-14 02:25:17.554219,Chicago,92,35.256,41.827
2025-11-14 03:25:17.554219,Chicago,102,9.551,59.54
2025-11-14 04:25:17.554219,Chicago,107,7.767,43.544
2025-11-14 05:25:17.554219,Chicago,138,32.735,72.767
2025-11-14 06:25:17.554219,Chicago,109,30.245,55.046
2025-11-14 07:25:17.554219,Chicago,137,34.573,81.519
2025-11-14 08:25:17.554219,Chicago,88,34.109,71.069
2025-11-14 09:25:17.554219,Chicago,86,37.785,83.294
2025-11-14 10:25:17.554219,Chicago,99,26.24,29.164
2025-11-14 11:25:17.554219,Chicago,119,26.569,48.67
2025-11-14 12:25:17.554219,Chicago,92,33.735,69.423
2025-11-14 13:25:17.554219,Chicago,132,20.441,70.836
2025-11-14 14:25:17.554219,Chicago,107,21.658,73.387
2025-11-14 15:25:17.554219,Chicago,137,16.762,71.765
2025-11-14 16:25:17.554219,Chicago,98,8.773,48.171
2025-11-14 17:25:17.554219,Chicago,105,28.648,46.979
2025-11-14 18:25:17.554219,Chicago,174,18.852,65.332
2025-11-14 19:25:17.554219,Chicago,98,34.591,89.796
2025-11-14 20:25:17.554219,Chicago,151,5.938,73.66
2025-11-14 21:25:17.554219,Chicago,100,14.152,72.968
2025-11-14 22:25:17.554219,Chicago,87,11.445,71.015
2025-11-14 23:25:17.554219,Chicago,87,7.608,44.583
2025-11-15 00:25:17.554219,Chicago,123,15.331,43.447
2025-11-15 01:25:17.554219,Chicago,70,25.671,86.731
2025-11-15 02:25:17.554219,Chicago,97,15.71,35.577
2025-11-15 03:25:17.554219,Chicago,96,31.655,72.819
2025-11-15 04:25:17.554219,Chicago,132,33.397,35.891
2025-11-15 05:25:17.554219,Chicago,101,8.107,38.799
2025-11-15 06:25:17.554219,Chicago,104,26.181,52.073
2025-11-15 07:25:17.554219,Chicago,97,17.475,64.795
2025-11-15 08:25:17.554219,Chicago,63,17.284,72.503
2025-11-15 09:25:17.554219,Chicago,68,18.836,54.265
2025-11-15 10:25:17.554219,Chicago,117,27.764,70.068
2025-11-15 11:25:17.554219,Chicago,73,15.017,39.619
2025-11-15 12:25:17.554219,Chicago,148,29.752,29.916
2025-11-15 13:25:17.554219,Chicago,86,28.089,80.939
2025-11-15 14:25:17.554219,Chicago,84,36.072,83.263
2025-11-15 15:25:17.554219,Chicago,59,36.637,84.776
2025-11-15 16:25:17.554219,Chicago,112,30.683,25.878
2025-11-15 17:25:17.554219,Chicago,160,9.618,29.863
2025-11-15 18:25:17.554219,Chicago,113,18.088,38.351
2025-11-15 19:25:17.554219,Chicago,103,22.983,72.589
2025-11-15 20:25:17.554219,Chicago,76,25.847,75.068
2025-11-15 21:25:17.554219,Chicago,98,36.401,50.381
2025-11-15 22:25:17.554219,Chicago,51,8.959,37.384
2025-11-15 23:25:17.554219,Chicago,96,11.75,89.596
2025-11-16 00:25:17.554219,Chicago,81,23.756,80.792
2025-11-16 01:25:17.554219,Chicago,81,13.522,66.459
2025-11-16 02:25:17.554219,Chicago,91,33.154,59.548
2025-11-16 03:25:17.554219,Chicago,64,12.762,44.306
2025-11-16 04:25:17.554219,Chicago,81,8.887,77.798
2025-11-16 05:25:17.554219,Chicago,96,26.236,29.477
2025-11-16 06:25:17.554219,Chicago,83,26.666,66.741
2025-11-16 07:25:17.554219,Chicago,103,8.424,47.413
2025-11-16 08:25:17.554219,Chicago,60,30.733,56.132
2025-11-16 09:25:17.554219,Chicago,85,31.468,65.139
2025-11-16 10:25:17.554219,Chicago,91,36.353,38.051
2025-11-16 11:25:17.554219,Chicago,97,16.185,75.573
2025-11-16 12:25:17.554219,Chicago,117,8.637,83.443
2025-11-16 13:25:17.554219,Chicago,119,14.578,32.054
2025-11-16 14:25:17.554219,Chicago,107,32.71,73.694
2025-11-16 15:25:17.554219,Chicago,67,26.456,57.328
2025-11-16 16:25:17.554219,Chicago,111,10.684,27.064
2025-11-16 17:25:17.554219,Chicago,136,35.226,49.736
2025-11-16 18:25:17.554219,Chicago,82,32.943,62.541
2025-11-16 19:25:17.554219,Chicago,122,6.135,49.712
2025-11-16 20:25:17.554219,Chicago,85,33.793,59.761
2025-11-16 21:25:17.554219,Chicago,102,33.759,83.542
2025-11-16 22:25:17.554219,Chicago,175,24.634,50.211
2025-11-16 23:25:17.554219,Chicago,63,9.124,71.053
2025-11-17 00:25:17.554219,Chicago,106,26.713,57.223
2025-11-17 01:25:17.554219,Chicago,127,22.339,75.404
2025-11-17 02:25:17.554219,Chicago,67,21.379,26.855
2025-11-17 03:25:17.554219,Chicago,106,6.516,31.298
2025-11-17 04:25:17.554219,Chicago,128,23.759,27.681
2025-11-17 05:25:17.554219,Chicago,85,32.239,63.325
2025-11-17 06:25:17.554219,Chicago,71,21.276,37.533
2025-11-17 07:25:17.554219,Chicago,101,34.868,28.913
2025-11-17 08:25:17.554219,Chicago,186,23.81,67.106
2025-11-17 09:25:17.554219,Chicago,110,22.865,88.224
2025-11-17 10:25:17.554219,Chicago,149,34.757,30.963
2025-11-17 11:25:17.554219,Chicago,144,6.679,64.583
2025-11-17 12:25:17.554219,Chicago,134,6.075,53.073
2025-11-17 13:25:17.554219,Chicago,83,9.319,72.062
2025-11-17 14:25:17.554219,Chicago,138,7.596,81.927
2025-11-17 15:25:17.554219,Chicago,95,31.881,60.875
2025-11-17 16:25:17.554219,Chicago,160,13.265,46.241
2025-11-17 17:25:17.554219,Chicago,61,28.783,71.599
2025-11-17 18:25:17.554219,Chicago,144,34.549,64.05
2025-11-17 19:25:17.554219,Chicago,102,32.939,38.402
2025-11-17 20:25:17.554219,Chicago,109,37.082,85.367
2025-11-17 21:25:17.554219,Chicago,75,35.22,55.451
2025-11-17 22:25:17.554219,Chicago,71,11.233,34.262
2025-11-17 23:25:17.554219,Chicago,77,18.65,71.04
2025-11-18 00:25:17.554219,Chicago,97,13.29,37.221
2025-11-18 01:25:17.554219,Chicago,81,15.31,48.372
2025-11-18 02:25:17.554219,Chicago,110,37.339,34.018
2025-11-18 03:25:17.554219,Chicago,108,9.668,60.072
2025-11-18 04:25:17.554219,Chicago,154,16.387,72.535
2025-11-18 05:25:17.554219,Chicago,94,9.052,74.258
2025-11-18 06:25:17.554219,Chicago,83,22.631,81.028
2025-11-18 07:25:17.554219,Chicago,108,33.021,32.432
2025-11-18 08:25:17.554219,Chicago,138,30.078,35.584
2025-11-18 09:25:17.554219,Chicago,107,13.825,47.896
2025-11-18 10:25:17.554219,Chicago,158,37.77,71.734
2025-11-18 11:25:17.554219,Chicago,110,8.3,33.801
2025-11-18 12:25:17.554219,Chicago,113,18.93,63.252
2025-11-18 13:25:17.554219,Chicago,118,8.028,73.679
2025-11-18 14:25:17.554219,Chicago,108,30.643,35.536
2025-11-18 15:25:17.554219,Chicago,106,23.612,51.849
2025-11-18 16:25:17.554219,Chicago,85,16.292,69.537
2025-11-18 17:25:17.554219,Chicago,75,33.108,46.646
2025-11-18 18:25:17.554219,Chicago,60,37.348,41.289
2025-11-18 19:25:17.554219,Chicago,109,17.065,34.635
2025-11-18 20:25:17.554219,Chicago,149,7.966,44.974
2025-11-18 21:25:17.554219,Chicago,92,31.527,41.72
2025-11-18 22:25:17.554219,Chicago,82,6.405,73.157
2025-11-18 23:25:17.554219,Chicago,109,22.346,52.01
2025-11-19 00:25:17.554219,Chicago,153,28.201,41.281
2025-11-19 01:25:17.554219,Chicago,72,12.246,53.736
2025-11-19 02:25:17.554219,Chicago,112,22.167,77.587
2025-11-19 03:25:17.554219,Chicago,77,32.931,80.671
2025-11-19 04:25:17.554219,Chicago,91,5.389,40.001
2025-11-19 05:25:17.554219,Chicago,106,22.126,28.503
2025-11-19 06:25:17.554219,Chicago,161,25.079,33.388
2025-11-19 07:25:17.554219,Chicago,100,32.898,45.531
2025-11-19 08:25:17.554219,Chicago,80,9.823,26.565
2025-11-19 09:25:17.554219,Chicago,88,8.442,32.297
2025-11-19 10:25:17.554219,Chicago,113,37.033,63.877
2025-11-19 11:25:17.554219,Chicago,113,20.722,68.207
2025-11-19 12:25:17.554219,Chicago,83,12.217,61.437
2025-11-19 13:25:17.554219,Chicago,138,21.47,80.454
2025-11-19 14:25:17.554219,Chicago,108,29.653,29.015
2025-11-19 15:25:17.554219,Chicago,102,15.044,80.134
2025-11-19 16:25:17.554219,Chicago,129,31.755,61.001
2025-11-19 17:25:17.554219,Chicago,95,20.552,78.629
2025-11-04 18:25:17.554219,Houston,83,35.473,28.658
2025-11-04 19:25:17.554219,Houston,174,5.472,80.453
2025-11-04 20:25:17.554219,Houston,85,19.487,73.981
2025-11-04 21:25:17.554219,Houston,62,13.394,51.315
2025-11-04 22:25:17.554219,Houston,116,17.729,51.327
2025-11-04 23:25:17.554219,Houston,118,22.365,50.643
2025-11-05 00:25:17.554219,Houston,69,5.849,67.15
2025-11-05 01:25:17.554219,Houston,131,22.53,50.726
2025-11-05 02:25:17.554219,Houston,143,14.835,65.023
2025-11-05 03:25:17.554219,Houston,74,31.841,61.233
2025-11-05 04:25:17.554219,Houston,71,35.9,43.41
2025-11-05 05:25:17.554219,Houston,140,22.369,53.421
2025-11-05 06:25:17.554219,Houston,150,27.904,35.582
2025-11-05 07:25:17.554219,Houston,112,13.376,86.491
2025-11-05 08:25:17.554219,Houston,86,19.433,48.896
2025-11-05 09:25:17.554219,Houston,89,28.307,45.296
2025-11-05 10:25:17.554219,Houston,107,10.023,63.022
2025-11-05 11:25:17.554219,Houston,78,20.603,34.505
2025-11-05 12:25:17.554219,Houston,93,25.878,66.945
2025-11-05 13:25:17.554219,Houston,66,15.987,65.776
2025-11-05 14:25:17.554219,Houston,116,37.988,78.111
2025-11-05 15:25:17.554219,Houston,121,10.993,71.944
2025-11-05 16:25:17.554219,Houston,69,5.824,56.931
2025-11-05 17:25:17.554219,Houston,122,7.409,82.27
2025-11-05 18:25:17.554219,Houston,126,28.884,77.309
2025-11-05 19:25:17.554219,Houston,150,22.611,27.313
2025-11-05 20:25:17.554219,Houston,122,31.595,50.223
2025-11-05 21:25:17.554219,Houston,95,18.141,26.314
2025-11-05 22:25:17.554219,Houston,110,29.506,30.875
2025-11-05 23:25:17.554219,Houston,107,12.107,89.007
2025-11-06 00:25:17.554219,Houston,119,13.209,74.807
2025-11-06 01:25:17.554219,Houston,78,29.518,41.223
2025-11-06 02:25:17.554219,Houston,117,36.516,33.355
2025-11-06 03:25:17.554219,Houston,51,18.715,29.011
2025-11-06 04:25:17.554219,Houston,106,14.359,41.741
2025-11-06 05:25:17.554219,Houston,135,19.702,38.711
2025-11-06 06:25:17.554219,Houston,118,34.931,79.522
2025-11-06 07:25:17.554219,Houston,96,11.61,38.847
2025-11-06 08:25:17.554219,Houston,88,8.515,46.771
2025-11-06 09:25:17.554219,Houston,122,26.697,55.344
2025-11-06 10:25:17.554219,Houston,89,21.492,72.639
2025-11-06 11:25:17.554219,Houston,81,17.459,63.427
2025-11-06 12:25:17.554219,Houston,94,14.416,54.261
2025-11-06 13:25:17.554219,Houston,121,31.069,70.31
2025-11-06 14:25:17.554219,Houston,98,6.559,77.851
2025-11-06 15:25:17.554219,Houston,112,14.532,74.071
2025-11-06 16:25:17.554219,Houston,139,7.012,45.129
2025-11-06 17:25:17.554219,Houston,59,16.606,52.01
2025-11-06 18:25:17.554219,Houston,93,11.588,36.383
2025-11-06 19:25:17.554219,Houston,125,35.529,35.602
2025-11-06 20:25:17.554219,Houston,100,30.564,77.965
2025-11-06 21:25:17.554219,Houston,98,25.624,53.746
2025-11-06 22:25:17.554219,Houston,113,9.707,35.88
2025-11-06 23:25:17.554219,Houston,117,7.397,89.583
2025-11-07 00:25:17.554219,Houston,129,31.736,39.104
2025-11-07 01:25:17.554219,Houston,103,19.519,29.904
2025-11-07 02:25:17.554219,Houston,116,8.745,39.622
2025-11-07 03:25:17.554219,Houston,83,34.062,57.072
2025-11-07 04:25:17.554219,Houston,103,31.006,46.042
2025-11-07 05:25:17.554219,Houston,102,6.622,61.358
2025-11-07 06:25:17.554219,Houston,89,25.019,74.454
2025-11-07 07:25:17.554219,Houston,84,14.519,50.646
2025-11-07 08:25:17.554219,Houston,128,5.786,26.573
2025-11-07 09:25:17.554219,Houston,72,24.95,47.613
2025-11-07 10:25:17.554219,Houston,84,5.059,71.601
2025-11-07 11:25:17.554219,Houston,96,10.566,64.352
2025-11-07 12:25:17.554219,Houston,122,11.99,59.254
2025-11-07 13:25:17.554219,Houston,108,27.635,43.645
2025-11-07 14:25:17.554219,Houston,109,22.192,78.142
2025-11-07 15:25:17.554219,Houston,113,9.262,29.401
2025-11-07 16:25:17.554219,Houston,111,35.416,55.44
2025-11-07 17:25:17.554219,Houston,88,37.953,85.416
2025-11-07 18:25:17.554219,Houston,124,15.597,69.356
2025-11-07 19:25:17.554219,Houston,123,32.555,48.648
2025-11-07 20:25:17.554219,Houston,104,18.312,26.258
2025-11-07 21:25:17.554219,Houston,73,23.546,79.715
2025-11-07 22:25:17.554219,Houston,87,14.589,67.166
2025-11-07 23:25:17.554219,Houston,92,21.601,48.053
2025-11-08 00:25:17.554219,Houston,105,7.457,56.379
2025-11-08 01:25:17.554219,Houston,135,18.643,44.683
2025-11-08 02:25:17.554219,Houston,110,16,42.237
2025-11-08 03:25:17.554219,Houston,116,7.936,66.965
2025-11-08 04:25:17.554219,Houston,137,36.192,84.702
2025-11-08 05:25:17.554219,Houston,86,25.712,43.893
2025-11-08 06:25:17.554219,Houston,120,20.892,66.142
2025-11-08 07:25:17.554219,Houston,98,31.031,52.398
2025-11-08 08:25:17.554219,Houston,87,6.872,44.231
2025-11-08 09:25:17.554219,Houston,112,20.63,83.35
2025-11-08 10:25:17.554219,Houston,104,29.122,31.534
2025-11-08 11:25:17.554219,Houston,118,15.905,61.871
2025-11-08 12:25:17.554219,Houston,102,37.296,77.934
2025-11-08 13:25:17.554219,Houston,87,22.453,81.232
2025-11-08 14:25:17.554219,Houston,101,31.677,78.796
2025-11-08 15:25:17.554219,Houston,106,19.06,79.147
2025-11-08 16:25:17.554219,Houston,92,18.713,67.904
2025-11-08 17:25:17.554219,Houston,91,13.414,63.288
2025-11-08 18:25:17.554219,Houston,97,6.623,52.248
2025-11-08 19:25:17.554219,Houston,116,32.853,83.716
2025-11-08 20:25:17.554219,Houston,95,22.95,45.925
2025-11-08 21:25:17.554219,Houston,112,23.437,33.436
2025-11-08 22:25:17.554219,Houston,120,31.838,35.157
2025-11-08 23:25:17.554219,Houston,117,26.199,56.487
2025-11-09 00:25:17.554219,Houston,78,17.217,89.707
2025-11-09 01:25:17.554219,Houston,148,32.69,66.067
2025-11-09 02:25:17.554219,Houston,102,27.395,72.494
2025-11-09 03:25:17.554219,Houston,110,23.256,69.654
2025-11-09 04:25:17.554219,Houston,97,28.369,52.535
2025-11-09 05:25:17.554219,Houston,107,36.105,74.187
2025-11-09 06:25:17.554219,Houston,68,27.234,67.836
2025-11-09 07:25:17.554219,Houston,57,11.387,85.743
2025-11-09 08:25:17.554219,Houston,122,22.555,46.966
2025-11-09 09:25:17.554219,Houston,95,27.372,75.485
2025-11-09 10:25:17.554219,Houston,107,19.336,88.758
2025-11-09 11:25:17.554219,Houston,130,8.308,63.058
2025-11-09 12:25:17.554219,Houston,102,29.487,73.713
2025-11-09 13:25:17.554219,Houston,119,22.343,67.435
2025-11-09 14:25:17.554219,Houston,127,24.502,75.821
2025-11-09 15:25:17.554219,Houston,97,32.084,58.856
2025-11-09 16:25:17.554219,Houston,138,11.138,57.724
2025-11-09 17:25:17.554219,Houston,99,37.63,88.398
2025-11-09 18:25:17.554219,Houston,105,34.513,71.207
2025-11-09 19:25:17.554219,Houston,161,11.689,69.384
2025-11-09 20:25:17.554219,Houston,71,35.034,38.311
2025-11-09 21:25:17.554219,Houston,147,23.726,71.19
2025-11-09 22:25:17.554219,Houston,95,24.75,84.939
2025-11-09 23:25:17.554219,Houston,77,28.817,61.968
2025-11-10 00:25:17.554219,Houston,129,14.668,34.616
2025-11-10 01:25:17.554219,Houston,75,8.036,37.407
2025-11-10 02:25:17.554219,Houston,126,15.233,76.875
2025-11-10 03:25:17.554219,Houston,117,29.129,34.217
2025-11-10 04:25:17.554219,Houston,69,6.009,54.328
2025-11-10 05:25:17.554219,Houston,121,12.618,33.266
2025-11-10 06:25:17.554219,Houston,77,15.198,45.267
2025-11-10 07:25:17.554219,Houston,124,30.998,72.641
2025-11-10 08:25:17.554219,Houston,146,13.047,57.013
2025-11-10 09:25:17.554219,Houston,148,21.692,56.384
2025-11-10 10:25:17.554219,Houston,52,36.357,64.956
2025-11-10 11:25:17.554219,Houston,97,36.086,65.662
2025-11-10 12:25:17.554219,Houston,111,9.009,83.531
2025-11-10 13:25:17.554219,Houston,77,24.79,48.932
2025-11-10 14:25:17.554219,Houston,113,31.904,37.38
2025-11-10 15:25:17.554219,Houston,94,18.026,59.695
2025-11-10 16:25:17.554219,Houston,101,35.077,77.403
2025-11-10 17:25:17.554219,Houston,104,16.78,48.001
2025-11-10 18:25:17.554219,Houston,93,35.903,81.81
2025-11-10 19:25:17.554219,Houston,96,37.098,58.937
2025-11-10 20:25:17.554219,Houston,60,34.97,35.462
2025-11-10 21:25:17.554219,Houston,114,11.221,77.459
2025-11-10 22:25:17.554219,Houston,85,21.669,46.295
2025-11-10 23:25:17.554219,Houston,110,25.383,76.217
2025-11-11 00:25:17.554219,Houston,93,25.883,72.48
2025-11-11 01:25:17.554219,Houston,71,37.727,76.149
2025-11-11 02:25:17.554219,Houston,93,18.876,84.878
2025-11-11 03:25:17.554219,Houston,152,9.581,67.899
2025-11-11 04:25:17.554219,Houston,64,32.93,30.354
2025-11-11 05:25:17.554219,Houston,132,5.92,28.377
2025-11-11 06:25:17.554219,Houston,72,10.693,66.418
2025-11-11 07:25:17.554219,Houston,90,13.362,29.064
2025-11-11 08:25:17.554219,Houston,118,8.614,86.084
2025-11-11 09:25:17.554219,Houston,98,19.566,61.196
2025-11-11 10:25:17.554219,Houston,113,6.865,66.499
2025-11-11 11:25:17.554219,Houston,121,26.247,51.779
2025-11-11 12:25:17.554219,Houston,102,37.483,76.737
2025-11-11 13:25:17.554219,Houston,79,35.978,86.375
2025-11-11 14:25:17.554219,Houston,116,20.964,60.484
2025-11-11 15:25:17.554219,Houston,89,26.442,30.44
2025-11-11 16:25:17.554219,Houston,89,16.98,42.845
2025-11-11 17:25:17.554219,Houston,100,9.142,86.627
2025-11-11 18:25:17.554219,Houston,132,25.666,88.671
2025-11-11 19:25:17.554219,Houston,91,25.98,71.224
2025-11-11 20:25:17.554219,Houston,76,26.07,57.582
2025-11-11 21:25:17.554219,Houston,71,30.475,31.17
2025-11-11 22:25:17.554219,Houston,120,36.802,33.398
2025-11-11 23:25:17.554219,Houston,97,6.028,69.323
2025-11-12 00:25:17.554219,Houston,114,35.048,89.063
2025-11-12 01:25:17.554219,Houston,86,18.068,37.308
2025-11-12 02:25:17.554219,Houston,105,23.779,30.138
2025-11-12 03:25:17.554219,Houston,123,13.576,70.66
2025-11-12 04:25:17.554219,Houston,112,6.179,25.805
2025-11-12 05:25:17.554219,Houston,73,19.793,54.846
2025-11-12 06:25:17.554219,Houston,103,20.539,47.73
2025-11-12 07:25:17.554219,Houston,74,30.393,63.379
2025-11-12 08:25:17.554219,Houston,107,7.2,49.761
2025-11-12 09:25:17.554219,Houston,106,35.35,83.165
2025-11-12 10:25:17.554219,Houston,111,30.155,73.741
2025-11-12 11:25:17.554219,Houston,171,9.774,80.254
2025-11-12 12:25:17.554219,Houston,93,36.165,62.398
2025-11-12 13:25:17.554219,Houston,77,17.731,39.884
2025-11-12 14:25:17.554219,Houston,120,19.521,49.251
2025-11-12 15:25:17.554219,Houston,111,11.532,72.241
2025-11-12 16:25:17.554219,Houston,146,20.865,68.983
2025-11-12 17:25:17.554219,Houston,136,18.855,48.44
2025-11-12 18:25:17.554219,Houston,133,21.108,74.847
2025-11-12 19:25:17.554219,Houston,121,18.945,70.234
2025-11-12 20:25:17.554219,Houston,85,20.633,50.237
2025-11-12 21:25:17.554219,Houston,98,25.752,53.275
2025-11-12 22:25:17.554219,Houston,131,9.343,59.095
2025-11-12 23:25:17.554219,Houston,121,9.088,77.183
2025-11-13 00:25:17.554219,Houston,42,5.157,39.063
2025-11-13 01:25:17.554219,Houston,151,18.115,53.925
2025-11-13 02:25:17.554219,Houston,79,11.359,72.522
2025-11-13 03:25:17.554219,Houston,102,13.535,74.588
2025-11-13 04:25:17.554219,Houston,99,15.92,89.783
2025-11-13 05:25:17.554219,Houston,107,13.356,52.262
2025-11-13 06:25:17.554219,Houston,69,6.569,35.777
2025-11-13 07:25:17.554219,Houston,116,10.387,89.806
2025-11-13 08:25:17.554219,Houston,150,21.715,28.81
2025-11-13 09:25:17.554219,Houston,125,17.06,60.812
2025-11-13 10:25:17.554219,Houston,100,14.555,80.734
2025-11-13 11:25:17.554219,Houston,98,37.391,35.526
2025-11-13 12:25:17.554219,Houston,91,6.687,67.482
2025-11-13 13:25:17.554219,Houston,139,32.141,25.791
2025-11-13 14:25:17.554219,Houston,136,12.337,33.668
2025-11-13 15:25:17.554219,Houston,50,24.039,56.687
2025-11-13 16:25:17.554219,Houston,136,7.14,37.127
2025-11-13 17:25:17.554219,Houston,187,5.332,70.537
2025-11-13 18:25:17.554219,Houston,76,35.849,76.419
2025-11-13 19:25:17.554219,Houston,86,32.05,88.446
2025-11-13 20:25:17.554219,Houston,92,22.566,60.057
2025-11-13 21:25:17.554219,Houston,102,15.247,67.037
2025-11-13 22:25:17.554219,Houston,89,37.034,82.995
2025-11-13 23:25:17.554219,Houston,134,31.408,57.177
2025-11-14 00:25:17.554219,Houston,103,17.17,48.703
2025-11-14 01:25:17.554219,Houston,114,12.318,33.874
2025-11-14 02:25:17.554219,Houston,81,11.377,59.616
2025-11-14 03:25:17.554219,Houston,76,26.943,38.106
2025-11-14 04:25:17.554219,Houston,57,27.719,31.333
2025-11-14 05:25:17.554219,Houston,145,36.759,30.821
2025-11-14 06:25:17.554219,Houston,127,15.481,34.292
2025-11-14 07:25:17.554219,Houston,138,13.118,85.519
2025-11-14 08:25:17.554219,Houston,99,6.805,55.516
2025-11-14 09:25:17.554219,Houston,101,14.72,37.282
2025-11-14 10:25:17.554219,Houston,81,33.239,47.374
2025-11-14 11:25:17.554219,Houston,83,9.5,60.517
2025-11-14 12:25:17.554219,Houston,98,15.563,81.252
2025-11-14 13:25:17.554219,Houston,112,14.058,67.115
2025-11-14 14:25:17.554219,Houston,104,16.657,54.949
2025-11-14 15:25:17.554219,Houston,107,25.367,75.21
2025-11-14 16:25:17.554219,Houston,108,10.418,86.948
2025-11-14 17:25:17.554219,Houston,101,30.844,74.876
2025-11-14 18:25:17.554219,Houston,156,17.809,61.661
2025-11-14 19:25:17.554219,Houston,101,18.798,46.83
2025-11-14 20:25:17.554219,Houston,116,7.41,71.546
2025-11-14 21:25:17.554219,Houston,93,9.803,26.103
2025-11-14 22:25:17.554219,Houston,106,29.817,83.814
2025-11-14 23:25:17.554219,Houston,120,35.562,72.049
2025-11-15 00:25:17.554219,Houston,109,19.228,68.002
2025-11-15 01:25:17.554219,Houston,79,36.686,34.484
2025-11-15 02:25:17.554219,Houston,109,34.937,48.327
2025-11-15 03:25:17.554219,Houston,71,28.078,50.2
2025-11-15 04:25:17.554219,Houston,101,33.747,59.665
2025-11-15 05:25:17.554219,Houston,82,10.249,84.12
2025-11-15 06:25:17.554219,Houston,75,27.286,46.037
2025-11-15 07:25:17.554219,Houston,92,8.545,27.899
2025-11-15 08:25:17.554219,Houston,111,7.245,47.032
2025-11-15 09:25:17.554219,Houston,114,35.024,58.889
2025-11-15 10:25:17.554219,Houston,129,31.522,69.818
2025-11-15 11:25:17.554219,Houston,83,6.206,57.349
2025-11-15 12:25:17.554219,Houston,91,5.041,81.507
2025-11-15 13:25:17.554219,Houston,97,19.224,49.347
2025-11-15 14:25:17.554219,Houston,111,30.918,45.334
2025-11-15 15:25:17.554219,Houston,175,6.612,79.465
2025-11-15 16:25:17.554219,Houston,137,13.576,30.339
2025-11-15 17:25:17.554219,Houston,109,25.805,87.578
2025-11-15 18:25:17.554219,Houston,134,28.288,33.392
2025-11-15 19:25:17.554219,Houston,84,20.603,79.121
2025-11-15 20:25:17.554219,Houston,66,36.478,70.377
2025-11-15 21:25:17.554219,Houston,69,26.71,77.611
2025-11-15 22:25:17.554219,Houston,123,31.631,40.907
2025-11-15 23:25:17.554219,Houston,96,28.342,31.601
2025-11-16 00:25:17.554219,Houston,85,37.808,62.133
2025-11-16 01:25:17.554219,Houston,103,9.937,72.832
2025-11-16 02:25:17.554219,Houston,106,24.049,46.544
2025-11-16 03:25:17.554219,Houston,38,8.189,89.883
2025-11-16 04:25:17.554219,Houston,80,10.145,70.39
2025-11-16 05:25:17.554219,Houston,118,17.083,76.629
2025-11-16 06:25:17.554219,Houston,96,25.19,34.868
2025-11-16 07:25:17.554219,Houston,130,29.684,69.062
2025-11-16 08:25:17.554219,Houston,115,11.475,58.503
2025-11-16 09:25:17.554219,Houston,108,15.165,31.337
2025-11-16 10:25:17.554219,Houston,66,8.425,50.831
2025-11-16 11:25:17.554219,Houston,107,7.419,58.015
2025-11-16 12:25:17.554219,Houston,135,37.667,34.565
2025-11-16 13:25:17.554219,Houston,98,12.876,58.878
2025-11-16 14:25:17.554219,Houston,127,21.048,30.434
2025-11-16 15:25:17.554219,Houston,84,27.138,68.611
2025-11-16 16:25:17.554219,Houston,84,16.364,29.66
2025-11-16 17:25:17.554219,Houston,96,6.587,88.406
2025-11-16 18:25:17.554219,Houston,120,12.504,33.995
2025-11-16 19:25:17.554219,Houston,141,25.967,89.5
2025-11-16 20:25:17.554219,Houston,85,37.077,81.211
2025-11-16 21:25:17.554219,Houston,97,30.014,63.403
2025-11-16 22:25:17.554219,Houston,78,25.353,37.242
2025-11-16 23:25:17.554219,Houston,115,25.171,33.407
2025-11-17 00:25:17.554219,Houston,62,17.721,74.45
2025-11-17 01:25:17.554219,Houston,103,29.224,74.668
2025-11-17 02:25:17.554219,Houston,66,17.441,56.963
2025-11-17 03:25:17.554219,Houston,63,13.45,48.702
2025-11-17 04:25:17.554219,Houston,103,21.152,33.689
2025-11-17 05:25:17.554219,Houston,82,8.029,73.252
2025-11-17 06:25:17.554219,Houston,143,11.622,30.458
2025-11-17 07:25:17.554219,Houston,69,29.939,26.514
2025-11-17 08:25:17.554219,Houston,147,20.769,43.332
2025-11-17 09:25:17.554219,Houston,120,8.335,59.308
2025-11-17 10:25:17.554219,Houston,76,37.661,32.377
2025-11-17 11:25:17.554219,Houston,106,10.648,54.005
2025-11-17 12:25:17.554219,Houston,82,18.431,47.585
2025-11-17 13:25:17.554219,Houston,142,13.371,87.06
2025-11-17 14:25:17.554219,Houston,112,16.275,38.069
2025-11-17 15:25:17.554219,Houston,155,20.839,79.813
2025-11-17 16:25:17.554219,Houston,58,17.733,49.437
2025-11-17 17:25:17.554219,Houston,87,17.431,57.032
2025-11-17 18:25:17.554219,Houston,81,12.11,51.924
2025-11-17 19:25:17.554219,Houston,111,19.489,56.33
2025-11-17 20:25:17.554219,Houston,103,33.658,74.642
2025-11-17 21:25:17.554219,Houston,101,7.784,62.538
2025-11-17 22:25:17.554219,Houston,64,30.403,45.19
2025-11-17 23:25:17.554219,Houston,145,21.235,34.884
2025-11-18 00:25:17.554219,Houston,113,15.069,29.457
2025-11-18 01:25:17.554219,Houston,76,31.262,47.85
2025-11-18 02:25:17.554219,Houston,86,21.219,51.154
2025-11-18 03:25:17.554219,Houston,138,24.084,54.986
2025-11-18 04:25:17.554219,Houston,111,25.522,54.808
2025-11-18 05:25:17.554219,Houston,106,25.542,46.937
2025-11-18 06:25:17.554219,Houston,82,14.995,68.425
2025-11-18 07:25:17.554219,Houston,121,36.676,83.931
2025-11-18 08:25:17.554219,Houston,131,14.802,39.958
2025-11-18 09:25:17.554219,Houston,92,11.286,62.685
2025-11-18 10:25:17.554219,Houston,101,6.602,48.051
2025-11-18 11:25:17.554219,Houston,39,35.112,63.921
2025-11-18 12:25:17.554219,Houston,101,37.673,38.506
2025-11-18 13:25:17.554219,Houston,104,32.771,65.718
2025-11-18 14:25:17.554219,Houston,109,5.726,87.973
2025-11-18 15:25:17.554219,Houston,96,21.232,26.802
2025-11-18 16:25:17.554219,Houston,127,23.779,66.509
2025-11-18 17:25:17.554219,Houston,144,7.325,65.546
2025-11-18 18:25:17.554219,Houston,98,34.741,82.101
2025-11-18 19:25:17.554219,Houston,105,19.361,51.064
2025-11-18 20:25:17.554219,Houston,112,26.277,25.151
2025-11-18 21:25:17.554219,Houston,146,6.896,47.662
2025-11-18 22:25:17.554219,Houston,94,34.37,49.648
2025-11-18 23:25:17.554219,Houston,99,13.563,36.947
2025-11-19 00:25:17.554219,Houston,93,15.247,42.037
2025-11-19 01:25:17.554219,Houston,114,21.909,59.785
2025-11-19 02:25:17.554219,Houston,121,33.464,79.737
2025-11-19 03:25:17.554219,Houston,113,27.992,85.323
2025-11-19 04:25:17.554219,Houston,83,9.196,79.538
2025-11-19 05:25:17.554219,Houston,126,20.699,81.255
2025-11-19 06:25:17.554219,Houston,147,6.49,37.868
2025-11-19 07:25:17.554219,Houston,133,29.421,27.908
2025-11-19 08:25:17.554219,Houston,94,31.235,50.651
2025-11-19 09:25:17.554219,Houston,111,35.451,44.18
2025-11-19 10:25:17.554219,Houston,92,24.859,57.391
2025-11-19 11:25:17.554219,Houston,76,24.237,41.733
2025-11-19 12:25:17.554219,Houston,73,25.153,65.364
2025-11-19 13:25:17.554219,Houston,104,22.672,72.953
2025-11-19 14:25:17.554219,Houston,105,12.411,31.414
2025-11-19 15:25:17.554219,Houston,123,8.683,68.281
2025-11-19 16:25:17.554219,Houston,102,16.854,62.782
2025-11-19 17:25:17.554219,Houston,112,22.639,60.386
2025-11-04 18:25:17.554219,Vancouver,108,28.549,57.788
2025-11-04 19:25:17.554219,Vancouver,93,20.387,74.701
2025-11-04 20:25:17.554219,Vancouver,53,28.851,65.648
2025-11-04 21:25:17.554219,Vancouver,128,7.825,31.463
2025-11-04 22:25:17.554219,Vancouver,96,23.707,82.109
2025-11-04 23:25:17.554219,Vancouver,65,24.675,72.839
2025-11-05 00:25:17.554219,Vancouver,83,17.886,57.876
2025-11-05 01:25:17.554219,Vancouver,125,27.106,68.472
2025-11-05 02:25:17.554219,Vancouver,128,7.155,27.751
2025-11-05 03:25:17.554219,Vancouver,65,27.935,38.901
2025-11-05 04:25:17.554219,Vancouver,74,15.16,78.557
2025-11-05 05:25:17.554219,Vancouver,78,5.517,64.308
2025-11-05 06:25:17.554219,Vancouver,115,33.795,52.447
2025-11-05 07:25:17.554219,Vancouver,86,29.532,36.759
2025-11-05 08:25:17.554219,Vancouver,93,22.184,40.144
2025-11-05 09:25:17.554219,Vancouver,142,14.205,77.295
2025-11-05 10:25:17.554219,Vancouver,85,5.936,84.814
2025-11-05 11:25:17.554219,Vancouver,71,17.787,50.136
2025-11-05 12:25:17.554219,Vancouver,135,22.543,84.482
2025-11-05 13:25:17.554219,Vancouver,60,17.011,57.872
2025-11-05 14:25:17.554219,Vancouver,90,27.57,46.572
2025-11-05 15:25:17.554219,Vancouver,157,30.82,41.652
2025-11-05 16:25:17.554219,Vancouver,144,21.607,39.373
2025-11-05 17:25:17.554219,Vancouver,97,28.131,69.462
2025-11-05 18:25:17.554219,Vancouver,114,27.908,88.428
2025-11-05 19:25:17.554219,Vancouver,110,32.435,43.066
2025-11-05 20:25:17.554219,Vancouver,108,13.105,43.738
2025-11-05 21:25:17.554219,Vancouver,101,27.895,47.445
2025-11-05 22:25:17.554219,Vancouver,155,29.829,33.125
2025-11-05 23:25:17.554219,Vancouver,100,26.048,83.324
2025-11-06 00:25:17.554219,Vancouver,109,25.53,55.89
2025-11-06 01:25:17.554219,Vancouver,154,18.043,35.072
2025-11-06 02:25:17.554219,Vancouver,130,34.937,62.971
2025-11-06 03:25:17.554219,Vancouver,114,12.36,56.05
2025-11-06 04:25:17.554219,Vancouver,140,33.882,73.415
2025-11-06 05:25:17.554219,Vancouver,80,20.207,69.165
2025-11-06 06:25:17.554219,Vancouver,146,6.367,61.069
2025-11-06 07:25:17.554219,Vancouver,83,5.094,33.676
2025-11-06 08:25:17.554219,Vancouver,86,32.749,45.595
2025-11-06 09:25:17.554219,Vancouver,95,15.573,28.81
2025-11-06 10:25:17.554219,Vancouver,108,9.526,40.376
2025-11-06 11:25:17.554219,Vancouver,145,18.326,36.232
2025-11-06 12:25:17.554219,Vancouver,154,37.748,69.238
2025-11-06 13:25:17.554219,Vancouver,80,34.274,48.587
2025-11-06 14:25:17.554219,Vancouver,132,11.462,51.058
2025-11-06 15:25:17.554219,Vancouver,99,12.737,27.847
2025-11-06 16:25:17.554219,Vancouver,123,35.028,41.924
2025-11-06 17:25:17.554219,Vancouver,106,24.132,42.433
2025-11-06 18:25:17.554219,Vancouver,107,35.809,58.392
2025-11-06 19:25:17.554219,Vancouver,113,6.181,49.399
2025-11-06 20:25:17.554219,Vancouver,91,31.011,38.787
2025-11-06 21:25:17.554219,Vancouver,92,36.803,74.917
2025-11-06 22:25:17.554219,Vancouver,182,37.894,85.535
2025-11-06 23:25:17.554219,Vancouver,81,7.175,74.876
2025-11-07 00:25:17.554219,Vancouver,122,25.537,68.827
2025-11-07 01:25:17.554219,Vancouver,108,15.671,56.685
2025-11-07 02:25:17.554219,Vancouver,81,23.623,80.788
2025-11-07 03:25:17.554219,Vancouver,100,27.739,45.708
2025-11-07 04:25:17.554219,Vancouver,98,29.019,38.82
2025-11-07 05:25:17.554219,Vancouver,131,31.034,67.413
2025-11-07 06:25:17.554219,Vancouver,101,17.714,57.419
2025-11-07 07:25:17.554219,Vancouver,81,8.918,74.139
2025-11-07 08:25:17.554219,Vancouver,120,7.465,47.838
2025-11-07 09:25:17.554219,Vancouver,107,7.25,27.366
2025-11-07 10:25:17.554219,Vancouver,89,8.486,25.582
2025-11-07 11:25:17.554219,Vancouver,108,20.621,48.533
2025-11-07 12:25:17.554219,Vancouver,128,8.169,68.641
2025-11-07 13:25:17.554219,Vancouver,95,21.156,64.766
2025-11-07 14:25:17.554219,Vancouver,103,36.973,52.154
2025-11-07 15:25:17.554219,Vancouver,95,22.036,51.167
2025-11-07 16:25:17.554219,Vancouver,117,21.857,80.933
2025-11-07 17:25:17.554219,Vancouver,109,34.344,30.75
2025-11-07 18:25:17.554219,Vancouver,104,37.577,63.732
2025-11-07 19:25:17.554219,Vancouver,73,31.734,32.596
2025-11-07 20:25:17.554219,Vancouver,107,18.865,68.883
2025-11-07 21:25:17.554219,Vancouver,115,12.142,80.378
2025-11-07 22:25:17.554219,Vancouver,148,19.543,85.638
2025-11-07 23:25:17.554219,Vancouver,165,14.612,65.305
2025-11-08 00:25:17.554219,Vancouver,103,29.264,45.619
2025-11-08 01:25:17.554219,Vancouver,80,34.273,53.09
2025-11-08 02:25:17.554219,Vancouver,103,8.727,62.896
2025-11-08 03:25:17.554219,Vancouver,135,33.438,25.002
2025-11-08 04:25:17.554219,Vancouver,88,23.254,41.334
2025-11-08 05:25:17.554219,Vancouver,135,36.433,35.23
2025-11-08 06:25:17.554219,Vancouver,95,20.341,36.978
2025-11-08 07:25:17.554219,Vancouver,58,8.667,61.825
2025-11-08 08:25:17.554219,Vancouver,140,21.723,44.514
2025-11-08 09:25:17.554219,Vancouver,64,37.458,39.689
2025-11-08 10:25:17.554219,Vancouver,93,10.58,44.083
2025-11-08 11:25:17.554219,Vancouver,121,17.583,43.73
2025-11-08 12:25:17.554219,Vancouver,89,25.909,61.495
2025-11-08 13:25:17.554219,Vancouver,98,28.443,35.419
2025-11-08 14:25:17.554219,Vancouver,120,20.368,53.486
2025-11-08 15:25:17.554219,Vancouver,122,10.165,46.832
2025-11-08 16:25:17.554219,Vancouver,129,32.316,56.452
2025-11-08 17:25:17.554219,Vancouver,83,37.278,45.681
2025-11-08 18:25:17.554219,Vancouver,115,22.671,33.408
2025-11-08 19:25:17.554219,Vancouver,90,12.726,50.905
2025-11-08 20:25:17.554219,Vancouver,105,13.958,69.375
2025-11-08 21:25:17.554219,Vancouver,56,11.027,31.236
2025-11-08 22:25:17.554219,Vancouver,61,37.743,89.852
2025-11-08 23:25:17.554219,Vancouver,112,28.465,36.51
2025-11-09 00:25:17.554219,Vancouver,70,21.538,54.942
2025-11-09 01:25:17.554219,Vancouver,147,5.528,59.735
2025-11-09 02:25:17.554219,Vancouver,90,28.315,61.011
2025-11-09 03:25:17.554219,Vancouver,110,16.855,60.381
2025-11-09 04:25:17.554219,Vancouver,124,17.947,54.084
2025-11-09 05:25:17.554219,Vancouver,100,25.5,59.029
2025-11-09 06:25:17.554219,Vancouver,71,33.524,37.13
2025-11-09 07:25:17.554219,Vancouver,123,22.001,70.034
2025-11-09 08:25:17.554219,Vancouver,109,14.909,53.192
2025-11-09 09:25:17.554219,Vancouver,80,15.61,86.722
2025-11-09 10:25:17.554219,Vancouver,100,6.048,37.511
2025-11-09 11:25:17.554219,Vancouver,137,21.318,35.277
2025-11-09 12:25:17.554219,Vancouver,89,12.421,58.226
2025-11-09 13:25:17.554219,Vancouver,156,17.676,32.545
2025-11-09 14:25:17.554219,Vancouver,113,10.174,76.927
2025-11-09 15:25:17.554219,Vancouver,51,36.298,63.777
2025-11-09 16:25:17.554219,Vancouver,132,12.37,87.217
2025-11-09 17:25:17.554219,Vancouver,118,36.848,51.56
2025-11-09 18:25:17.554219,Vancouver,75,26.842,49.814
2025-11-09 19:25:17.554219,Vancouver,105,12.226,60.679
2025-11-09 20:25:17.554219,Vancouver,65,29.105,49.534
2025-11-09 21:25:17.554219,Vancouver,119,14.353,70.424
2025-11-09 22:25:17.554219,Vancouver,73,7.401,75.035
2025-11-09 23:25:17.554219,Vancouver,78,26.711,33.903
2025-11-10 00:25:17.554219,Vancouver,111,15.723,47.927
2025-11-10 01:25:17.554219,Vancouver,108,5.726,51.908
2025-11-10 02:25:17.554219,Vancouver,115,31.999,62.357
2025-11-10 03:25:17.554219,Vancouver,91,23.078,36.131
2025-11-10 04:25:17.554219,Vancouver,122,36.593,59.29
2025-11-10 05:25:17.554219,Vancouver,148,35.867,81.356
2025-11-10 06:25:17.554219,Vancouver,76,13.555,46.897
2025-11-10 07:25:17.554219,Vancouver,89,34.843,59.07
2025-11-10 08:25:17.554219,Vancouver,64,17.937,69.209
2025-11-10 09:25:17.554219,Vancouver,118,27.754,52.568
2025-11-10 10:25:17.554219,Vancouver,119,22.235,80.372
2025-11-10 11:25:17.554219,Vancouver,142,16.459,54.171
2025-11-10 12:25:17.554219,Vancouver,119,34.497,89.077
2025-11-10 13:25:17.554219,Vancouver,72,7.321,88.968
2025-11-10 14:25:17.554219,Vancouver,143,16.399,49.192
2025-11-10 15:25:17.554219,Vancouver,86,37.688,45.218
2025-11-10 16:25:17.554219,Vancouver,120,11.765,32.621
2025-11-10 17:25:17.554219,Vancouver,59,24.567,58.711
2025-11-10 18:25:17.554219,Vancouver,132,6.31,71.399
2025-11-10 19:25:17.554219,Vancouver,146,6.122,56.438
2025-11-10 20:25:17.554219,Vancouver,75,34.988,76.154
2025-11-10 21:25:17.554219,Vancouver,102,32.226,40.19
2025-11-10 22:25:17.554219,Vancouver,92,14.358,65.051
2025-11-10 23:25:17.554219,Vancouver,106,36.429,61.218
2025-11-11 00:25:17.554219,Vancouver,116,14.465,84.165
2025-11-11 01:25:17.554219,Vancouver,114,24.935,34.879
2025-11-11 02:25:17.554219,Vancouver,114,30.751,48.291
2025-11-11 03:25:17.554219,Vancouver,90,15.605,80.66
2025-11-11 04:25:17.554219,Vancouver,73,34.316,76.166
2025-11-11 05:25:17.554219,Vancouver,81,6.48,76.606
2025-11-11 06:25:17.554219,Vancouver,104,32.89,83.419
2025-11-11 07:25:17.554219,Vancouver,134,28.689,40.905
2025-11-11 08:25:17.554219,Vancouver,100,19.428,39.843
2025-11-11 09:25:17.554219,Vancouver,88,26.768,85.454
2025-11-11 10:25:17.554219,Vancouver,83,12.926,37.712
2025-11-11 11:25:17.554219,Vancouver,90,13.723,46.766
2025-11-11 12:25:17.554219,Vancouver,117,29.022,73.251
2025-11-11 13:25:17.554219,Vancouver,92,14.259,64.294
2025-11-11 14:25:17.554219,Vancouver,136,34.074,31.11
2025-11-11 15:25:17.554219,Vancouver,115,20.594,77.07
2025-11-11 16:25:17.554219,Vancouver,122,19.623,31.966
2025-11-11 17:25:17.554219,Vancouver,133,25.706,29.159
2025-11-11 18:25:17.554219,Vancouver,105,29.737,37.998
2025-11-11 19:25:17.554219,Vancouver,139,7.184,46.539
2025-11-11 20:25:17.554219,Vancouver,129,13.791,34.162
2025-11-11 21:25:17.554219,Vancouver,97,16.032,84.239
2025-11-11 22:25:17.554219,Vancouver,71,16.576,43.533
2025-11-11 23:25:17.554219,Vancouver,108,20.315,34.701
2025-11-12 00:25:17.554219,Vancouver,133,31.411,35.849
2025-11-12 01:25:17.554219,Vancouver,139,9.714,37.422
2025-11-12 02:25:17.554219,Vancouver,111,34.283,26.805
2025-11-12 03:25:17.554219,Vancouver,80,21.627,70.729
2025-11-12 04:25:17.554219,Vancouver,70,26.521,74.286
2025-11-12 05:25:17.554219,Vancouver,108,18.28,50.282
2025-11-12 06:25:17.554219,Vancouver,161,14.657,42.287
2025-11-12 07:25:17.554219,Vancouver,94,5.093,65.183
2025-11-12 08:25:17.554219,Vancouver,104,9.837,41.93
2025-11-12 09:25:17.554219,Vancouver,126,15.476,88.907
2025-11-12 10:25:17.554219,Vancouver,122,25.356,44.36
2025-11-12 11:25:17.554219,Vancouver,92,32.971,68.36
2025-11-12 12:25:17.554219,Vancouver,86,16.754,78.873
2025-11-12 13:25:17.554219,Vancouver,88,9.136,64.244
2025-11-12 14:25:17.554219,Vancouver,111,25.991,28.333
2025-11-12 15:25:17.554219,Vancouver,116,18.514,48.35
2025-11-12 16:25:17.554219,Vancouver,85,34.553,67.265
2025-11-12 17:25:17.554219,Vancouver,97,13.505,43.236
2025-11-12 18:25:17.554219,Vancouver,77,36.188,69.88
2025-11-12 19:25:17.554219,Vancouver,88,16.942,79.542
2025-11-12 20:25:17.554219,Vancouver,100,36.333,58.953
2025-11-12 21:25:17.554219,Vancouver,123,13.075,26.46
2025-11-12 22:25:17.554219,Vancouver,90,20.301,70.365
2025-11-12 23:25:17.554219,Vancouver,101,32.559,89.195
2025-11-13 00:25:17.554219,Vancouver,161,21.906,43.949
2025-11-13 01:25:17.554219,Vancouver,122,33.859,43.384
2025-11-13 02:25:17.554219,Vancouver,90,26.363,75.276
2025-11-13 03:25:17.554219,Vancouver,76,24.562,59.7
2025-11-13 04:25:17.554219,Vancouver,116,35.875,47.03
2025-11-13 05:25:17.554219,Vancouver,79,14.08,25.548
2025-11-13 06:25:17.554219,Vancouver,143,26.217,34.996
2025-11-13 07:25:17.554219,Vancouver,93,21.76,84.426
2025-11-13 08:25:17.554219,Vancouver,86,24.298,51.765
2025-11-13 09:25:17.554219,Vancouver,102,14.996,31.842
2025-11-13 10:25:17.554219,Vancouver,118,29.868,72.25
2025-11-13 11:25:17.554219,Vancouver,87,17.575,64.529
2025-11-13 12:25:17.554219,Vancouver,87,28.449,41.353
2025-11-13 13:25:17.554219,Vancouver,104,26.488,66.628
2025-11-13 14:25:17.554219,Vancouver,70,28.131,58.888
2025-11-13 15:25:17.554219,Vancouver,113,31.476,60.196
2025-11-13 16:25:17.554219,Vancouver,79,32.783,81.2
2025-11-13 17:25:17.554219,Vancouver,89,20.375,26.199
2025-11-13 18:25:17.554219,Vancouver,89,32.989,64.658
2025-11-13 19:25:17.554219,Vancouver,132,31.649,60.855
2025-11-13 20:25:17.554219,Vancouver,101,19.654,77.025
2025-11-13 21:25:17.554219,Vancouver,90,29.813,51.528
2025-11-13 22:25:17.554219,Vancouver,92,14.84,34.663
2025-11-13 23:25:17.554219,Vancouver,139,32.493,84.69
2025-11-14 00:25:17.554219,Vancouver,101,29.941,84.918
2025-11-14 01:25:17.554219,Vancouver,68,34.289,33.114
2025-11-14 02:25:17.554219,Vancouver,128,33.087,37.658
2025-11-14 03:25:17.554219,Vancouver,127,24.582,50.389
2025-11-14 04:25:17.554219,Vancouver,108,11.756,53.783
2025-11-14 05:25:17.554219,Vancouver,129,24.996,60.701
2025-11-14 06:25:17.554219,Vancouver,56,34.945,73.274
2025-11-14 07:25:17.554219,Vancouver,134,20.966,54.703
2025-11-14 08:25:17.554219,Vancouver,119,21.012,61.15
2025-11-14 09:25:17.554219,Vancouver,135,12.095,42.49
2025-11-14 10:25:17.554219,Vancouver,118,9.169,53.434
2025-11-14 11:25:17.554219,Vancouver,72,5.417,68.556
2025-11-14 12:25:17.554219,Vancouver,117,13.171,88.696
2025-11-14 13:25:17.554219,Vancouver,125,37.12,37.95
2025-11-14 14:25:17.554219,Vancouver,75,35.905,77.843
2025-11-14 15:25:17.554219,Vancouver,120,26.691,48.816
2025-11-14 16:25:17.554219,Vancouver,87,10.237,32.865
2025-11-14 17:25:17.554219,Vancouver,61,11.709,81.052
2025-11-14 18:25:17.554219,Vancouver,87,37.669,78.088
2025-11-14 19:25:17.554219,Vancouver,76,24.739,54.55
2025-11-14 20:25:17.554219,Vancouver,84,23.338,33.276
2025-11-14 21:25:17.554219,Vancouver,96,35.673,63.501
2025-11-14 22:25:17.554219,Vancouver,106,9.683,36.306
2025-11-14 23:25:17.554219,Vancouver,78,14.857,86.045
2025-11-15 00:25:17.554219,Vancouver,116,6.833,41.829
2025-11-15 01:25:17.554219,Vancouver,116,15.769,50.951
2025-11-15 02:25:17.554219,Vancouver,126,27.572,47.922
2025-11-15 03:25:17.554219,Vancouver,74,20.116,46.765
2025-11-15 04:25:17.554219,Vancouver,77,33.003,37.507
2025-11-15 05:25:17.554219,Vancouver,90,33.103,41.967
2025-11-15 06:25:17.554219,Vancouver,127,15.194,85.025
2025-11-15 07:25:17.554219,Vancouver,79,14.381,45.591
2025-11-15 08:25:17.554219,Vancouver,116,22.086,86.839
2025-11-15 09:25:17.554219,Vancouver,188,26.642,38.066
2025-11-15 10:25:17.554219,Vancouver,104,22.311,76.443
2025-11-15 11:25:17.554219,Vancouver,102,20.715,89.879
2025-11-15 12:25:17.554219,Vancouver,136,36.82,68.743
2025-11-15 13:25:17.554219,Vancouver,91,25.446,47.985
2025-11-15 14:25:17.554219,Vancouver,87,31.069,75.408
2025-11-15 15:25:17.554219,Vancouver,100,32.767,53.84
2025-11-15 16:25:17.554219,Vancouver,86,17.437,78.1
2025-11-15 17:25:17.554219,Vancouver,95,32.542,40.902
2025-11-15 18:25:17.554219,Vancouver,118,7.635,36.354
2025-11-15 19:25:17.554219,Vancouver,97,22.325,47.335
2025-11-15 20:25:17.554219,Vancouver,81,36.723,64.253
2025-11-15 21:25:17.554219,Vancouver,117,18.651,75.928
2025-11-15 22:25:17.554219,Vancouver,81,27.313,85.099
2025-11-15 23:25:17.554219,Vancouver,137,17.862,51.245
2025-11-16 00:25:17.554219,Vancouver,108,21.712,76.497
2025-11-16 01:25:17.554219,Vancouver,151,9.005,46.605
2025-11-16 02:25:17.554219,Vancouver,138,14.374,57.283
2025-11-16 03:25:17.554219,Vancouver,122,8.501,66.489
2025-11-16 04:25:17.554219,Vancouver,92,31.45,68.47
2025-11-16 05:25:17.554219,Vancouver,91,9.409,72.781
2025-11-16 06:25:17.554219,Vancouver,107,23.658,66.151
2025-11-16 07:25:17.554219,Vancouver,122,24.972,66.493
2025-11-16 08:25:17.554219,Vancouver,108,36.477,72.058
2025-11-16 09:25:17.554219,Vancouver,142,9.506,37.996
2025-11-16 10:25:17.554219,Vancouver,70,26.598,74.974
2025-11-16 11:25:17.554219,Vancouver,128,23.148,71.628
2025-11-16 12:25:17.554219,Vancouver,104,7.88,77.477
2025-11-16 13:25:17.554219,Vancouver,106,26.93,71.84
2025-11-16 14:25:17.554219,Vancouver,140,12.154,81.689
2025-11-16 15:25:17.554219,Vancouver,90,7.824,27.914
2025-11-16 16:25:17.554219,Vancouver,133,28.247,39.701
2025-11-16 17:25:17.554219,Vancouver,113,25.783,62.824
2025-11-16 18:25:17.554219,Vancouver,122,25.368,69.189
2025-11-16 19:25:17.554219,Vancouver,99,11.035,52.298
2025-11-16 20:25:17.554219,Vancouver,146,30.869,71.029
2025-11-16 21:25:17.554219,Vancouver,119,15.986,50.26
2025-11-16 22:25:17.554219,Vancouver,73,32.091,85.459
2025-11-16 23:25:17.554219,Vancouver,145,14.135,86.684
2025-11-17 00:25:17.554219,Vancouver,104,22.839,68.037
2025-11-17 01:25:17.554219,Vancouver,98,32.095,82.932
2025-11-17 02:25:17.554219,Vancouver,110,20.238,36.087
2025-11-17 03:25:17.554219,Vancouver,102,25.307,75.793
2025-11-17 04:25:17.554219,Vancouver,107,31.802,72.884
2025-11-17 05:25:17.554219,Vancouver,110,30.186,81.202
2025-11-17 06:25:17.554219,Vancouver,110,35.959,87.026
2025-11-17 07:25:17.554219,Vancouver,138,30.388,26.785
2025-11-17 08:25:17.554219,Vancouver,133,19.697,61.104
2025-11-17 09:25:17.554219,Vancouver,89,29.75,46.938
2025-11-17 10:25:17.554219,Vancouver,105,15.764,48.154
2025-11-17 11:25:17.554219,Vancouver,122,15.346,51.077
2025-11-17 12:25:17.554219,Vancouver,67,18.927,26.661
2025-11-17 13:25:17.554219,Vancouver,118,7.733,89.152
2025-11-17 14:25:17.554219,Vancouver,82,27.254,53.734
2025-11-17 15:25:17.554219,Vancouver,101,37.613,81.959
2025-11-17 16:25:17.554219,Vancouver,133,19.242,68
2025-11-17 17:25:17.554219,Vancouver,87,16.388,33.325
2025-11-17 18:25:17.554219,Vancouver,158,13.332,63.68
2025-11-17 19:25:17.554219,Vancouver,146,27.71,67.276
2025-11-17 20:25:17.554219,Vancouver,101,25.246,38.445
2025-11-17 21:25:17.554219,Vancouver,86,37.179,27.108
2025-11-17 22:25:17.554219,Vancouver,99,20.684,80.824
2025-11-17 23:25:17.554219,Vancouver,157,5.475,67.138
2025-11-18 00:25:17.554219,Vancouver,111,33.112,63.093
2025-11-18 01:25:17.554219,Vancouver,120,14.683,32.592
2025-11-18 02:25:17.554219,Vancouver,122,8.953,73.426
2025-11-18 03:25:17.554219,Vancouver,107,5.497,54.85
2025-11-18 04:25:17.554219,Vancouver,179,19.929,69.476
2025-11-18 05:25:17.554219,Vancouver,76,23.525,61.183
2025-11-18 06:25:17.554219,Vancouver,119,27.665,46.78
2025-11-18 07:25:17.554219,Vancouver,93,14.432,74.58
2025-11-18 08:25:17.554219,Vancouver,118,37.632,66.107
2025-11-18 09:25:17.554219,Vancouver,106,17.434,80.978
2025-11-18 10:25:17.554219,Vancouver,115,15.022,67.317
2025-11-18 11:25:17.554219,Vancouver,77,20.539,84.606
2025-11-18 12:25:17.554219,Vancouver,116,20.835,73.989
2025-11-18 13:25:17.554219,Vancouver,118,15.284,41.751
2025-11-18 14:25:17.554219,Vancouver,113,30.783,27.064
2025-11-18 15:25:17.554219,Vancouver,112,35.387,78.914
2025-11-18 16:25:17.554219,Vancouver,140,5.23,89.344
2025-11-18 17:25:17.554219,Vancouver,94,30.827,30.038
2025-11-18 18:25:17.554219,Vancouver,121,32.14,26.707
2025-11-18 19:25:17.554219,Vancouver,114,26.4,73.76
2025-11-18 20:25:17.554219,Vancouver,91,25.344,51.374
2025-11-18 21:25:17.554219,Vancouver,90,25.065,32.579
2025-11-18 22:25:17.554219,Vancouver,88,17.592,45.051
2025-11-18 23:25:17.554219,Vancouver,90,7.669,79.335
2025-11-19 00:25:17.554219,Vancouver,78,9.946,25.82
2025-11-19 01:25:17.554219,Vancouver,121,9.577,47.992
2025-11-19 02:25:17.554219,Vancouver,73,9.59,64.738
2025-11-19 03:25:17.554219,Vancouver,80,21.086,55.372
2025-11-19 04:25:17.554219,Vancouver,86,19.399,32.835
2025-11-19 05:25:17.554219,Vancouver,100,29.103,88.271
2025-11-19 06:25:17.554219,Vancouver,106,16.723,30.426
2025-11-19 07:25:17.554219,Vancouver,51,19.682,32.898
2025-11-19 08:25:17.554219,Vancouver,85,31.158,39.987
2025-11-19 09:25:17.554219,Vancouver,67,10.751,28.347
2025-11-19 10:25:17.554219,Vancouver,125,18.3,60.588
2025-11-19 11:25:17.554219,Vancouver,112,35.901,27.286
2025-11-19 12:25:17.554219,Vancouver,114,7.382,33.067
2025-11-19 13:25:17.554219,Vancouver,80,18.111,87.097
2025-11-19 14:25:17.554219,Vancouver,58,25.785,58.399
2025-11-19 15:25:17.554219,Vancouver,101,26.844,38.009
2025-11-19 16:25:17.554219,Vancouver,100,36.425,81.649
2025-11-19 17:25:17.554219,Vancouver,103,16.723,66.243
2025-11-04 18:25:17.554219,Warsaw,64,6.438,87.331
2025-11-04 19:25:17.554219,Warsaw,109,20.323,76.404
2025-11-04 20:25:17.554219,Warsaw,126,33.206,76.907
2025-11-04 21:25:17.554219,Warsaw,70,32.321,61.427
2025-11-04 22:25:17.554219,Warsaw,136,34.964,43.529
2025-11-04 23:25:17.554219,Warsaw,143,11.85,57.953
2025-11-05 00:25:17.554219,Warsaw,117,19.035,58.758
2025-11-05 01:25:17.554219,Warsaw,120,13.551,79.327
2025-11-05 02:25:17.554219,Warsaw,120,14.212,43.731
2025-11-05 03:25:17.554219,Warsaw,117,13.405,76.201
2025-11-05 04:25:17.554219,Warsaw,84,22.779,58.911
2025-11-05 05:25:17.554219,Warsaw,104,7.099,79.438
2025-11-05 06:25:17.554219,Warsaw,86,13.358,86.635
2025-11-05 07:25:17.554219,Warsaw,81,8.701,45.576
2025-11-05 08:25:17.554219,Warsaw,94,19.536,56.669
2025-11-05 09:25:17.554219,Warsaw,106,24.993,64.141
2025-11-05 10:25:17.554219,Warsaw,75,35.915,69.472
2025-11-05 11:25:17.554219,Warsaw,69,9.239,34.638
2025-11-05 12:25:17.554219,Warsaw,121,29.753,38.968
2025-11-05 13:25:17.554219,Warsaw,108,9.723,32.281
2025-11-05 14:25:17.554219,Warsaw,133,20.807,28.934
2025-11-05 15:25:17.554219,Warsaw,141,34.285,78.24
2025-11-05 16:25:17.554219,Warsaw,71,27.644,56.199
2025-11-05 17:25:17.554219,Warsaw,109,30.141,84.125
2025-11-05 18:25:17.554219,Warsaw,102,28.276,58.326
2025-11-05 19:25:17.554219,Warsaw,98,5.417,50.752
2025-11-05 20:25:17.554219,Warsaw,116,25.881,69.875
2025-11-05 21:25:17.554219,Warsaw,88,34.512,75.805
2025-11-05 22:25:17.554219,Warsaw,107,32.133,70.437
2025-11-05 23:25:17.554219,Warsaw,160,6.528,43.926
2025-11-06 00:25:17.554219,Warsaw,137,25.384,46.613
2025-11-06 01:25:17.554219,Warsaw,88,11.51,64.23
2025-11-06 02:25:17.554219,Warsaw,72,17.853,36.144
2025-11-06 03:25:17.554219,Warsaw,92,13.48,79.721
2025-11-06 04:25:17.554219,Warsaw,73,6.996,75.749
2025-11-06 05:25:17.554219,Warsaw,84,7.374,87.715
2025-11-06 06:25:17.554219,Warsaw,114,5.647,41.844
2025-11-06 07:25:17.554219,Warsaw,65,14.133,78.636
2025-11-06 08:25:17.554219,Warsaw,87,33.955,54.872
2025-11-06 09:25:17.554219,Warsaw,63,21.924,43.767
2025-11-06 10:25:17.554219,Warsaw,98,15.686,67.369
2025-11-06 11:25:17.554219,Warsaw,88,8.718,62.128
2025-11-06 12:25:17.554219,Warsaw,81,17.791,70.212
2025-11-06 13:25:17.554219,Warsaw,97,9.56,29.914
2025-11-06 14:25:17.554219,Warsaw,124,14.39,41.274
2025-11-06 15:25:17.554219,Warsaw,101,26.058,68.12
2025-11-06 16:25:17.554219,Warsaw,100,13.985,42.002
2025-11-06 17:25:17.554219,Warsaw,99,7.635,71.34
2025-11-06 18:25:17.554219,Warsaw,113,27.135,26.633
2025-11-06 19:25:17.554219,Warsaw,101,21.738,44.168
2025-11-06 20:25:17.554219,Warsaw,91,14.959,86.619
2025-11-06 21:25:17.554219,Warsaw,104,24.392,66.663
2025-11-06 22:25:17.554219,Warsaw,85,7.755,82.386
2025-11-06 23:25:17.554219,Warsaw,112,15.758,40.014
2025-11-07 00:25:17.554219,Warsaw,137,33.397,81.89
2025-11-07 01:25:17.554219,Warsaw,126,13.95,56.927
2025-11-07 02:25:17.554219,Warsaw,116,13.008,83.465
2025-11-07 03:25:17.554219,Warsaw,103,13.458,80.774
2025-11-07 04:25:17.554219,Warsaw,79,11.51,68.976
2025-11-07 05:25:17.554219,Warsaw,154,16.279,76.959
2025-11-07 06:25:17.554219,Warsaw,137,32.48,60.667
2025-11-07 07:25:17.554219,Warsaw,77,31.3,86.783
2025-11-07 08:25:17.554219,Warsaw,90,26.826,87.466
2025-11-07 09:25:17.554219,Warsaw,134,35.683,62.354
2025-11-07 10:25:17.554219,Warsaw,132,14.798,34.792
2025-11-07 11:25:17.554219,Warsaw,79,30.296,68.149
2025-11-07 12:25:17.554219,Warsaw,58,18.437,60.494
2025-11-07 13:25:17.554219,Warsaw,106,24.458,85.602
2025-11-07 14:25:17.554219,Warsaw,104,32.493,51.571
2025-11-07 15:25:17.554219,Warsaw,109,16.368,75.44
2025-11-07 16:25:17.554219,Warsaw,124,10.563,87.389
2025-11-07 17:25:17.554219,Warsaw,71,28.342,56.288
2025-11-07 18:25:17.554219,Warsaw,99,10.96,34.381
2025-11-07 19:25:17.554219,Warsaw,72,10.516,54.429
2025-11-07 20:25:17.554219,Warsaw,125,15.695,82.08
2025-11-07 21:25:17.554219,Warsaw,110,33.364,65.263
2025-11-07 22:25:17.554219,Warsaw,183,20.684,43.636
2025-11-07 23:25:17.554219,Warsaw,72,5.29,47.745
2025-11-08 00:25:17.554219,Warsaw,87,14.905,89.244
2025-11-08 01:25:17.554219,Warsaw,90,37.624,89.085
2025-11-08 02:25:17.554219,Warsaw,112,20.842,53.088
2025-11-08 03:25:17.554219,Warsaw,121,24.24,38.903
2025-11-08 04:25:17.554219,Warsaw,76,6.813,76.754
2025-11-08 05:25:17.554219,Warsaw,107,12.141,43.357
2025-11-08 06:25:17.554219,Warsaw,131,17.539,59.744
2025-11-08 07:25:17.554219,Warsaw,140,28.591,41.598
2025-11-08 08:25:17.554219,Warsaw,134,13.502,84.826
2025-11-08 09:25:17.554219,Warsaw,85,37.452,27.207
2025-11-08 10:25:17.554219,Warsaw,101,5.284,29.584
2025-11-08 11:25:17.554219,Warsaw,62,10.151,67.98
2025-11-08 12:25:17.554219,Warsaw,132,19.028,49.474
2025-11-08 13:25:17.554219,Warsaw,111,25.107,76.996
2025-11-08 14:25:17.554219,Warsaw,84,35.587,40.792
2025-11-08 15:25:17.554219,Warsaw,94,27.482,56.629
2025-11-08 16:25:17.554219,Warsaw,120,28.893,60.809
2025-11-08 17:25:17.554219,Warsaw,122,7.544,53.907
2025-11-08 18:25:17.554219,Warsaw,112,23.802,73.807
2025-11-08 19:25:17.554219,Warsaw,120,12.204,74.487
2025-11-08 20:25:17.554219,Warsaw,92,6.245,76.018
2025-11-08 21:25:17.554219,Warsaw,141,15.293,61.04
2025-11-08 22:25:17.554219,Warsaw,125,7.642,41.759
2025-11-08 23:25:17.554219,Warsaw,110,27.924,86.392
2025-11-09 00:25:17.554219,Warsaw,165,20.66,32.737
2025-11-09 01:25:17.554219,Warsaw,89,32.349,49.651
2025-11-09 02:25:17.554219,Warsaw,87,6.111,34.09
2025-11-09 03:25:17.554219,Warsaw,83,17.932,44.528
2025-11-09 04:25:17.554219,Warsaw,89,19.265,65.924
2025-11-09 05:25:17.554219,Warsaw,141,25.394,64.502
2025-11-09 06:25:17.554219,Warsaw,73,28.534,44.953
2025-11-09 07:25:17.554219,Warsaw,95,27.376,55.403
2025-11-09 08:25:17.554219,Warsaw,70,33.918,53.736
2025-11-09 09:25:17.554219,Warsaw,82,22.839,81.274
2025-11-09 10:25:17.554219,Warsaw,84,5.167,81.221
2025-11-09 11:25:17.554219,Warsaw,120,5.134,82.568
2025-11-09 12:25:17.554219,Warsaw,153,33.035,77.807
2025-11-09 13:25:17.554219,Warsaw,117,27.568,59.596
2025-11-09 14:25:17.554219,Warsaw,154,24.99,46.22
2025-11-09 15:25:17.554219,Warsaw,123,12.847,69.448
2025-11-09 16:25:17.554219,Warsaw,75,7.442,41.607
2025-11-09 17:25:17.554219,Warsaw,87,37.826,87.767
2025-11-09 18:25:17.554219,Warsaw,68,24.768,42.026
2025-11-09 19:25:17.554219,Warsaw,142,28.729,82.272
2025-11-09 20:25:17.554219,Warsaw,135,10.288,35.254
2025-11-09 21:25:17.554219,Warsaw,121,31.338,86.292
2025-11-09 22:25:17.554219,Warsaw,126,24.886,71.458
2025-11-09 23:25:17.554219,Warsaw,111,14.338,47.59
2025-11-10 00:25:17.554219,Warsaw,69,23.342,64.692
2025-11-10 01:25:17.554219,Warsaw,105,29.229,78.798
2025-11-10 02:25:17.554219,Warsaw,93,30.796,88.079
2025-11-10 03:25:17.554219,Warsaw,84,27.511,69.173
2025-11-10 04:25:17.554219,Warsaw,102,7.559,48.106
2025-11-10 05:25:17.554219,Warsaw,116,11.391,40.914
2025-11-10 06:25:17.554219,Warsaw,94,31.06,43.932
2025-11-10 07:25:17.554219,Warsaw,130,36.804,43.128
2025-11-10 08:25:17.554219,Warsaw,96,7.539,76.522
2025-11-10 09:25:17.554219,Warsaw,134,35.146,66.988
2025-11-10 10:25:17.554219,Warsaw,140,30.009,85.537
2025-11-10 11:25:17.554219,Warsaw,77,14.102,38.149
2025-11-10 12:25:17.554219,Warsaw,101,9.036,79.066
2025-11-10 13:25:17.554219,Warsaw,108,32.125,55.207
2025-11-10 14:25:17.554219,Warsaw,109,12.052,32.276
2025-11-10 15:25:17.554219,Warsaw,95,35.38,28.035
2025-11-10 16:25:17.554219,Warsaw,133,6.53,37.2
2025-11-10 17:25:17.554219,Warsaw,88,22.067,54.014
2025-11-10 18:25:17.554219,Warsaw,114,9.795,73.446
2025-11-10 19:25:17.554219,Warsaw,89,17.002,43.6
2025-11-10 20:25:17.554219,Warsaw,151,35.319,72.33
2025-11-10 21:25:17.554219,Warsaw,115,32.12,53.066
2025-11-10 22:25:17.554219,Warsaw,95,36.694,35.338
2025-11-10 23:25:17.554219,Warsaw,97,7.386,66.1
2025-11-11 00:25:17.554219,Warsaw,76,36.429,38.992
2025-11-11 01:25:17.554219,Warsaw,31,5.665,42.043
2025-11-11 02:25:17.554219,Warsaw,87,6.269,59.468
2025-11-11 03:25:17.554219,Warsaw,91,8.864,26.216
2025-11-11 04:25:17.554219,Warsaw,141,5.469,72.317
2025-11-11 05:25:17.554219,Warsaw,107,33.827,35.677
2025-11-11 06:25:17.554219,Warsaw,109,26.076,45.492
2025-11-11 07:25:17.554219,Warsaw,99,30.784,66.497
2025-11-11 08:25:17.554219,Warsaw,71,32.899,29.74
2025-11-11 09:25:17.554219,Warsaw,93,26.49,75.348
2025-11-11 10:25:17.554219,Warsaw,129,29.967,84.446
2025-11-11 11:25:17.554219,Warsaw,86,16.919,29.11
2025-11-11 12:25:17.554219,Warsaw,71,32.137,69.91
2025-11-11 13:25:17.554219,Warsaw,79,21.249,57.453
2025-11-11 14:25:17.554219,Warsaw,137,22.172,42.778
2025-11-11 15:25:17.554219,Warsaw,69,8.607,32.63
2025-11-11 16:25:17.554219,Warsaw,95,27.931,81.211
2025-11-11 17:25:17.554219,Warsaw,110,37.947,26.914
2025-11-11 18:25:17.554219,Warsaw,132,11.486,42.422
2025-11-11 19:25:17.554219,Warsaw,137,25.442,67.041
2025-11-11 20:25:17.554219,Warsaw,100,26.634,63.452
2025-11-11 21:25:17.554219,Warsaw,104,7.514,85.051
2025-11-11 22:25:17.554219,Warsaw,58,25.694,77.146
2025-11-11 23:25:17.554219,Warsaw,106,12.254,74.217
2025-11-12 00:25:17.554219,Warsaw,94,16.668,86.973
2025-11-12 01:25:17.554219,Warsaw,76,37.656,54.039
2025-11-12 02:25:17.554219,Warsaw,124,5.287,56.464
2025-11-12 03:25:17.554219,Warsaw,89,15.673,81.24
2025-11-12 04:25:17.554219,Warsaw,154,33.215,70.133
2025-11-12 05:25:17.554219,Warsaw,109,14.024,72.505
2025-11-12 06:25:17.554219,Warsaw,178,14.554,35.183
2025-11-12 07:25:17.554219,Warsaw,105,19.301,59.479
2025-11-12 08:25:17.554219,Warsaw,146,34.173,50.22
2025-11-12 09:25:17.554219,Warsaw,129,19.675,48.849
2025-11-12 10:25:17.554219,Warsaw,99,11.078,66.784
2025-11-12 11:25:17.554219,Warsaw,40,18.116,60.842
2025-11-12 12:25:17.554219,Warsaw,67,5.128,26.628
2025-11-12 13:25:17.554219,Warsaw,150,26.09,63.307
2025-11-12 14:25:17.554219,Warsaw,92,15.025,76.784
2025-11-12 15:25:17.554219,Warsaw,87,11.108,47.396
2025-11-12 16:25:17.554219,Warsaw,95,19.89,50.06
2025-11-12 17:25:17.554219,Warsaw,73,31.359,84.49
2025-11-12 18:25:17.554219,Warsaw,81,19.458,82.545
2025-11-12 19:25:17.554219,Warsaw,67,34.322,73.422
2025-11-12 20:25:17.554219,Warsaw,89,28.398,75.654
2025-11-12 21:25:17.554219,Warsaw,61,20.482,89.732
2025-11-12 22:25:17.554219,Warsaw,137,36.511,46.567
2025-11-12 23:25:17.554219,Warsaw,115,16.62,80.575
2025-11-13 00:25:17.554219,Warsaw,117,10.749,56.95
2025-11-13 01:25:17.554219,Warsaw,108,6.508,82.517
2025-11-13 02:25:17.554219,Warsaw,73,21.266,78.872
2025-11-13 03:25:17.554219,Warsaw,56,5.939,77.675
2025-11-13 04:25:17.554219,Warsaw,92,22.298,67.448
2025-11-13 05:25:17.554219,Warsaw,72,31.027,42.744
2025-11-13 06:25:17.554219,Warsaw,139,16.918,52.941
2025-11-13 07:25:17.554219,Warsaw,103,29.983,76.668
2025-11-13 08:25:17.554219,Warsaw,84,14.692,45.095
2025-11-13 09:25:17.554219,Warsaw,197,13,55.874
2025-11-13 10:25:17.554219,Warsaw,117,34.571,39.996
2025-11-13 11:25:17.554219,Warsaw,111,17.235,77.001
2025-11-13 12:25:17.554219,Warsaw,120,33.595,85.392
2025-11-13 13:25:17.554219,Warsaw,118,36.579,82.319
2025-11-13 14:25:17.554219,Warsaw,76,29.639,69.761
2025-11-13 15:25:17.554219,Warsaw,61,36.713,85.754
2025-11-13 16:25:17.554219,Warsaw,92,16.883,58.523
2025-11-13 17:25:17.554219,Warsaw,93,33.607,60.5
2025-11-13 18:25:17.554219,Warsaw,124,24.989,55.108
2025-11-13 19:25:17.554219,Warsaw,55,20.094,51.511
2025-11-13 20:25:17.554219,Warsaw,134,25.335,85.627
2025-11-13 21:25:17.554219,Warsaw,74,16.552,39.875
2025-11-13 22:25:17.554219,Warsaw,74,31.497,34.603
2025-11-13 23:25:17.554219,Warsaw,87,17.834,81.634
2025-11-14 00:25:17.554219,Warsaw,109,24.818,48.191
2025-11-14 01:25:17.554219,Warsaw,87,8.372,27.244
2025-11-14 02:25:17.554219,Warsaw,95,36.232,85.542
2025-11-14 03:25:17.554219,Warsaw,106,24.552,49.707
2025-11-14 04:25:17.554219,Warsaw,127,13.315,64.389
2025-11-14 05:25:17.554219,Warsaw,104,16.389,49.212
2025-11-14 06:25:17.554219,Warsaw,140,25.366,49.912
2025-11-14 07:25:17.554219,Warsaw,99,12.446,78.615
2025-11-14 08:25:17.554219,Warsaw,114,23.271,62.501
2025-11-14 09:25:17.554219,Warsaw,140,28.027,69.854
2025-11-14 10:25:17.554219,Warsaw,178,24.695,33.881
2025-11-14 11:25:17.554219,Warsaw,116,32.981,75.379
2025-11-14 12:25:17.554219,Warsaw,110,15.768,43.211
2025-11-14 13:25:17.554219,Warsaw,187,16.911,36.189
2025-11-14 14:25:17.554219,Warsaw,72,26.175,41.552
2025-11-14 15:25:17.554219,Warsaw,117,6.867,66.575
2025-11-14 16:25:17.554219,Warsaw,96,34.608,67.483
2025-11-14 17:25:17.554219,Warsaw,91,15.607,44.019
2025-11-14 18:25:17.554219,Warsaw,92,12.327,54.086
2025-11-14 19:25:17.554219,Warsaw,100,34.392,64.231
2025-11-14 20:25:17.554219,Warsaw,114,25.534,54.534
2025-11-14 21:25:17.554219,Warsaw,90,5.351,65.657
2025-11-14 22:25:17.554219,Warsaw,59,37.54,43.587
2025-11-14 23:25:17.554219,Warsaw,82,22.921,53.641
2025-11-15 00:25:17.554219,Warsaw,114,33.756,34.33
2025-11-15 01:25:17.554219,Warsaw,97,12.7,67.943
2025-11-15 02:25:17.554219,Warsaw,119,27.833,52.455
2025-11-15 03:25:17.554219,Warsaw,101,35.966,45.105
2025-11-15 04:25:17.554219,Warsaw,72,34.882,45.112
2025-11-15 05:25:17.554219,Warsaw,92,17.937,72.011
2025-11-15 06:25:17.554219,Warsaw,77,21.116,66.363
2025-11-15 07:25:17.554219,Warsaw,100,30.163,28.081
2025-11-15 08:25:17.554219,Warsaw,129,21.282,35.302
2025-11-15 09:25:17.554219,Warsaw,65,27.79,31.22
2025-11-15 10:25:17.554219,Warsaw,80,37.511,76.917
2025-11-15 11:25:17.554219,Warsaw,87,31.01,40.287
2025-11-15 12:25:17.554219,Warsaw,125,20.824,53.654
2025-11-15 13:25:17.554219,Warsaw,101,32.394,32.493
2025-11-15 14:25:17.554219,Warsaw,92,25.979,86.315
2025-11-15 15:25:17.554219,Warsaw,99,22.07,77.195
2025-11-15 16:25:17.554219,Warsaw,139,12.816,88.365
2025-11-15 17:25:17.554219,Warsaw,82,34.813,41.886
2025-11-15 18:25:17.554219,Warsaw,124,23.073,56.567
2025-11-15 19:25:17.554219,Warsaw,89,10.364,50.559
2025-11-15 20:25:17.554219,Warsaw,107,6.456,47.56
2025-11-15 21:25:17.554219,Warsaw,134,30.906,68.793
2025-11-15 22:25:17.554219,Warsaw,116,8.905,40.793
2025-11-15 23:25:17.554219,Warsaw,47,14.05,54.508
2025-11-16 00:25:17.554219,Warsaw,103,27.354,65.879
2025-11-16 01:25:17.554219,Warsaw,91,31.488,57.34
2025-11-16 02:25:17.554219,Warsaw,76,12.819,57.286
2025-11-16 03:25:17.554219,Warsaw,156,33.936,29.892
2025-11-16 04:25:17.554219,Warsaw,96,36.084,51.479
2025-11-16 05:25:17.554219,Warsaw,93,29.216,35.727
2025-11-16 06:25:17.554219,Warsaw,69,17.885,37.347
2025-11-16 07:25:17.554219,Warsaw,134,11.551,28.61
2025-11-16 08:25:17.554219,Warsaw,154,21.434,43.45
2025-11-16 09:25:17.554219,Warsaw,128,14.521,77.725
2025-11-16 10:25:17.554219,Warsaw,117,29.886,86.7
2025-11-16 11:25:17.554219,Warsaw,130,30.72,60.8
2025-11-16 12:25:17.554219,Warsaw,102,35.653,37.435
2025-11-16 13:25:17.554219,Warsaw,97,23.986,83.627
2025-11-16 14:25:17.554219,Warsaw,56,20.36,83.364
2025-11-16 15:25:17.554219,Warsaw,94,5.939,43.632
2025-11-16 16:25:17.554219,Warsaw,56,37.095,35.784
2025-11-16 17:25:17.554219,Warsaw,115,17.421,39.121
2025-11-16 18:25:17.554219,Warsaw,86,19.171,63.24
2025-11-16 19:25:17.554219,Warsaw,122,33.504,75.358
2025-11-16 20:25:17.554219,Warsaw,89,27.006,58.611
2025-11-16 21:25:17.554219,Warsaw,93,12.725,53.049
2025-11-16 22:25:17.554219,Warsaw,167,26.306,27.463
2025-11-16 23:25:17.554219,Warsaw,162,25.779,38.267
2025-11-17 00:25:17.554219,Warsaw,143,15.729,55.791
2025-11-17 01:25:17.554219,Warsaw,91,20.15,73.258
2025-11-17 02:25:17.554219,Warsaw,111,9.408,33.842
2025-11-17 03:25:17.554219,Warsaw,110,31.41,87.658
2025-11-17 04:25:17.554219,Warsaw,103,21.715,77.251
2025-11-17 05:25:17.554219,Warsaw,95,29.753,49.668
2025-11-17 06:25:17.554219,Warsaw,87,34.251,54.449
2025-11-17 07:25:17.554219,Warsaw,104,29.253,44.113
2025-11-17 08:25:17.554219,Warsaw,123,23.131,46.143
2025-11-17 09:25:17.554219,Warsaw,119,20.884,48.433
2025-11-17 10:25:17.554219,Warsaw,136,18.502,51.176
2025-11-17 11:25:17.554219,Warsaw,103,19.309,61.643
2025-11-17 12:25:17.554219,Warsaw,129,24.381,86.767
2025-11-17 13:25:17.554219,Warsaw,91,16.571,41.729
2025-11-17 14:25:17.554219,Warsaw,58,35.403,88.021
2025-11-17 15:25:17.554219,Warsaw,82,27.752,31.319
2025-11-17 16:25:17.554219,Warsaw,122,37.597,56.036
2025-11-17 17:25:17.554219,Warsaw,162,26.728,60.927
2025-11-17 18:25:17.554219,Warsaw,128,27.101,83.001
2025-11-17 19:25:17.554219,Warsaw,78,6.541,44.858
2025-11-17 20:25:17.554219,Warsaw,118,30.326,68.031
2025-11-17 21:25:17.554219,Warsaw,106,10.643,84.19
2025-11-17 22:25:17.554219,Warsaw,127,17.43,30.443
2025-11-17 23:25:17.554219,Warsaw,120,5.001,65.694
2025-11-18 00:25:17.554219,Warsaw,99,30.339,39.08
2025-11-18 01:25:17.554219,Warsaw,95,16.798,70.966
2025-11-18 02:25:17.554219,Warsaw,35,34.032,83.952
2025-11-18 03:25:17.554219,Warsaw,129,14.593,64.333
2025-11-18 04:25:17.554219,Warsaw,137,27.781,49.091
2025-11-18 05:25:17.554219,Warsaw,63,8.307,25.167
2025-11-18 06:25:17.554219,Warsaw,94,7.491,43.809
2025-11-18 07:25:17.554219,Warsaw,80,37.756,32.837
2025-11-18 08:25:17.554219,Warsaw,77,7.621,51.13
2025-11-18 09:25:17.554219,Warsaw,158,34.427,67.155
2025-11-18 10:25:17.554219,Warsaw,94,32.384,42.49
2025-11-18 11:25:17.554219,Warsaw,89,29.467,57.149
2025-11-18 12:25:17.554219,Warsaw,110,37.001,80.938
2025-11-18 13:25:17.554219,Warsaw,92,9.713,56.991
2025-11-18 14:25:17.554219,Warsaw,158,24.583,63.514
2025-11-18 15:25:17.554219,Warsaw,92,11.256,67.319
2025-11-18 16:25:17.554219,Warsaw,91,31.324,35.526
2025-11-18 17:25:17.554219,Warsaw,108,36.26,42.367
2025-11-18 18:25:17.554219,Warsaw,98,14.108,36.07
2025-11-18 19:25:17.554219,Warsaw,100,21.854,39.622
2025-11-18 20:25:17.554219,Warsaw,89,13.574,88.44
2025-11-18 21:25:17.554219,Warsaw,90,37.373,27.539
2025-11-18 22:25:17.554219,Warsaw,79,14.145,42.939
2025-11-18 23:25:17.554219,Warsaw,108,21.575,44.911
2025-11-19 00:25:17.554219,Warsaw,118,31.167,38.893
2025-11-19 01:25:17.554219,Warsaw,108,34.283,78.521
2025-11-19 02:25:17.554219,Warsaw,114,23.335,39.671
2025-11-19 03:25:17.554219,Warsaw,102,29.284,88.93
2025-11-19 04:25:17.554219,Warsaw,121,31.765,62.304
2025-11-19 05:25:17.554219,Warsaw,93,14.388,89.295
2025-11-19 06:25:17.554219,Warsaw,58,12.973,76.34
2025-11-19 07:25:17.554219,Warsaw,127,36.718,59.82
2025-11-19 08:25:17.554219,Warsaw,126,11.761,38.452
2025-11-19 09:25:17.554219,Warsaw,149,12.84,47.835
2025-11-19 10:25:17.554219,Warsaw,136,17.642,57.16
2025-11-19 11:25:17.554219,Warsaw,113,6.498,71.33
2025-11-19 12:25:17.554219,Warsaw,125,19.306,64.977
2025-11-19 13:25:17.554219,Warsaw,145,35.075,79.246
2025-11-19 14:25:17.554219,Warsaw,96,15.765,75.549
2025-11-19 15:25:17.554219,Warsaw,90,23.804,27.628
2025-11-19 16:25:17.554219,Warsaw,65,31.605,72.173
2025-11-19 17:25:17.554219,Warsaw,122,17.214,89.1
2025-11-04 18:25:17.554219,Stockholm,130,19.64,51.401
2025-11-04 19:25:17.554219,Stockholm,81,22.436,74.281
2025-11-04 20:25:17.554219,Stockholm,76,32.337,85.524
2025-11-04 21:25:17.554219,Stockholm,102,36.967,80.952
2025-11-04 22:25:17.554219,Stockholm,116,35.285,46.92
2025-11-04 23:25:17.554219,Stockholm,133,36.045,84.072
2025-11-05 00:25:17.554219,Stockholm,103,27.026,82.948
2025-11-05 01:25:17.554219,Stockholm,113,19.789,52.007
2025-11-05 02:25:17.554219,Stockholm,116,28.203,65.67
2025-11-05 03:25:17.554219,Stockholm,53,11.597,55.231
2025-11-05 04:25:17.554219,Stockholm,95,13.338,48.987
2025-11-05 05:25:17.554219,Stockholm,72,19.984,61.796
2025-11-05 06:25:17.554219,Stockholm,115,20.463,42.468
2025-11-05 07:25:17.554219,Stockholm,168,10.257,34.937
2025-11-05 08:25:17.554219,Stockholm,104,34.996,71.491
2025-11-05 09:25:17.554219,Stockholm,80,36.321,68.357
2025-11-05 10:25:17.554219,Stockholm,108,28.587,74.631
2025-11-05 11:25:17.554219,Stockholm,131,24.157,32.7
2025-11-05 12:25:17.554219,Stockholm,93,27.394,61.143
2025-11-05 13:25:17.554219,Stockholm,53,13.949,77.559
2025-11-05 14:25:17.554219,Stockholm,48,7.419,82.825
2025-11-05 15:25:17.554219,Stockholm,96,28.606,62.305
2025-11-05 16:25:17.554219,Stockholm,103,33.086,28.113
2025-11-05 17:25:17.554219,Stockholm,95,25.782,61.138
2025-11-05 18:25:17.554219,Stockholm,69,28.255,70.005
2025-11-05 19:25:17.554219,Stockholm,140,18.928,26.242
2025-11-05 20:25:17.554219,Stockholm,78,13.292,80.673
2025-11-05 21:25:17.554219,Stockholm,82,22.546,61.423
2025-11-05 22:25:17.554219,Stockholm,117,25.283,54.473
2025-11-05 23:25:17.554219,Stockholm,57,27.592,86.877
2025-11-06 00:25:17.554219,Stockholm,85,18.676,37.971
2025-11-06 01:25:17.554219,Stockholm,58,22.915,43.443
2025-11-06 02:25:17.554219,Stockholm,121,35.632,42.239
2025-11-06 03:25:17.554219,Stockholm,97,19.86,40.532
2025-11-06 04:25:17.554219,Stockholm,107,17.509,58.665
2025-11-06 05:25:17.554219,Stockholm,117,13.366,60.703
2025-11-06 06:25:17.554219,Stockholm,97,34.084,64.366
2025-11-06 07:25:17.554219,Stockholm,48,35.969,48.587
2025-11-06 08:25:17.554219,Stockholm,101,37.826,53.344
2025-11-06 09:25:17.554219,Stockholm,92,26.965,66.893
2025-11-06 10:25:17.554219,Stockholm,84,36.765,71.32
2025-11-06 11:25:17.554219,Stockholm,112,25.204,87.361
2025-11-06 12:25:17.554219,Stockholm,101,18.821,88.014
2025-11-06 13:25:17.554219,Stockholm,154,12.666,55.295
2025-11-06 14:25:17.554219,Stockholm,93,6.804,72.609
2025-11-06 15:25:17.554219,Stockholm,130,17.567,65.205
2025-11-06 16:25:17.554219,Stockholm,64,23.244,59.615
2025-11-06 17:25:17.554219,Stockholm,122,26.028,64.953
2025-11-06 18:25:17.554219,Stockholm,121,35.44,50.999
2025-11-06 19:25:17.554219,Stockholm,107,21.365,71.018
2025-11-06 20:25:17.554219,Stockholm,78,34.009,40.565
2025-11-06 21:25:17.554219,Stockholm,93,27.6,59.857
2025-11-06 22:25:17.554219,Stockholm,66,14.067,46.44
2025-11-06 23:25:17.554219,Stockholm,84,25.813,48.316
2025-11-07 00:25:17.554219,Stockholm,91,30.344,45.615
2025-11-07 01:25:17.554219,Stockholm,115,25.402,60.938
2025-11-07 02:25:17.554219,Stockholm,114,25.333,77.302
2025-11-07 03:25:17.554219,Stockholm,90,31.394,42.736
2025-11-07 04:25:17.554219,Stockholm,122,37.648,82.322
2025-11-07 05:25:17.554219,Stockholm,104,17.628,62.552
2025-11-07 06:25:17.554219,Stockholm,109,13.417,56.106
2025-11-07 07:25:17.554219,Stockholm,94,36.788,47.203
2025-11-07 08:25:17.554219,Stockholm,73,16.532,31.202
2025-11-07 09:25:17.554219,Stockholm,115,8.402,49.846
2025-11-07 10:25:17.554219,Stockholm,144,25.91,89.444
2025-11-07 11:25:17.554219,Stockholm,85,28.537,78.237
2025-11-07 12:25:17.554219,Stockholm,99,23.579,50.406
2025-11-07 13:25:17.554219,Stockholm,117,11.768,29.351
2025-11-07 14:25:17.554219,Stockholm,59,36.236,47.691
2025-11-07 15:25:17.554219,Stockholm,74,13.694,42.214
2025-11-07 16:25:17.554219,Stockholm,96,7.963,87.965
2025-11-07 17:25:17.554219,Stockholm,128,23.094,54.942
2025-11-07 18:25:17.554219,Stockholm,91,17.903,49.81
2025-11-07 19:25:17.554219,Stockholm,133,32.978,63.723
2025-11-07 20:25:17.554219,Stockholm,86,23.383,60.769
2025-11-07 21:25:17.554219,Stockholm,83,16.76,52.101
2025-11-07 22:25:17.554219,Stockholm,94,37.421,41.36
2025-11-07 23:25:17.554219,Stockholm,85,36.496,26.578
2025-11-08 00:25:17.554219,Stockholm,137,14.838,67.557
2025-11-08 01:25:17.554219,Stockholm,165,8.046,58.393
2025-11-08 02:25:17.554219,Stockholm,99,27.673,88.427
2025-11-08 03:25:17.554219,Stockholm,120,24.971,31.072
2025-11-08 04:25:17.554219,Stockholm,67,37.561,69.743
2025-11-08 05:25:17.554219,Stockholm,97,30.888,83.739
2025-11-08 06:25:17.554219,Stockholm,69,17.356,25.787
2025-11-08 07:25:17.554219,Stockholm,92,6.511,85.499
2025-11-08 08:25:17.554219,Stockholm,148,24.996,59.808
2025-11-08 09:25:17.554219,Stockholm,79,15.709,46.352
2025-11-08 10:25:17.554219,Stockholm,97,29.535,31.081
2025-11-08 11:25:17.554219,Stockholm,134,37.348,76.947
2025-11-08 12:25:17.554219,Stockholm,127,20.279,77.454
2025-11-08 13:25:17.554219,Stockholm,109,35.952,55.683
2025-11-08 14:25:17.554219,Stockholm,110,25.479,29.093
2025-11-08 15:25:17.554219,Stockholm,107,16.84,81.45
2025-11-08 16:25:17.554219,Stockholm,74,26.19,30.886
2025-11-08 17:25:17.554219,Stockholm,117,37.948,84.641
2025-11-08 18:25:17.554219,Stockholm,113,12.098,51.593
2025-11-08 19:25:17.554219,Stockholm,81,24.053,28.088
2025-11-08 20:25:17.554219,Stockholm,104,27.218,78.294
2025-11-08 21:25:17.554219,Stockholm,115,26.914,51.539
2025-11-08 22:25:17.554219,Stockholm,86,24.418,64.268
2025-11-08 23:25:17.554219,Stockholm,117,34.766,38.428
2025-11-09 00:25:17.554219,Stockholm,96,35.684,32.383
2025-11-09 01:25:17.554219,Stockholm,163,21.571,38.576
2025-11-09 02:25:17.554219,Stockholm,77,35.774,70.529
2025-11-09 03:25:17.554219,Stockholm,123,23.967,47.071
2025-11-09 04:25:17.554219,Stockholm,121,10.768,67.747
2025-11-09 05:25:17.554219,Stockholm,101,32.994,39.403
2025-11-09 06:25:17.554219,Stockholm,67,13.763,36.025
2025-11-09 07:25:17.554219,Stockholm,150,37.756,30.402
2025-11-09 08:25:17.554219,Stockholm,89,6.426,26.625
2025-11-09 09:25:17.554219,Stockholm,173,14.185,41.354
2025-11-09 10:25:17.554219,Stockholm,93,20.736,54.07
2025-11-09 11:25:17.554219,Stockholm,80,12.003,65.62
2025-11-09 12:25:17.554219,Stockholm,107,27.872,27.07
2025-11-09 13:25:17.554219,Stockholm,70,25.029,83.38
2025-11-09 14:25:17.554219,Stockholm,103,32.587,85.136
2025-11-09 15:25:17.554219,Stockholm,83,28.437,70.83
2025-11-09 16:25:17.554219,Stockholm,73,36.486,44.942
2025-11-09 17:25:17.554219,Stockholm,109,25.178,70.426
2025-11-09 18:25:17.554219,Stockholm,99,10.415,26.394
2025-11-09 19:25:17.554219,Stockholm,108,17.011,69.999
2025-11-09 20:25:17.554219,Stockholm,99,19.348,52.835
2025-11-09 21:25:17.554219,Stockholm,73,36.038,67.115
2025-11-09 22:25:17.554219,Stockholm,127,16.812,53.181
2025-11-09 23:25:17.554219,Stockholm,117,16.452,51.152
2025-11-10 00:25:17.554219,Stockholm,84,29.054,44.249
2025-11-10 01:25:17.554219,Stockholm,96,14.453,78.422
2025-11-10 02:25:17.554219,Stockholm,108,26.191,64.91
2025-11-10 03:25:17.554219,Stockholm,88,33.122,66.201
2025-11-10 04:25:17.554219,Stockholm,124,16.103,48.73
2025-11-10 05:25:17.554219,Stockholm,96,13.243,71.814
2025-11-10 06:25:17.554219,Stockholm,112,17.944,40.465
2025-11-10 07:25:17.554219,Stockholm,121,6.132,64.937
2025-11-10 08:25:17.554219,Stockholm,114,5.582,88.615
2025-11-10 09:25:17.554219,Stockholm,79,25.565,37.416
2025-11-10 10:25:17.554219,Stockholm,115,22.461,68.115
2025-11-10 11:25:17.554219,Stockholm,101,32.474,31.816
2025-11-10 12:25:17.554219,Stockholm,141,11.143,71.593
2025-11-10 13:25:17.554219,Stockholm,102,34.407,83.745
2025-11-10 14:25:17.554219,Stockholm,110,30.061,79.281
2025-11-10 15:25:17.554219,Stockholm,131,8.728,61.916
2025-11-10 16:25:17.554219,Stockholm,62,15.472,82.006
2025-11-10 17:25:17.554219,Stockholm,76,18.57,81.914
2025-11-10 18:25:17.554219,Stockholm,106,12.623,81.986
2025-11-10 19:25:17.554219,Stockholm,114,8.431,88.511
2025-11-10 20:25:17.554219,Stockholm,125,37.17,53.02
2025-11-10 21:25:17.554219,Stockholm,64,30.383,31.545
2025-11-10 22:25:17.554219,Stockholm,118,18.63,57.805
2025-11-10 23:25:17.554219,Stockholm,97,17.293,57.634
2025-11-11 00:25:17.554219,Stockholm,50,32.748,32.015
2025-11-11 01:25:17.554219,Stockholm,77,14.787,35.502
2025-11-11 02:25:17.554219,Stockholm,51,36.512,26.627
2025-11-11 03:25:17.554219,Stockholm,75,31.894,73.195
2025-11-11 04:25:17.554219,Stockholm,62,26.309,75.932
2025-11-11 05:25:17.554219,Stockholm,111,13.321,89.745
2025-11-11 06:25:17.554219,Stockholm,101,16.947,63.66
2025-11-11 07:25:17.554219,Stockholm,87,15.035,30.814
2025-11-11 08:25:17.554219,Stockholm,148,18.331,76.599
2025-11-11 09:25:17.554219,Stockholm,80,16.77,28.421
2025-11-11 10:25:17.554219,Stockholm,115,37.611,37.179
2025-11-11 11:25:17.554219,Stockholm,138,31.348,80.229
2025-11-11 12:25:17.554219,Stockholm,108,8.227,66.293
2025-11-11 13:25:17.554219,Stockholm,129,34.031,26.236
2025-11-11 14:25:17.554219,Stockholm,76,11.285,37.62
2025-11-11 15:25:17.554219,Stockholm,117,7.775,82.069
2025-11-11 16:25:17.554219,Stockholm,61,14.37,42.172
2025-11-11 17:25:17.554219,Stockholm,111,13.397,85.823
2025-11-11 18:25:17.554219,Stockholm,113,21.53,74.614
2025-11-11 19:25:17.554219,Stockholm,78,30.981,52.357
2025-11-11 20:25:17.554219,Stockholm,148,14.662,53.725
2025-11-11 21:25:17.554219,Stockholm,70,10.65,81.336
2025-11-11 22:25:17.554219,Stockholm,74,37.484,39.581
2025-11-11 23:25:17.554219,Stockholm,103,15.973,34.173
2025-11-12 00:25:17.554219,Stockholm,74,25.239,68.023
2025-11-12 01:25:17.554219,Stockholm,125,20.133,39.463
2025-11-12 02:25:17.554219,Stockholm,95,23.772,29.138
2025-11-12 03:25:17.554219,Stockholm,91,6.764,63.974
2025-11-12 04:25:17.554219,Stockholm,110,23.386,82.638
2025-11-12 05:25:17.554219,Stockholm,94,27.474,67.399
2025-11-12 06:25:17.554219,Stockholm,125,17.671,50.327
2025-11-12 07:25:17.554219,Stockholm,110,36.288,40.154
2025-11-12 08:25:17.554219,Stockholm,119,15.426,63.285
2025-11-12 09:25:17.554219,Stockholm,111,11.359,59.46
2025-11-12 10:25:17.554219,Stockholm,110,9.119,63.707
2025-11-12 11:25:17.554219,Stockholm,73,15.582,37.294
2025-11-12 12:25:17.554219,Stockholm,111,31.583,43.111
2025-11-12 13:25:17.554219,Stockholm,127,29.686,54.583
2025-11-12 14:25:17.554219,Stockholm,98,17.583,46.194
2025-11-12 15:25:17.554219,Stockholm,89,23.135,43.297
2025-11-12 16:25:17.554219,Stockholm,122,24.618,81.616
2025-11-12 17:25:17.554219,Stockholm,128,25.732,57.532
2025-11-12 18:25:17.554219,Stockholm,142,35.407,54.831
2025-11-12 19:25:17.554219,Stockholm,105,9.706,39.59
2025-11-12 20:25:17.554219,Stockholm,106,21.163,80.85
2025-11-12 21:25:17.554219,Stockholm,98,37.808,69.659
2025-11-12 22:25:17.554219,Stockholm,125,12.557,80.245
2025-11-12 23:25:17.554219,Stockholm,107,34.235,75.707
2025-11-13 00:25:17.554219,Stockholm,99,34.262,56.691
2025-11-13 01:25:17.554219,Stockholm,103,36.06,56.658
2025-11-13 02:25:17.554219,Stockholm,121,34.26,30.304
2025-11-13 03:25:17.554219,Stockholm,101,26.289,86.575
2025-11-13 04:25:17.554219,Stockholm,71,19.558,29.424
2025-11-13 05:25:17.554219,Stockholm,114,35.201,56.924
2025-11-13 06:25:17.554219,Stockholm,130,12.291,34.038
2025-11-13 07:25:17.554219,Stockholm,111,9.469,41.181
2025-11-13 08:25:17.554219,Stockholm,119,31.866,70.858
2025-11-13 09:25:17.554219,Stockholm,125,30.683,52.54
2025-11-13 10:25:17.554219,Stockholm,78,15.53,53.977
2025-11-13 11:25:17.554219,Stockholm,82,6.885,54.935
2025-11-13 12:25:17.554219,Stockholm,75,15.91,63.923
2025-11-13 13:25:17.554219,Stockholm,139,15.316,80.318
2025-11-13 14:25:17.554219,Stockholm,100,34.892,82.067
2025-11-13 15:25:17.554219,Stockholm,97,5.415,82.33
2025-11-13 16:25:17.554219,Stockholm,111,16.082,48.798
2025-11-13 17:25:17.554219,Stockholm,126,24.544,65.676
2025-11-13 18:25:17.554219,Stockholm,74,34.398,33.934
2025-11-13 19:25:17.554219,Stockholm,116,33.53,80.227
2025-11-13 20:25:17.554219,Stockholm,79,24.576,26.847
2025-11-13 21:25:17.554219,Stockholm,94,13.846,34.563
2025-11-13 22:25:17.554219,Stockholm,119,24.403,83.771
2025-11-13 23:25:17.554219,Stockholm,82,12.068,73.465
2025-11-14 00:25:17.554219,Stockholm,133,29.289,44.911
2025-11-14 01:25:17.554219,Stockholm,140,10.285,62.001
2025-11-14 02:25:17.554219,Stockholm,127,15.37,43.992
2025-11-14 03:25:17.554219,Stockholm,91,36.649,73.535
2025-11-14 04:25:17.554219,Stockholm,176,36.576,62.066
2025-11-14 05:25:17.554219,Stockholm,59,31.071,73.35
2025-11-14 06:25:17.554219,Stockholm,157,22.36,61.211
2025-11-14 07:25:17.554219,Stockholm,61,9.777,61.149
2025-11-14 08:25:17.554219,Stockholm,118,21.926,74.411
2025-11-14 09:25:17.554219,Stockholm,118,8.61,80.307
2025-11-14 10:25:17.554219,Stockholm,121,13.748,61.374
2025-11-14 11:25:17.554219,Stockholm,196,6.929,30.756
2025-11-14 12:25:17.554219,Stockholm,95,9.822,47.729
2025-11-14 13:25:17.554219,Stockholm,81,28.586,26.39
2025-11-14 14:25:17.554219,Stockholm,101,30.535,30.705
2025-11-14 15:25:17.554219,Stockholm,63,18.272,51.154
2025-11-14 16:25:17.554219,Stockholm,113,19.674,54.563
2025-11-14 17:25:17.554219,Stockholm,128,20.831,46.409
2025-11-14 18:25:17.554219,Stockholm,154,11.265,31.218
2025-11-14 19:25:17.554219,Stockholm,91,10.783,79.762
2025-11-14 20:25:17.554219,Stockholm,108,22.065,60.501
2025-11-14 21:25:17.554219,Stockholm,94,30.915,56.285
2025-11-14 22:25:17.554219,Stockholm,102,34.195,49.311
2025-11-14 23:25:17.554219,Stockholm,87,25.142,82.575
2025-11-15 00:25:17.554219,Stockholm,143,8.473,82.323
2025-11-15 01:25:17.554219,Stockholm,97,33.499,50.387
2025-11-15 02:25:17.554219,Stockholm,123,5.511,67.69
2025-11-15 03:25:17.554219,Stockholm,133,35.826,66.916
2025-11-15 04:25:17.554219,Stockholm,92,22.016,34.42
2025-11-15 05:25:17.554219,Stockholm,110,18.021,39.063
2025-11-15 06:25:17.554219,Stockholm,114,19.962,68.058
2025-11-15 07:25:17.554219,Stockholm,113,14.87,88.246
2025-11-15 08:25:17.554219,Stockholm,158,13.607,52.552
2025-11-15 09:25:17.554219,Stockholm,57,10.279,29.352
2025-11-15 10:25:17.554219,Stockholm,95,12.687,57.665
2025-11-15 11:25:17.554219,Stockholm,61,28.575,66.212
2025-11-15 12:25:17.554219,Stockholm,102,34.081,37.044
2025-11-15 13:25:17.554219,Stockholm,71,12.963,50.254
2025-11-15 14:25:17.554219,Stockholm,104,34.714,39.008
2025-11-15 15:25:17.554219,Stockholm,118,29.41,81.41
2025-11-15 16:25:17.554219,Stockholm,77,18.802,45.802
2025-11-15 17:25:17.554219,Stockholm,94,31.098,49.927
2025-11-15 18:25:17.554219,Stockholm,83,14.087,73.015
2025-11-15 19:25:17.554219,Stockholm,65,31.528,47.287
2025-11-15 20:25:17.554219,Stockholm,108,8.197,44.489
2025-11-15 21:25:17.554219,Stockholm,114,19.843,71.251
2025-11-15 22:25:17.554219,Stockholm,88,12.023,63.373
2025-11-15 23:25:17.554219,Stockholm,129,28.608,75.165
2025-11-16 00:25:17.554219,Stockholm,94,31.588,67.333
2025-11-16 01:25:17.554219,Stockholm,119,15.889,66.724
2025-11-16 02:25:17.554219,Stockholm,104,34.566,61.778
2025-11-16 03:25:17.554219,Stockholm,127,5.31,69.065
2025-11-16 04:25:17.554219,Stockholm,111,13.373,63.387
2025-11-16 05:25:17.554219,Stockholm,131,31.144,47.066
2025-11-16 06:25:17.554219,Stockholm,107,22.258,68.388
2025-11-16 07:25:17.554219,Stockholm,106,18.1,81.513
2025-11-16 08:25:17.554219,Stockholm,114,29.477,68.791
2025-11-16 09:25:17.554219,Stockholm,83,15.171,43.772
2025-11-16 10:25:17.554219,Stockholm,104,23.816,55.049
2025-11-16 11:25:17.554219,Stockholm,166,15.59,44.175
2025-11-16 12:25:17.554219,Stockholm,116,37.915,68.368
2025-11-16 13:25:17.554219,Stockholm,107,25.097,73.66
2025-11-16 14:25:17.554219,Stockholm,99,23.444,53.568
2025-11-16 15:25:17.554219,Stockholm,95,15.721,30.841
2025-11-16 16:25:17.554219,Stockholm,86,21.229,65.824
2025-11-16 17:25:17.554219,Stockholm,48,22.785,40.611
2025-11-16 18:25:17.554219,Stockholm,90,32.625,27.678
2025-11-16 19:25:17.554219,Stockholm,129,16.344,75.104
2025-11-16 20:25:17.554219,Stockholm,83,29.84,25.386
2025-11-16 21:25:17.554219,Stockholm,89,22.709,56.681
2025-11-16 22:25:17.554219,Stockholm,139,27.19,78.725
2025-11-16 23:25:17.554219,Stockholm,91,30.583,68.347
2025-11-17 00:25:17.554219,Stockholm,90,37.437,36.087
2025-11-17 01:25:17.554219,Stockholm,106,12.338,77.115
2025-11-17 02:25:17.554219,Stockholm,127,35.088,65.655
2025-11-17 03:25:17.554219,Stockholm,58,15.248,63.954
2025-11-17 04:25:17.554219,Stockholm,68,22.465,73.321
2025-11-17 05:25:17.554219,Stockholm,128,16.725,73.31
2025-11-17 06:25:17.554219,Stockholm,110,9.229,82.201
2025-11-17 07:25:17.554219,Stockholm,73,37.343,50.484
2025-11-17 08:25:17.554219,Stockholm,105,11.897,88.694
2025-11-17 09:25:17.554219,Stockholm,107,7.887,50.213
2025-11-17 10:25:17.554219,Stockholm,113,5.483,48.995
2025-11-17 11:25:17.554219,Stockholm,98,15.493,30.281
2025-11-17 12:25:17.554219,Stockholm,95,28.431,44.208
2025-11-17 13:25:17.554219,Stockholm,116,25.508,54.585
2025-11-17 14:25:17.554219,Stockholm,132,19.315,43.538
2025-11-17 15:25:17.554219,Stockholm,131,5.865,65.321
2025-11-17 16:25:17.554219,Stockholm,81,31.213,34.03
2025-11-17 17:25:17.554219,Stockholm,102,23.967,67.275
2025-11-17 18:25:17.554219,Stockholm,152,32.766,32.333
2025-11-17 19:25:17.554219,Stockholm,94,20.303,82.905
2025-11-17 20:25:17.554219,Stockholm,90,33.84,37.889
2025-11-17 21:25:17.554219,Stockholm,76,6.482,30.246
2025-11-17 22:25:17.554219,Stockholm,71,14.581,41.628
2025-11-17 23:25:17.554219,Stockholm,97,23.87,48.959
2025-11-18 00:25:17.554219,Stockholm,78,20.011,47.332
2025-11-18 01:25:17.554219,Stockholm,149,31.195,67.512
2025-11-18 02:25:17.554219,Stockholm,101,26.575,45.036
2025-11-18 03:25:17.554219,Stockholm,124,13.088,57.392
2025-11-18 04:25:17.554219,Stockholm,90,36.926,45.773
2025-11-18 05:25:17.554219,Stockholm,103,18.935,26.239
2025-11-18 06:25:17.554219,Stockholm,86,15.769,70.62
2025-11-18 07:25:17.554219,Stockholm,85,32.755,41.657
2025-11-18 08:25:17.554219,Stockholm,103,37.634,43.929
2025-11-18 09:25:17.554219,Stockholm,99,21.384,32.558
2025-11-18 10:25:17.554219,Stockholm,81,33.74,55.763
2025-11-18 11:25:17.554219,Stockholm,97,21.332,44.529
2025-11-18 12:25:17.554219,Stockholm,135,17.702,75.888
2025-11-18 13:25:17.554219,Stockholm,100,5.881,34.453
2025-11-18 14:25:17.554219,Stockholm,118,17.954,86.181
2025-11-18 15:25:17.554219,Stockholm,84,17.108,26.761
2025-11-18 16:25:17.554219,Stockholm,83,18.939,32.99
2025-11-18 17:25:17.554219,Stockholm,138,29.462,77.466
2025-11-18 18:25:17.554219,Stockholm,114,8.117,43.693
2025-11-18 19:25:17.554219,Stockholm,90,26.563,87.971
2025-11-18 20:25:17.554219,Stockholm,90,11.146,41.156
2025-11-18 21:25:17.554219,Stockholm,83,32.49,67.191
2025-11-18 22:25:17.554219,Stockholm,119,6.201,37.163
2025-11-18 23:25:17.554219,Stockholm,92,29.784,47.603
2025-11-19 00:25:17.554219,Stockholm,143,6.506,35.981
2025-11-19 01:25:17.554219,Stockholm,81,31.379,46.762
2025-11-19 02:25:17.554219,Stockholm,131,11.619,28.159
2025-11-19 03:25:17.554219,Stockholm,145,33.054,71.151
2025-11-19 04:25:17.554219,Stockholm,43,11.882,28.046
2025-11-19 05:25:17.554219,Stockholm,65,8.546,41.096
2025-11-19 06:25:17.554219,Stockholm,42,21.011,39.699
2025-11-19 07:25:17.554219,Stockholm,124,11.618,65.539
2025-11-19 08:25:17.554219,Stockholm,116,15.085,78.814
2025-11-19 09:25:17.554219,Stockholm,96,25.226,88.442
2025-11-19 10:25:17.554219,Stockholm,151,22.758,52.899
2025-11-19 11:25:17.554219,Stockholm,66,28.433,29.27
2025-11-19 12:25:17.554219,Stockholm,77,37.977,27.891
2025-11-19 13:25:17.554219,Stockholm,82,15.15,73.475
2025-11-19 14:25:17.554219,Stockholm,86,18.597,45.055
2025-11-19 15:25:17.554219,Stockholm,122,26.136,87.919
2025-11-19 16:25:17.554219,Stockholm,89,10.36,67.203
2025-11-19 17:25:17.554219,Stockholm,86,33.296,33.095
2025-11-04 18:25:17.554219,Helsinki,104,26.816,88.866
2025-11-04 19:25:17.554219,Helsinki,95,16.061,36.714
2025-11-04 20:25:17.554219,Helsinki,112,5.934,84.669
2025-11-04 21:25:17.554219,Helsinki,91,35.654,84.515
2025-11-04 22:25:17.554219,Helsinki,115,37.628,39.483
2025-11-04 23:25:17.554219,Helsinki,87,24.538,31.35
2025-11-05 00:25:17.554219,Helsinki,87,22.984,50.806
2025-11-05 01:25:17.554219,Helsinki,105,34.976,63.722
2025-11-05 02:25:17.554219,Helsinki,73,22.228,42.692
2025-11-05 03:25:17.554219,Helsinki,86,7.458,25.603
2025-11-05 04:25:17.554219,Helsinki,118,20.909,39.215
2025-11-05 05:25:17.554219,Helsinki,114,7.903,70.62
2025-11-05 06:25:17.554219,Helsinki,129,24.355,55.761
2025-11-05 07:25:17.554219,Helsinki,78,20.101,60.889
2025-11-05 08:25:17.554219,Helsinki,79,14.497,32.843
2025-11-05 09:25:17.554219,Helsinki,116,6.777,30.998
2025-11-05 10:25:17.554219,Helsinki,112,20.89,53.918
2025-11-05 11:25:17.554219,Helsinki,92,19.143,83.551
2025-11-05 12:25:17.554219,Helsinki,140,20.758,58.997
2025-11-05 13:25:17.554219,Helsinki,108,20.484,45.348
2025-11-05 14:25:17.554219,Helsinki,114,17.669,60.157
2025-11-05 15:25:17.554219,Helsinki,86,34.438,49.561
2025-11-05 16:25:17.554219,Helsinki,139,8.07,37.351
2025-11-05 17:25:17.554219,Helsinki,97,32.227,53.115
2025-11-05 18:25:17.554219,Helsinki,114,20.414,41.501
2025-11-05 19:25:17.554219,Helsinki,163,16.861,78.113
2025-11-05 20:25:17.554219,Helsinki,114,19.397,40.44
2025-11-05 21:25:17.554219,Helsinki,56,8.287,25.969
2025-11-05 22:25:17.554219,Helsinki,124,7.519,72.525
2025-11-05 23:25:17.554219,Helsinki,117,31.827,58.299
2025-11-06 00:25:17.554219,Helsinki,61,15.045,39.119
2025-11-06 01:25:17.554219,Helsinki,116,31.797,26.008
2025-11-06 02:25:17.554219,Helsinki,113,30.521,89.047
2025-11-06 03:25:17.554219,Helsinki,125,19.92,53.029
2025-11-06 04:25:17.554219,Helsinki,92,13.939,47.858
2025-11-06 05:25:17.554219,Helsinki,74,31.535,46.868
2025-11-06 06:25:17.554219,Helsinki,63,27.812,52.425
2025-11-06 07:25:17.554219,Helsinki,111,6.655,66.589
2025-11-06 08:25:17.554219,Helsinki,75,5.474,39.671
2025-11-06 09:25:17.554219,Helsinki,103,37.224,71.701
2025-11-06 10:25:17.554219,Helsinki,121,22.947,85.047
2025-11-06 11:25:17.554219,Helsinki,104,27.007,46.832
2025-11-06 12:25:17.554219,Helsinki,87,22.638,69.122
2025-11-06 13:25:17.554219,Helsinki,148,35.88,42.987
2025-11-06 14:25:17.554219,Helsinki,147,34.559,34.847
2025-11-06 15:25:17.554219,Helsinki,86,14.203,41.19
2025-11-06 16:25:17.554219,Helsinki,108,16.945,88.434
2025-11-06 17:25:17.554219,Helsinki,142,33.012,41.902
2025-11-06 18:25:17.554219,Helsinki,79,8.526,41.197
2025-11-06 19:25:17.554219,Helsinki,99,35.122,86.687
2025-11-06 20:25:17.554219,Helsinki,106,36.18,39.9
2025-11-06 21:25:17.554219,Helsinki,83,21.27,62.646
2025-11-06 22:25:17.554219,Helsinki,120,37.77,73.251
2025-11-06 23:25:17.554219,Helsinki,89,35.013,26.021
2025-11-07 00:25:17.554219,Helsinki,128,15.112,34.699
2025-11-07 01:25:17.554219,Helsinki,115,11.591,40.203
2025-11-07 02:25:17.554219,Helsinki,128,36.715,25.377
2025-11-07 03:25:17.554219,Helsinki,96,12.546,56.581
2025-11-07 04:25:17.554219,Helsinki,78,27.834,58.003
2025-11-07 05:25:17.554219,Helsinki,97,28.943,58.68
2025-11-07 06:25:17.554219,Helsinki,127,27.101,47.882
2025-11-07 07:25:17.554219,Helsinki,109,5.561,31.262
2025-11-07 08:25:17.554219,Helsinki,116,6.694,27.437
2025-11-07 09:25:17.554219,Helsinki,75,12.692,53.681
2025-11-07 10:25:17.554219,Helsinki,103,31.902,51.197
2025-11-07 11:25:17.554219,Helsinki,75,20.671,78.467
2025-11-07 12:25:17.554219,Helsinki,120,26.053,60.299
2025-11-07 13:25:17.554219,Helsinki,72,36.638,57.2
2025-11-07 14:25:17.554219,Helsinki,61,19.842,47.31
2025-11-07 15:25:17.554219,Helsinki,153,21.726,45.719
2025-11-07 16:25:17.554219,Helsinki,60,16.247,74.803
2025-11-07 17:25:17.554219,Helsinki,141,11.907,39.092
2025-11-07 18:25:17.554219,Helsinki,99,5.204,50.398
2025-11-07 19:25:17.554219,Helsinki,141,31.225,36.864
2025-11-07 20:25:17.554219,Helsinki,83,13.641,57.056
2025-11-07 21:25:17.554219,Helsinki,110,27.167,33.48
2025-11-07 22:25:17.554219,Helsinki,104,29.407,42.062
2025-11-07 23:25:17.554219,Helsinki,100,36.086,75.477
2025-11-08 00:25:17.554219,Helsinki,120,15.457,77.286
2025-11-08 01:25:17.554219,Helsinki,88,27.027,48.155
2025-11-08 02:25:17.554219,Helsinki,107,25.709,83.959
2025-11-08 03:25:17.554219,Helsinki,101,33.697,37.812
2025-11-08 04:25:17.554219,Helsinki,113,29.465,37.262
2025-11-08 05:25:17.554219,Helsinki,85,20.929,29.801
2025-11-08 06:25:17.554219,Helsinki,111,11.372,53.479
2025-11-08 07:25:17.554219,Helsinki,127,34.865,79.765
2025-11-08 08:25:17.554219,Helsinki,83,36.049,46.675
2025-11-08 09:25:17.554219,Helsinki,111,31.826,49.385
2025-11-08 10:25:17.554219,Helsinki,98,11.002,39.738
2025-11-08 11:25:17.554219,Helsinki,76,28.142,36.087
2025-11-08 12:25:17.554219,Helsinki,181,29.304,61.255
2025-11-08 13:25:17.554219,Helsinki,93,13.163,67.215
2025-11-08 14:25:17.554219,Helsinki,105,7.275,74.244
2025-11-08 15:25:17.554219,Helsinki,129,31.966,63.855
2025-11-08 16:25:17.554219,Helsinki,119,31.192,82.733
2025-11-08 17:25:17.554219,Helsinki,117,5.532,58.058
2025-11-08 18:25:17.554219,Helsinki,67,15.56,44.728
2025-11-08 19:25:17.554219,Helsinki,84,31.002,35.615
2025-11-08 20:25:17.554219,Helsinki,171,36.232,69.394
2025-11-08 21:25:17.554219,Helsinki,59,11.969,76.547
2025-11-08 22:25:17.554219,Helsinki,77,25.85,83.401
2025-11-08 23:25:17.554219,Helsinki,112,33.673,89.864
2025-11-09 00:25:17.554219,Helsinki,116,12.92,46.65
2025-11-09 01:25:17.554219,Helsinki,114,22.247,31.521
2025-11-09 02:25:17.554219,Helsinki,86,13.999,84.461
2025-11-09 03:25:17.554219,Helsinki,126,16.44,38.609
2025-11-09 04:25:17.554219,Helsinki,119,27.274,80.983
2025-11-09 05:25:17.554219,Helsinki,108,23.223,65.835
2025-11-09 06:25:17.554219,Helsinki,106,23.856,43.136
2025-11-09 07:25:17.554219,Helsinki,96,34.216,55.553
2025-11-09 08:25:17.554219,Helsinki,55,32.224,81.746
2025-11-09 09:25:17.554219,Helsinki,53,22.049,48.292
2025-11-09 10:25:17.554219,Helsinki,108,18.47,39.876
2025-11-09 11:25:17.554219,Helsinki,92,19.3,73.034
2025-11-09 12:25:17.554219,Helsinki,102,7.873,63.514
2025-11-09 13:25:17.554219,Helsinki,120,5.3,40.925
2025-11-09 14:25:17.554219,Helsinki,109,11.411,36.581
2025-11-09 15:25:17.554219,Helsinki,108,11.179,42.412
2025-11-09 16:25:17.554219,Helsinki,66,27.722,25.306
2025-11-09 17:25:17.554219,Helsinki,113,11.96,40.863
2025-11-09 18:25:17.554219,Helsinki,84,8.688,48.173
2025-11-09 19:25:17.554219,Helsinki,65,9.979,81.751
2025-11-09 20:25:17.554219,Helsinki,119,13.386,83.262
2025-11-09 21:25:17.554219,Helsinki,174,9.416,45.733
2025-11-09 22:25:17.554219,Helsinki,68,14.077,53.15
2025-11-09 23:25:17.554219,Helsinki,124,34.854,49.228
2025-11-10 00:25:17.554219,Helsinki,132,8.457,63.295
2025-11-10 01:25:17.554219,Helsinki,82,19.957,80.451
2025-11-10 02:25:17.554219,Helsinki,82,30.856,52.766
2025-11-10 03:25:17.554219,Helsinki,127,6.436,70.744
2025-11-10 04:25:17.554219,Helsinki,116,11.047,51.111
2025-11-10 05:25:17.554219,Helsinki,97,27.167,40.693
2025-11-10 06:25:17.554219,Helsinki,102,11.508,48.741
2025-11-10 07:25:17.554219,Helsinki,93,18.098,73.385
2025-11-10 08:25:17.554219,Helsinki,120,29.964,80.71
2025-11-10 09:25:17.554219,Helsinki,114,6.502,68.788
2025-11-10 10:25:17.554219,Helsinki,146,16.978,56.217
2025-11-10 11:25:17.554219,Helsinki,96,19.722,57.549
2025-11-10 12:25:17.554219,Helsinki,142,21.942,76.748
2025-11-10 13:25:17.554219,Helsinki,75,33.895,82.87
2025-11-10 14:25:17.554219,Helsinki,96,26.021,57.318
2025-11-10 15:25:17.554219,Helsinki,63,17.886,31.769
2025-11-10 16:25:17.554219,Helsinki,110,14.796,80.748
2025-11-10 17:25:17.554219,Helsinki,93,7.323,59.348
2025-11-10 18:25:17.554219,Helsinki,102,11.256,53.841
2025-11-10 19:25:17.554219,Helsinki,82,19.003,34.721
2025-11-10 20:25:17.554219,Helsinki,74,5.326,85.377
2025-11-10 21:25:17.554219,Helsinki,100,19.724,48.851
2025-11-10 22:25:17.554219,Helsinki,98,25.509,66.263
2025-11-10 23:25:17.554219,Helsinki,100,13.325,69.986
2025-11-11 00:25:17.554219,Helsinki,111,35.129,48.734
2025-11-11 01:25:17.554219,Helsinki,86,5.696,41.412
2025-11-11 02:25:17.554219,Helsinki,124,9.369,80.139
2025-11-11 03:25:17.554219,Helsinki,79,31.833,52.969
2025-11-11 04:25:17.554219,Helsinki,79,36.931,25.729
2025-11-11 05:25:17.554219,Helsinki,93,10.418,76.667
2025-11-11 06:25:17.554219,Helsinki,82,17.154,36.088
2025-11-11 07:25:17.554219,Helsinki,69,30.107,76.858
2025-11-11 08:25:17.554219,Helsinki,113,16.641,37.043
2025-11-11 09:25:17.554219,Helsinki,106,24.595,62.898
2025-11-11 10:25:17.554219,Helsinki,144,27.585,57.559
2025-11-11 11:25:17.554219,Helsinki,61,32.201,88.45
2025-11-11 12:25:17.554219,Helsinki,129,36.939,67.351
2025-11-11 13:25:17.554219,Helsinki,95,12.818,63.537
2025-11-11 14:25:17.554219,Helsinki,83,29.25,67.752
2025-11-11 15:25:17.554219,Helsinki,85,35.21,50.24
2025-11-11 16:25:17.554219,Helsinki,65,15.684,46.954
2025-11-11 17:25:17.554219,Helsinki,145,20.556,50.977
2025-11-11 18:25:17.554219,Helsinki,122,7.798,75.503
2025-11-11 19:25:17.554219,Helsinki,90,37.326,63.278
2025-11-11 20:25:17.554219,Helsinki,109,25.818,60.116
2025-11-11 21:25:17.554219,Helsinki,123,6.406,38.171
2025-11-11 22:25:17.554219,Helsinki,85,33.034,62.645
2025-11-11 23:25:17.554219,Helsinki,165,5.963,77.558
2025-11-12 00:25:17.554219,Helsinki,35,17.492,83.129
2025-11-12 01:25:17.554219,Helsinki,144,15.657,74.722
2025-11-12 02:25:17.554219,Helsinki,121,35.366,61.86
2025-11-12 03:25:17.554219,Helsinki,152,29.019,26.417
2025-11-12 04:25:17.554219,Helsinki,202,34.42,26.061
2025-11-12 05:25:17.554219,Helsinki,117,19.894,82.5
2025-11-12 06:25:17.554219,Helsinki,97,10.511,68.178
2025-11-12 07:25:17.554219,Helsinki,108,8.294,46.232
2025-11-12 08:25:17.554219,Helsinki,68,9.797,51.078
2025-11-12 09:25:17.554219,Helsinki,109,35.611,68.157
2025-11-12 10:25:17.554219,Helsinki,155,12.351,54.044
2025-11-12 11:25:17.554219,Helsinki,131,20.709,57.144
2025-11-12 12:25:17.554219,Helsinki,101,27.81,74.858
2025-11-12 13:25:17.554219,Helsinki,97,32.062,72.854
2025-11-12 14:25:17.554219,Helsinki,92,11.39,81.012
2025-11-12 15:25:17.554219,Helsinki,109,8.106,69.565
2025-11-12 16:25:17.554219,Helsinki,84,31.883,89.433
2025-11-12 17:25:17.554219,Helsinki,89,26.426,48.235
2025-11-12 18:25:17.554219,Helsinki,139,29.637,28.782
2025-11-12 19:25:17.554219,Helsinki,103,23.32,32.236
2025-11-12 20:25:17.554219,Helsinki,104,14.057,52.567
2025-11-12 21:25:17.554219,Helsinki,144,12.864,37.782
2025-11-12 22:25:17.554219,Helsinki,148,5.002,82.431
2025-11-12 23:25:17.554219,Helsinki,121,6.714,25.587
2025-11-13 00:25:17.554219,Helsinki,67,28.953,63.955
2025-11-13 01:25:17.554219,Helsinki,115,33.544,64.299
2025-11-13 02:25:17.554219,Helsinki,98,36.321,55.601
2025-11-13 03:25:17.554219,Helsinki,60,11.735,69.379
2025-11-13 04:25:17.554219,Helsinki,151,7.541,41.134
2025-11-13 05:25:17.554219,Helsinki,101,13.059,76.145
2025-11-13 06:25:17.554219,Helsinki,90,20.907,77.883
2025-11-13 07:25:17.554219,Helsinki,110,20.916,50.557
2025-11-13 08:25:17.554219,Helsinki,118,20.722,55.804
2025-11-13 09:25:17.554219,Helsinki,50,29.226,54.606
2025-11-13 10:25:17.554219,Helsinki,90,9.71,55.647
2025-11-13 11:25:17.554219,Helsinki,79,11.823,59.481
2025-11-13 12:25:17.554219,Helsinki,101,21.493,63.416
2025-11-13 13:25:17.554219,Helsinki,89,22.596,54.002
2025-11-13 14:25:17.554219,Helsinki,82,7.91,39.615
2025-11-13 15:25:17.554219,Helsinki,119,22.683,31.614
2025-11-13 16:25:17.554219,Helsinki,108,28.783,89.591
2025-11-13 17:25:17.554219,Helsinki,96,12.572,48.542
2025-11-13 18:25:17.554219,Helsinki,79,35.459,62.57
2025-11-13 19:25:17.554219,Helsinki,122,11.881,50.822
2025-11-13 20:25:17.554219,Helsinki,144,14.19,35.673
2025-11-13 21:25:17.554219,Helsinki,90,17.516,80.128
2025-11-13 22:25:17.554219,Helsinki,126,9.93,64.377
2025-11-13 23:25:17.554219,Helsinki,94,7.478,78.655
2025-11-14 00:25:17.554219,Helsinki,66,29.095,49.856
2025-11-14 01:25:17.554219,Helsinki,105,33.049,37.828
2025-11-14 02:25:17.554219,Helsinki,91,18.941,29.397
2025-11-14 03:25:17.554219,Helsinki,115,6.59,58.681
2025-11-14 04:25:17.554219,Helsinki,149,21.162,29.364
2025-11-14 05:25:17.554219,Helsinki,130,17.491,78.611
2025-11-14 06:25:17.554219,Helsinki,118,33.751,52.144
2025-11-14 07:25:17.554219,Helsinki,71,25.878,85.475
2025-11-14 08:25:17.554219,Helsinki,143,30.311,58.24
2025-11-14 09:25:17.554219,Helsinki,85,7.64,40.939
2025-11-14 10:25:17.554219,Helsinki,102,21.977,79.3
2025-11-14 11:25:17.554219,Helsinki,146,28.201,33.242
2025-11-14 12:25:17.554219,Helsinki,91,8.887,42.198
2025-11-14 13:25:17.554219,Helsinki,94,28.816,59.671
2025-11-14 14:25:17.554219,Helsinki,67,21.776,84.187
2025-11-14 15:25:17.554219,Helsinki,71,20.848,59.43
2025-11-14 16:25:17.554219,Helsinki,121,13.597,36.768
2025-11-14 17:25:17.554219,Helsinki,56,18.529,39.908
2025-11-14 18:25:17.554219,Helsinki,105,12.802,85.301
2025-11-14 19:25:17.554219,Helsinki,102,20.991,63.594
2025-11-14 20:25:17.554219,Helsinki,86,23.613,75.019
2025-11-14 21:25:17.554219,Helsinki,95,7.49,43.382
2025-11-14 22:25:17.554219,Helsinki,98,12.975,52.826
2025-11-14 23:25:17.554219,Helsinki,88,37.843,64.829
2025-11-15 00:25:17.554219,Helsinki,102,28.075,65.1
2025-11-15 01:25:17.554219,Helsinki,97,17.709,60.107
2025-11-15 02:25:17.554219,Helsinki,104,22.057,82.434
2025-11-15 03:25:17.554219,Helsinki,231,25.795,87.839
2025-11-15 04:25:17.554219,Helsinki,129,15.462,29.265
2025-11-15 05:25:17.554219,Helsinki,117,26.686,62.438
2025-11-15 06:25:17.554219,Helsinki,119,16.014,37.726
2025-11-15 07:25:17.554219,Helsinki,118,31.118,47.795
2025-11-15 08:25:17.554219,Helsinki,106,29.847,86.351
2025-11-15 09:25:17.554219,Helsinki,152,19.156,43.101
2025-11-15 10:25:17.554219,Helsinki,87,5.167,74.334
2025-11-15 11:25:17.554219,Helsinki,94,14.303,62.569
2025-11-15 12:25:17.554219,Helsinki,88,33.015,53.877
2025-11-15 13:25:17.554219,Helsinki,122,11.009,74.799
2025-11-15 14:25:17.554219,Helsinki,100,22.596,62.676
2025-11-15 15:25:17.554219,Helsinki,64,7.094,47.15
2025-11-15 16:25:17.554219,Helsinki,94,25.536,64.448
2025-11-15 17:25:17.554219,Helsinki,78,35.385,32.749
2025-11-15 18:25:17.554219,Helsinki,104,27.972,51.507
2025-11-15 19:25:17.554219,Helsinki,90,23.496,72.55
2025-11-15 20:25:17.554219,Helsinki,95,22.542,48.634
2025-11-15 21:25:17.554219,Helsinki,170,10.668,77.665
2025-11-15 22:25:17.554219,Helsinki,96,23.471,52.801
2025-11-15 23:25:17.554219,Helsinki,105,20.524,51.989
2025-11-16 00:25:17.554219,Helsinki,87,6.237,27.847
2025-11-16 01:25:17.554219,Helsinki,90,33.296,68.827
2025-11-16 02:25:17.554219,Helsinki,80,25.524,29.548
2025-11-16 03:25:17.554219,Helsinki,137,12.923,27.237
2025-11-16 04:25:17.554219,Helsinki,116,32.355,58.828
2025-11-16 05:25:17.554219,Helsinki,112,19.311,38.806
2025-11-16 06:25:17.554219,Helsinki,105,7.165,65.715
2025-11-16 07:25:17.554219,Helsinki,123,6.324,29.168
2025-11-16 08:25:17.554219,Helsinki,130,9.039,57.317
2025-11-16 09:25:17.554219,Helsinki,108,29.119,25.463
2025-11-16 10:25:17.554219,Helsinki,73,30.439,71.792
2025-11-16 11:25:17.554219,Helsinki,131,34.094,72.526
2025-11-16 12:25:17.554219,Helsinki,125,6.626,35.265
2025-11-16 13:25:17.554219,Helsinki,96,32.716,58.258
2025-11-16 14:25:17.554219,Helsinki,85,31.374,30.023
2025-11-16 15:25:17.554219,Helsinki,156,33.586,65.197
2025-11-16 16:25:17.554219,Helsinki,129,6.235,44.693
2025-11-16 17:25:17.554219,Helsinki,122,24.121,65.967
2025-11-16 18:25:17.554219,Helsinki,98,25.879,29.066
2025-11-16 19:25:17.554219,Helsinki,125,16.183,44.788
2025-11-16 20:25:17.554219,Helsinki,101,13.73,89.663
2025-11-16 21:25:17.554219,Helsinki,119,32.172,75.029
2025-11-16 22:25:17.554219,Helsinki,118,37.198,63.238
2025-11-16 23:25:17.554219,Helsinki,50,35.272,87.037
2025-11-17 00:25:17.554219,Helsinki,92,27.533,62.748
2025-11-17 01:25:17.554219,Helsinki,115,22.12,39.44
2025-11-17 02:25:17.554219,Helsinki,122,10.852,46.489
2025-11-17 03:25:17.554219,Helsinki,130,18.773,50.627
2025-11-17 04:25:17.554219,Helsinki,122,34.604,54.251
2025-11-17 05:25:17.554219,Helsinki,139,14.477,67.923
2025-11-17 06:25:17.554219,Helsinki,97,15.818,49.047
2025-11-17 07:25:17.554219,Helsinki,113,14.883,41.381
2025-11-17 08:25:17.554219,Helsinki,106,33.526,64.109
2025-11-17 09:25:17.554219,Helsinki,124,16.7,60.869
2025-11-17 10:25:17.554219,Helsinki,133,20.007,48.905
2025-11-17 11:25:17.554219,Helsinki,112,22.01,65.344
2025-11-17 12:25:17.554219,Helsinki,110,15.271,38.206
2025-11-17 13:25:17.554219,Helsinki,112,15.447,67.503
2025-11-17 14:25:17.554219,Helsinki,109,26.47,35.346
2025-11-17 15:25:17.554219,Helsinki,160,37.351,61.905
2025-11-17 16:25:17.554219,Helsinki,90,30.461,86.9
2025-11-17 17:25:17.554219,Helsinki,105,13.305,59.538
2025-11-17 18:25:17.554219,Helsinki,111,27.636,31.804
2025-11-17 19:25:17.554219,Helsinki,106,27.662,46.185
2025-11-17 20:25:17.554219,Helsinki,147,25.098,52.328
2025-11-17 21:25:17.554219,Helsinki,91,20.656,40.022
2025-11-17 22:25:17.554219,Helsinki,147,21.737,70.312
2025-11-17 23:25:17.554219,Helsinki,75,18.421,51.72
2025-11-18 00:25:17.554219,Helsinki,85,20.161,79.837
2025-11-18 01:25:17.554219,Helsinki,128,27.969,58.791
2025-11-18 02:25:17.554219,Helsinki,145,37.97,35.13
2025-11-18 03:25:17.554219,Helsinki,66,19.264,72.769
2025-11-18 04:25:17.554219,Helsinki,107,7.745,80.487
2025-11-18 05:25:17.554219,Helsinki,72,12.374,64.408
2025-11-18 06:25:17.554219,Helsinki,66,36.971,25.536
2025-11-18 07:25:17.554219,Helsinki,77,18.954,75.298
2025-11-18 08:25:17.554219,Helsinki,89,9.944,89.795
2025-11-18 09:25:17.554219,Helsinki,123,19.244,48.106
2025-11-18 10:25:17.554219,Helsinki,101,5.015,34.105
2025-11-18 11:25:17.554219,Helsinki,88,25.037,59.066
2025-11-18 12:25:17.554219,Helsinki,62,8.288,74.893
2025-11-18 13:25:17.554219,Helsinki,108,33.694,82.365
2025-11-18 14:25:17.554219,Helsinki,120,21.566,71.705
2025-11-18 15:25:17.554219,Helsinki,85,30.92,86.463
2025-11-18 16:25:17.554219,Helsinki,116,33.927,26.102
2025-11-18 17:25:17.554219,Helsinki,92,37.179,76.465
2025-11-18 18:25:17.554219,Helsinki,81,17.992,40.079
2025-11-18 19:25:17.554219,Helsinki,119,33.121,32.148
2025-11-18 20:25:17.554219,Helsinki,103,30.328,55.704
2025-11-18 21:25:17.554219,Helsinki,117,23.786,57.852
2025-11-18 22:25:17.554219,Helsinki,132,11.134,27.913
2025-11-18 23:25:17.554219,Helsinki,96,13.58,58.049
2025-11-19 00:25:17.554219,Helsinki,87,10.953,48.769
2025-11-19 01:25:17.554219,Helsinki,103,26.874,75.439
2025-11-19 02:25:17.554219,Helsinki,43,30.916,78.885
2025-11-19 03:25:17.554219,Helsinki,128,27.974,89.788
2025-11-19 04:25:17.554219,Helsinki,132,24.921,49.112
2025-11-19 05:25:17.554219,Helsinki,127,33.374,45.084
2025-11-19 06:25:17.554219,Helsinki,99,25.911,86.178
2025-11-19 07:25:17.554219,Helsinki,133,32.975,57.819
2025-11-19 08:25:17.554219,Helsinki,112,16.215,55.853
2025-11-19 09:25:17.554219,Helsinki,105,12.399,39.796
2025-11-19 10:25:17.554219,Helsinki,68,6.416,87.94
2025-11-19 11:25:17.554219,Helsinki,127,22.541,59.763
2025-11-19 12:25:17.554219,Helsinki,139,24.34,85.953
2025-11-19 13:25:17.554219,Helsinki,83,17.979,88.543
2025-11-19 14:25:17.554219,Helsinki,86,15.082,42.476
2025-11-19 15:25:17.554219,Helsinki,61,25.666,72.041
2025-11-19 16:25:17.554219,Helsinki,148,17.946,82.512
2025-11-19 17:25:17.554219,Helsinki,132,28.691,64.973
2025-11-04 18:25:17.554219,Zurich,104,34.719,46.797
2025-11-04 19:25:17.554219,Zurich,86,32.058,88.797
2025-11-04 20:25:17.554219,Zurich,136,16.829,49.257
2025-11-04 21:25:17.554219,Zurich,126,11.519,79.811
2025-11-04 22:25:17.554219,Zurich,92,27.309,85.689
2025-11-04 23:25:17.554219,Zurich,96,6.408,29.363
2025-11-05 00:25:17.554219,Zurich,115,28.316,89.041
2025-11-05 01:25:17.554219,Zurich,165,9.85,26.16
2025-11-05 02:25:17.554219,Zurich,108,31.52,48.104
2025-11-05 03:25:17.554219,Zurich,80,6.542,54.293
2025-11-05 04:25:17.554219,Zurich,170,7.319,62.006
2025-11-05 05:25:17.554219,Zurich,58,10.154,43.211
2025-11-05 06:25:17.554219,Zurich,98,27.339,86.529
2025-11-05 07:25:17.554219,Zurich,136,19.791,39.361
2025-11-05 08:25:17.554219,Zurich,103,35.885,62.843
2025-11-05 09:25:17.554219,Zurich,113,20.453,34.725
2025-11-05 10:25:17.554219,Zurich,117,23.72,35.388
2025-11-05 11:25:17.554219,Zurich,148,18.481,40.319
2025-11-05 12:25:17.554219,Zurich,121,18.628,50.598
2025-11-05 13:25:17.554219,Zurich,54,15.732,43.77
2025-11-05 14:25:17.554219,Zurich,112,37.187,87.388
2025-11-05 15:25:17.554219,Zurich,70,23.477,54.364
2025-11-05 16:25:17.554219,Zurich,126,25.31,41.966
2025-11-05 17:25:17.554219,Zurich,59,8.658,39.779
2025-11-05 18:25:17.554219,Zurich,81,35.33,86.391
2025-11-05 19:25:17.554219,Zurich,167,35.033,55.349
2025-11-05 20:25:17.554219,Zurich,129,10.536,25.636
2025-11-05 21:25:17.554219,Zurich,140,13.732,33.04
2025-11-05 22:25:17.554219,Zurich,125,29.395,61.65
2025-11-05 23:25:17.554219,Zurich,102,11.629,47.098
2025-11-06 00:25:17.554219,Zurich,78,5.253,73.383
2025-11-06 01:25:17.554219,Zurich,111,9.406,65.916
2025-11-06 02:25:17.554219,Zurich,99,32.83,85.413
2025-11-06 03:25:17.554219,Zurich,120,27.366,64.282
2025-11-06 04:25:17.554219,Zurich,78,10.742,35.511
2025-11-06 05:25:17.554219,Zurich,169,8.723,71.886
2025-11-06 06:25:17.554219,Zurich,108,22.381,34.735
2025-11-06 07:25:17.554219,Zurich,118,28.831,29.713
2025-11-06 08:25:17.554219,Zurich,139,22.212,39.179
2025-11-06 09:25:17.554219,Zurich,81,29.586,57.969
2025-11-06 10:25:17.554219,Zurich,104,20.589,87.099
2025-11-06 11:25:17.554219,Zurich,92,8.099,46.937
2025-11-06 12:25:17.554219,Zurich,97,17.614,55.346
2025-11-06 13:25:17.554219,Zurich,94,27.399,89.703
2025-11-06 14:25:17.554219,Zurich,104,37.597,38.108
2025-11-06 15:25:17.554219,Zurich,98,21.845,42.311
2025-11-06 16:25:17.554219,Zurich,95,11.518,87.939
2025-11-06 17:25:17.554219,Zurich,122,22.67,45.89
2025-11-06 18:25:17.554219,Zurich,142,7.839,66.558
2025-11-06 19:25:17.554219,Zurich,123,5.423,64.82
2025-11-06 20:25:17.554219,Zurich,81,24.85,83.139
2025-11-06 21:25:17.554219,Zurich,142,37.982,31.926
2025-11-06 22:25:17.554219,Zurich,96,24.91,31.168
2025-11-06 23:25:17.554219,Zurich,139,13.072,70.829
2025-11-07 00:25:17.554219,Zurich,75,7.307,43.051
2025-11-07 01:25:17.554219,Zurich,83,34.051,59.151
2025-11-07 02:25:17.554219,Zurich,86,21.574,35.458
2025-11-07 03:25:17.554219,Zurich,128,22.116,48.799
2025-11-07 04:25:17.554219,Zurich,74,25.486,47.525
2025-11-07 05:25:17.554219,Zurich,138,7.219,35.892
2025-11-07 06:25:17.554219,Zurich,119,36.761,56.157
2025-11-07 07:25:17.554219,Zurich,156,18.796,46.854
2025-11-07 08:25:17.554219,Zurich,78,8.266,51.271
2025-11-07 09:25:17.554219,Zurich,123,31.238,47.02
2025-11-07 10:25:17.554219,Zurich,69,20.253,65.871
2025-11-07 11:25:17.554219,Zurich,95,6.185,69.317
2025-11-07 12:25:17.554219,Zurich,95,36.414,54.194
2025-11-07 13:25:17.554219,Zurich,101,20.054,49.24
2025-11-07 14:25:17.554219,Zurich,136,30.331,69.972
2025-11-07 15:25:17.554219,Zurich,161,24.424,31.653
2025-11-07 16:25:17.554219,Zurich,132,15.678,57.586
2025-11-07 17:25:17.554219,Zurich,139,29.649,50.137
2025-11-07 18:25:17.554219,Zurich,92,18.975,46.455
2025-11-07 19:25:17.554219,Zurich,48,30.883,72.998
2025-11-07 20:25:17.554219,Zurich,93,13.209,63.897
2025-11-07 21:25:17.554219,Zurich,150,34.148,60.513
2025-11-07 22:25:17.554219,Zurich,94,13.282,81.596
2025-11-07 23:25:17.554219,Zurich,79,11.558,50.828
2025-11-08 00:25:17.554219,Zurich,115,13.056,29.394
2025-11-08 01:25:17.554219,Zurich,108,13.661,31.677
2025-11-08 02:25:17.554219,Zurich,135,12.798,43.502
2025-11-08 03:25:17.554219,Zurich,93,28.613,29.682
2025-11-08 04:25:17.554219,Zurich,82,25.974,62.465
2025-11-08 05:25:17.554219,Zurich,98,12.639,77.973
2025-11-08 06:25:17.554219,Zurich,97,23.251,57.299
2025-11-08 07:25:17.554219,Zurich,71,37.811,79.084
2025-11-08 08:25:17.554219,Zurich,131,37.497,25.779
2025-11-08 09:25:17.554219,Zurich,141,28.547,68.457
2025-11-08 10:25:17.554219,Zurich,124,19.915,38.88
2025-11-08 11:25:17.554219,Zurich,112,11.444,82.988
2025-11-08 12:25:17.554219,Zurich,83,25.214,50.864
2025-11-08 13:25:17.554219,Zurich,104,34.424,87.162
2025-11-08 14:25:17.554219,Zurich,86,12.453,87.296
2025-11-08 15:25:17.554219,Zurich,97,7.843,26.826
2025-11-08 16:25:17.554219,Zurich,115,25.354,30.818
2025-11-08 17:25:17.554219,Zurich,120,32.532,84.475
2025-11-08 18:25:17.554219,Zurich,86,28.783,56.883
2025-11-08 19:25:17.554219,Zurich,124,30.963,26.731
2025-11-08 20:25:17.554219,Zurich,97,13.504,85.552
2025-11-08 21:25:17.554219,Zurich,80,14.278,87.503
2025-11-08 22:25:17.554219,Zurich,85,34.384,44.753
2025-11-08 23:25:17.554219,Zurich,114,31.6,64.334
2025-11-09 00:25:17.554219,Zurich,122,33.676,39.67
2025-11-09 01:25:17.554219,Zurich,99,21.223,29.62
2025-11-09 02:25:17.554219,Zurich,127,23.397,61.002
2025-11-09 03:25:17.554219,Zurich,71,25.06,85.112
2025-11-09 04:25:17.554219,Zurich,118,28.405,85.289
2025-11-09 05:25:17.554219,Zurich,129,12.658,64.273
2025-11-09 06:25:17.554219,Zurich,122,13.333,72.06
2025-11-09 07:25:17.554219,Zurich,95,19.508,69.098
2025-11-09 08:25:17.554219,Zurich,95,31.095,41.731
2025-11-09 09:25:17.554219,Zurich,76,17.668,40.611
2025-11-09 10:25:17.554219,Zurich,102,13.019,38.165
2025-11-09 11:25:17.554219,Zurich,102,5.043,38.214
2025-11-09 12:25:17.554219,Zurich,92,35.7,29.922
2025-11-09 13:25:17.554219,Zurich,93,29.822,47.073
2025-11-09 14:25:17.554219,Zurich,124,12.805,42.471
2025-11-09 15:25:17.554219,Zurich,92,8.443,55.094
2025-11-09 16:25:17.554219,Zurich,134,17.623,68.844
2025-11-09 17:25:17.554219,Zurich,105,36.426,78.348
2025-11-09 18:25:17.554219,Zurich,98,19.036,54.225
2025-11-09 19:25:17.554219,Zurich,110,34,45.706
2025-11-09 20:25:17.554219,Zurich,90,36.573,80.232
2025-11-09 21:25:17.554219,Zurich,80,19.799,31.976
2025-11-09 22:25:17.554219,Zurich,98,30.661,73.669
2025-11-09 23:25:17.554219,Zurich,99,27.949,46.668
2025-11-10 00:25:17.554219,Zurich,124,6.074,37.967
2025-11-10 01:25:17.554219,Zurich,177,7.87,51.028
2025-11-10 02:25:17.554219,Zurich,122,26.215,36.698
2025-11-10 03:25:17.554219,Zurich,100,35.719,84.278
2025-11-10 04:25:17.554219,Zurich,82,36.485,41.983
2025-11-10 05:25:17.554219,Zurich,105,6.431,59.847
2025-11-10 06:25:17.554219,Zurich,112,17.314,31.837
2025-11-10 07:25:17.554219,Zurich,147,15.603,76.825
2025-11-10 08:25:17.554219,Zurich,176,18.013,83.859
2025-11-10 09:25:17.554219,Zurich,77,24.332,73.727
2025-11-10 10:25:17.554219,Zurich,92,15.247,29.584
2025-11-10 11:25:17.554219,Zurich,136,25.11,69.767
2025-11-10 12:25:17.554219,Zurich,80,12.731,38.664
2025-11-10 13:25:17.554219,Zurich,110,29.423,47.703
2025-11-10 14:25:17.554219,Zurich,63,5.899,25.189
2025-11-10 15:25:17.554219,Zurich,95,18.426,65.085
2025-11-10 16:25:17.554219,Zurich,116,21.004,31.65
2025-11-10 17:25:17.554219,Zurich,137,10.235,40.004
2025-11-10 18:25:17.554219,Zurich,98,26.863,34.652
2025-11-10 19:25:17.554219,Zurich,88,8.424,57.263
2025-11-10 20:25:17.554219,Zurich,146,28.188,28.606
2025-11-10 21:25:17.554219,Zurich,107,23.718,81.63
2025-11-10 22:25:17.554219,Zurich,107,23.067,84.198
2025-11-10 23:25:17.554219,Zurich,63,33.492,42.314
2025-11-11 00:25:17.554219,Zurich,146,36.953,32.281
2025-11-11 01:25:17.554219,Zurich,116,10.792,89.526
2025-11-11 02:25:17.554219,Zurich,99,36.754,38.212
2025-11-11 03:25:17.554219,Zurich,98,31.588,52.339
2025-11-11 04:25:17.554219,Zurich,75,32.604,37.388
2025-11-11 05:25:17.554219,Zurich,59,17.76,73.078
2025-11-11 06:25:17.554219,Zurich,118,26.43,31.191
2025-11-11 07:25:17.554219,Zurich,170,34.378,35.373
2025-11-11 08:25:17.554219,Zurich,109,35.1,71.269
2025-11-11 09:25:17.554219,Zurich,65,22.755,66.779
2025-11-11 10:25:17.554219,Zurich,84,30.455,27.817
2025-11-11 11:25:17.554219,Zurich,125,5.871,84.173
2025-11-11 12:25:17.554219,Zurich,72,15.083,60.757
2025-11-11 13:25:17.554219,Zurich,84,12.947,78.05
2025-11-11 14:25:17.554219,Zurich,127,28.663,60.607
2025-11-11 15:25:17.554219,Zurich,97,7.205,30.792
2025-11-11 16:25:17.554219,Zurich,129,6.064,58.692
2025-11-11 17:25:17.554219,Zurich,120,29.851,53.296
2025-11-11 18:25:17.554219,Zurich,136,17.984,75.682
2025-11-11 19:25:17.554219,Zurich,104,16.705,54.439
2025-11-11 20:25:17.554219,Zurich,80,7.283,55.832
2025-11-11 21:25:17.554219,Zurich,45,24.056,74.286
2025-11-11 22:25:17.554219,Zurich,101,30.373,55.424
2025-11-11 23:25:17.554219,Zurich,129,5.174,29.253
2025-11-12 00:25:17.554219,Zurich,102,36.031,41.828
2025-11-12 01:25:17.554219,Zurich,203,20.883,70.201
2025-11-12 02:25:17.554219,Zurich,138,26.607,53.616
2025-11-12 03:25:17.554219,Zurich,130,26.796,66.721
2025-11-12 04:25:17.554219,Zurich,80,27.401,73.248
2025-11-12 05:25:17.554219,Zurich,114,6.769,50.83
2025-11-12 06:25:17.554219,Zurich,110,22.449,65.728
2025-11-12 07:25:17.554219,Zurich,166,35.425,78.88
2025-11-12 08:25:17.554219,Zurich,167,36.316,47.328
2025-11-12 09:25:17.554219,Zurich,92,7.683,33.022
2025-11-12 10:25:17.554219,Zurich,95,13.035,75.217
2025-11-12 11:25:17.554219,Zurich,70,10.982,45.68
2025-11-12 12:25:17.554219,Zurich,105,30.494,50.123
2025-11-12 13:25:17.554219,Zurich,102,25.427,28.01
2025-11-12 14:25:17.554219,Zurich,83,21.854,71.271
2025-11-12 15:25:17.554219,Zurich,85,13.055,52.14
2025-11-12 16:25:17.554219,Zurich,100,28.213,30.603
2025-11-12 17:25:17.554219,Zurich,106,19.368,72.189
2025-11-12 18:25:17.554219,Zurich,99,32.266,53.787
2025-11-12 19:25:17.554219,Zurich,90,29.276,37.555
2025-11-12 20:25:17.554219,Zurich,112,30.383,74.82
2025-11-12 21:25:17.554219,Zurich,125,29.632,28.249
2025-11-12 22:25:17.554219,Zurich,78,12.447,59.872
2025-11-12 23:25:17.554219,Zurich,75,32.037,39.232
2025-11-13 00:25:17.554219,Zurich,94,24.598,36.235
2025-11-13 01:25:17.554219,Zurich,127,30.307,47.49
2025-11-13 02:25:17.554219,Zurich,127,24.086,49.767
2025-11-13 03:25:17.554219,Zurich,94,7.349,46.148
2025-11-13 04:25:17.554219,Zurich,127,37.897,52.954
2025-11-13 05:25:17.554219,Zurich,53,19.618,47.61
2025-11-13 06:25:17.554219,Zurich,119,31.092,59.298
2025-11-13 07:25:17.554219,Zurich,87,10,30.685
2025-11-13 08:25:17.554219,Zurich,102,21.688,72.875
2025-11-13 09:25:17.554219,Zurich,88,35.698,28.133
2025-11-13 10:25:17.554219,Zurich,127,37.543,80.728
2025-11-13 11:25:17.554219,Zurich,83,24.157,77.087
2025-11-13 12:25:17.554219,Zurich,100,5.764,42.25
2025-11-13 13:25:17.554219,Zurich,93,22.69,74.211
2025-11-13 14:25:17.554219,Zurich,93,7.249,81.637
2025-11-13 15:25:17.554219,Zurich,106,23.644,46.043
2025-11-13 16:25:17.554219,Zurich,78,33.094,46.075
2025-11-13 17:25:17.554219,Zurich,149,15.354,84.477
2025-11-13 18:25:17.554219,Zurich,73,10.196,53.148
2025-11-13 19:25:17.554219,Zurich,93,23.558,30.153
2025-11-13 20:25:17.554219,Zurich,94,21.733,36.033
2025-11-13 21:25:17.554219,Zurich,86,8.839,86.351
2025-11-13 22:25:17.554219,Zurich,80,17.566,52.895
2025-11-13 23:25:17.554219,Zurich,103,18.596,67.077
2025-11-14 00:25:17.554219,Zurich,76,31.202,25.811
2025-11-14 01:25:17.554219,Zurich,143,30.494,46.443
2025-11-14 02:25:17.554219,Zurich,73,8.438,85.604
2025-11-14 03:25:17.554219,Zurich,96,26.564,75.883
2025-11-14 04:25:17.554219,Zurich,140,35.722,84.304
2025-11-14 05:25:17.554219,Zurich,106,17.768,54.461
2025-11-14 06:25:17.554219,Zurich,93,20.007,78.638
2025-11-14 07:25:17.554219,Zurich,110,18.923,55.862
2025-11-14 08:25:17.554219,Zurich,94,15.883,31.923
2025-11-14 09:25:17.554219,Zurich,87,21.154,83.568
2025-11-14 10:25:17.554219,Zurich,89,36.576,39.141
2025-11-14 11:25:17.554219,Zurich,131,10.314,81.279
2025-11-14 12:25:17.554219,Zurich,146,37.732,52.675
2025-11-14 13:25:17.554219,Zurich,92,31.775,57.914
2025-11-14 14:25:17.554219,Zurich,58,14.257,64.023
2025-11-14 15:25:17.554219,Zurich,112,31.967,67.854
2025-11-14 16:25:17.554219,Zurich,97,28.794,27.782
2025-11-14 17:25:17.554219,Zurich,79,12.333,54.225
2025-11-14 18:25:17.554219,Zurich,105,8.16,43.899
2025-11-14 19:25:17.554219,Zurich,116,31.725,85.07
2025-11-14 20:25:17.554219,Zurich,101,8.722,56.696
2025-11-14 21:25:17.554219,Zurich,129,36.133,48.557
2025-11-14 22:25:17.554219,Zurich,120,12.499,61.67
2025-11-14 23:25:17.554219,Zurich,190,6.196,32.675
2025-11-15 00:25:17.554219,Zurich,185,17.023,39.594
2025-11-15 01:25:17.554219,Zurich,72,19.819,70.27
2025-11-15 02:25:17.554219,Zurich,162,8.356,82.557
2025-11-15 03:25:17.554219,Zurich,115,17.667,35.614
2025-11-15 04:25:17.554219,Zurich,94,20.139,74.815
2025-11-15 05:25:17.554219,Zurich,81,33.824,29.868
2025-11-15 06:25:17.554219,Zurich,117,19.63,67.878
2025-11-15 07:25:17.554219,Zurich,115,21.151,46.169
2025-11-15 08:25:17.554219,Zurich,90,15.371,68.014
2025-11-15 09:25:17.554219,Zurich,93,10.486,48.644
2025-11-15 10:25:17.554219,Zurich,113,13.123,39.036
2025-11-15 11:25:17.554219,Zurich,90,8.735,70.143
2025-11-15 12:25:17.554219,Zurich,101,30.501,80.451
2025-11-15 13:25:17.554219,Zurich,54,5.254,54.736
2025-11-15 14:25:17.554219,Zurich,106,5.089,53.765
2025-11-15 15:25:17.554219,Zurich,101,22.949,35.538
2025-11-15 16:25:17.554219,Zurich,105,35.027,77.145
2025-11-15 17:25:17.554219,Zurich,98,31.037,65.578
2025-11-15 18:25:17.554219,Zurich,132,25.984,42.716
2025-11-15 19:25:17.554219,Zurich,104,13.107,87.28
2025-11-15 20:25:17.554219,Zurich,89,14.912,63.68
2025-11-15 21:25:17.554219,Zurich,58,20.594,83.712
2025-11-15 22:25:17.554219,Zurich,95,34.751,29.271
2025-11-15 23:25:17.554219,Zurich,125,11.82,67.617
2025-11-16 00:25:17.554219,Zurich,117,16.992,32.19
2025-11-16 01:25:17.554219,Zurich,103,33.186,62.554
2025-11-16 02:25:17.554219,Zurich,131,29.314,25.627
2025-11-16 03:25:17.554219,Zurich,93,29.804,34.336
2025-11-16 04:25:17.554219,Zurich,119,16.712,31.419
2025-11-16 05:25:17.554219,Zurich,92,20.986,77.586
2025-11-16 06:25:17.554219,Zurich,106,25.161,33.688
2025-11-16 07:25:17.554219,Zurich,148,15.519,37.778
2025-11-16 08:25:17.554219,Zurich,98,25.141,45.846
2025-11-16 09:25:17.554219,Zurich,104,5.74,45.67
2025-11-16 10:25:17.554219,Zurich,105,34.205,88.697
2025-11-16 11:25:17.554219,Zurich,81,35.206,75.327
2025-11-16 12:25:17.554219,Zurich,144,14.844,38.527
2025-11-16 13:25:17.554219,Zurich,91,18.604,85.948
2025-11-16 14:25:17.554219,Zurich,115,16.377,61.125
2025-11-16 15:25:17.554219,Zurich,120,26.09,42.703
2025-11-16 16:25:17.554219,Zurich,110,7.368,81.561
2025-11-16 17:25:17.554219,Zurich,102,12.399,88.007
2025-11-16 18:25:17.554219,Zurich,111,31.385,30.552
2025-11-16 19:25:17.554219,Zurich,134,16.753,48.686
2025-11-16 20:25:17.554219,Zurich,74,23.657,28.398
2025-11-16 21:25:17.554219,Zurich,99,5.917,72.397
2025-11-16 22:25:17.554219,Zurich,108,31.322,39.949
2025-11-16 23:25:17.554219,Zurich,140,9.986,37.198
2025-11-17 00:25:17.554219,Zurich,89,10.568,25.509
2025-11-17 01:25:17.554219,Zurich,102,18.505,83.417
2025-11-17 02:25:17.554219,Zurich,122,29.375,89.472
2025-11-17 03:25:17.554219,Zurich,93,21.631,51.561
2025-11-17 04:25:17.554219,Zurich,99,23.216,60.073
2025-11-17 05:25:17.554219,Zurich,83,24.542,84.768
2025-11-17 06:25:17.554219,Zurich,114,32.296,26.376
2025-11-17 07:25:17.554219,Zurich,96,24.971,56.369
2025-11-17 08:25:17.554219,Zurich,91,24.902,48.27
2025-11-17 09:25:17.554219,Zurich,78,6.085,68.019
2025-11-17 10:25:17.554219,Zurich,91,20.08,31.942
2025-11-17 11:25:17.554219,Zurich,111,9.051,50.447
2025-11-17 12:25:17.554219,Zurich,124,10.158,41.376
2025-11-17 13:25:17.554219,Zurich,107,32.584,81.544
2025-11-17 14:25:17.554219,Zurich,131,9.251,66.153
2025-11-17 15:25:17.554219,Zurich,120,27.262,66.893
2025-11-17 16:25:17.554219,Zurich,140,36.885,34.173
2025-11-17 17:25:17.554219,Zurich,113,23.582,31.741
2025-11-17 18:25:17.554219,Zurich,116,27.219,37.122
2025-11-17 19:25:17.554219,Zurich,95,13.72,43.101
2025-11-17 20:25:17.554219,Zurich,112,21.518,30.375
2025-11-17 21:25:17.554219,Zurich,126,19.889,58.335
2025-11-17 22:25:17.554219,Zurich,79,34.794,59.895
2025-11-17 23:25:17.554219,Zurich,93,13.338,58.248
2025-11-18 00:25:17.554219,Zurich,104,18.172,59.831
2025-11-18 01:25:17.554219,Zurich,139,27.633,27.95
2025-11-18 02:25:17.554219,Zurich,105,26.69,36.852
2025-11-18 03:25:17.554219,Zurich,119,26.559,57.25
2025-11-18 04:25:17.554219,Zurich,47,32.809,27.252
2025-11-18 05:25:17.554219,Zurich,126,8.585,26.913
2025-11-18 06:25:17.554219,Zurich,68,22.68,42.963
2025-11-18 07:25:17.554219,Zurich,109,26.862,73.908
2025-11-18 08:25:17.554219,Zurich,86,20.998,79.921
2025-11-18 09:25:17.554219,Zurich,127,13.622,84.334
2025-11-18 10:25:17.554219,Zurich,143,28.369,60.224
2025-11-18 11:25:17.554219,Zurich,58,10.549,70.89
2025-11-18 12:25:17.554219,Zurich,141,28.966,84.326
2025-11-18 13:25:17.554219,Zurich,114,7.118,70.83
2025-11-18 14:25:17.554219,Zurich,75,32.541,29.417
2025-11-18 15:25:17.554219,Zurich,65,32.841,85.192
2025-11-18 16:25:17.554219,Zurich,74,11.096,65.018
2025-11-18 17:25:17.554219,Zurich,111,30.761,76.073
2025-11-18 18:25:17.554219,Zurich,146,30.909,81.573
2025-11-18 19:25:17.554219,Zurich,98,9.694,55.02
2025-11-18 20:25:17.554219,Zurich,118,10.672,31.159
2025-11-18 21:25:17.554219,Zurich,56,34.984,71.501
2025-11-18 22:25:17.554219,Zurich,72,6.622,40.546
2025-11-18 23:25:17.554219,Zurich,111,19.201,62.779
2025-11-19 00:25:17.554219,Zurich,83,18.961,82.495
2025-11-19 01:25:17.554219,Zurich,84,35.02,71.804
2025-11-19 02:25:17.554219,Zurich,89,10.711,45.901
2025-11-19 03:25:17.554219,Zurich,126,20.346,28.876
2025-11-19 04:25:17.554219,Zurich,38,14.021,53.164
2025-11-19 05:25:17.554219,Zurich,118,16.741,25.172
2025-11-19 06:25:17.554219,Zurich,122,13.982,30.822
2025-11-19 07:25:17.554219,Zurich,93,10.15,75.423
2025-11-19 08:25:17.554219,Zurich,59,32.144,67.18
2025-11-19 09:25:17.554219,Zurich,104,32.556,31.372
2025-11-19 10:25:17.554219,Zurich,91,14.728,70.076
2025-11-19 11:25:17.554219,Zurich,153,20.437,79.602
2025-11-19 12:25:17.554219,Zurich,94,35.439,77.027
2025-11-19 13:25:17.554219,Zurich,103,7.079,52.443
2025-11-19 14:25:17.554219,Zurich,105,28.734,85.678
2025-11-19 15:25:17.554219,Zurich,122,21.951,72.311
2025-11-19 16:25:17.554219,Zurich,95,24.042,31.88
2025-11-19 17:25:17.554219,Zurich,88,8.529,59.104
